-- MySQL dump 10.13  Distrib 8.0.30, for macos12.4 (x86_64)
--
-- Host: localhost    Database: wowy
-- ------------------------------------------------------
-- Server version	8.0.29

/*!40101 SET @OLD_CHARACTER_SET_CLIENT=@@CHARACTER_SET_CLIENT */;
/*!40101 SET @OLD_CHARACTER_SET_RESULTS=@@CHARACTER_SET_RESULTS */;
/*!40101 SET @OLD_COLLATION_CONNECTION=@@COLLATION_CONNECTION */;
/*!50503 SET NAMES utf8mb4 */;
/*!40103 SET @OLD_TIME_ZONE=@@TIME_ZONE */;
/*!40103 SET TIME_ZONE='+00:00' */;
/*!40014 SET @OLD_UNIQUE_CHECKS=@@UNIQUE_CHECKS, UNIQUE_CHECKS=0 */;
/*!40014 SET @OLD_FOREIGN_KEY_CHECKS=@@FOREIGN_KEY_CHECKS, FOREIGN_KEY_CHECKS=0 */;
/*!40101 SET @OLD_SQL_MODE=@@SQL_MODE, SQL_MODE='NO_AUTO_VALUE_ON_ZERO' */;
/*!40111 SET @OLD_SQL_NOTES=@@SQL_NOTES, SQL_NOTES=0 */;

--
-- Table structure for table `activations`
--

DROP TABLE IF EXISTS `activations`;
/*!40101 SET @saved_cs_client     = @@character_set_client */;
/*!50503 SET character_set_client = utf8mb4 */;
CREATE TABLE `activations` (
  `id` bigint unsigned NOT NULL AUTO_INCREMENT,
  `user_id` int unsigned NOT NULL,
  `code` varchar(120) CHARACTER SET utf8mb4 COLLATE utf8mb4_unicode_ci NOT NULL,
  `completed` tinyint(1) NOT NULL DEFAULT '0',
  `completed_at` timestamp NULL DEFAULT NULL,
  `created_at` timestamp NULL DEFAULT NULL,
  `updated_at` timestamp NULL DEFAULT NULL,
  PRIMARY KEY (`id`),
  KEY `activations_user_id_index` (`user_id`)
) ENGINE=InnoDB AUTO_INCREMENT=2 DEFAULT CHARSET=utf8mb4 COLLATE=utf8mb4_unicode_ci;
/*!40101 SET character_set_client = @saved_cs_client */;

--
-- Dumping data for table `activations`
--

LOCK TABLES `activations` WRITE;
/*!40000 ALTER TABLE `activations` DISABLE KEYS */;
INSERT INTO `activations` VALUES (1,1,'vYddzv7XT3BFEm7ZeGxzVDGSMHp8NxMI',1,'2022-08-25 18:53:04','2022-08-25 18:53:04','2022-08-25 18:53:04');
/*!40000 ALTER TABLE `activations` ENABLE KEYS */;
UNLOCK TABLES;

--
-- Table structure for table `ads`
--

DROP TABLE IF EXISTS `ads`;
/*!40101 SET @saved_cs_client     = @@character_set_client */;
/*!50503 SET character_set_client = utf8mb4 */;
CREATE TABLE `ads` (
  `id` bigint unsigned NOT NULL AUTO_INCREMENT,
  `name` varchar(255) CHARACTER SET utf8mb4 COLLATE utf8mb4_unicode_ci NOT NULL,
  `expired_at` datetime DEFAULT NULL,
  `location` varchar(120) CHARACTER SET utf8mb4 COLLATE utf8mb4_unicode_ci DEFAULT NULL,
  `key` varchar(120) CHARACTER SET utf8mb4 COLLATE utf8mb4_unicode_ci NOT NULL,
  `image` varchar(255) CHARACTER SET utf8mb4 COLLATE utf8mb4_unicode_ci DEFAULT NULL,
  `url` varchar(255) CHARACTER SET utf8mb4 COLLATE utf8mb4_unicode_ci DEFAULT NULL,
  `clicked` bigint NOT NULL DEFAULT '0',
  `order` int DEFAULT '0',
  `status` varchar(60) CHARACTER SET utf8mb4 COLLATE utf8mb4_unicode_ci NOT NULL DEFAULT 'published',
  `created_at` timestamp NULL DEFAULT NULL,
  `updated_at` timestamp NULL DEFAULT NULL,
  PRIMARY KEY (`id`),
  UNIQUE KEY `ads_key_unique` (`key`)
) ENGINE=InnoDB AUTO_INCREMENT=7 DEFAULT CHARSET=utf8mb4 COLLATE=utf8mb4_unicode_ci;
/*!40101 SET character_set_client = @saved_cs_client */;

--
-- Dumping data for table `ads`
--

LOCK TABLES `ads` WRITE;
/*!40000 ALTER TABLE `ads` DISABLE KEYS */;
INSERT INTO `ads` VALUES (1,'Smart Offer','2027-08-26 00:00:00','not_set','IZ6WU8KUALYD','promotion/1.png','/products',0,1,'published','2022-08-25 18:53:07','2022-08-25 18:53:07'),(2,'Sale off','2027-08-26 00:00:00','not_set','ILSFJVYFGCPZ','promotion/2.png','/products',0,2,'published','2022-08-25 18:53:07','2022-08-25 18:53:07'),(3,'New Arrivals','2027-08-26 00:00:00','not_set','ILSDKVYFGXPH','promotion/3.png','/products',0,3,'published','2022-08-25 18:53:07','2022-08-25 18:53:07'),(4,'Gaming Area','2027-08-26 00:00:00','not_set','ILSDKVYFGXPJ','promotion/4.png','/products',0,4,'published','2022-08-25 18:53:07','2022-08-25 18:53:07'),(5,'Smart Offer','2027-08-26 00:00:00','not_set','IZ6WU8KUALYE','promotion/5.png','/products',0,5,'published','2022-08-25 18:53:07','2022-08-25 18:53:07'),(6,'Repair Services','2027-08-26 00:00:00','banner-big','IZ6WU8KUALYF','promotion/6.png','/products',0,6,'published','2022-08-25 18:53:07','2022-08-25 18:53:07');
/*!40000 ALTER TABLE `ads` ENABLE KEYS */;
UNLOCK TABLES;

--
-- Table structure for table `ads_translations`
--

DROP TABLE IF EXISTS `ads_translations`;
/*!40101 SET @saved_cs_client     = @@character_set_client */;
/*!50503 SET character_set_client = utf8mb4 */;
CREATE TABLE `ads_translations` (
  `lang_code` varchar(191) CHARACTER SET utf8mb4 COLLATE utf8mb4_unicode_ci NOT NULL,
  `ads_id` int NOT NULL,
  `name` varchar(255) CHARACTER SET utf8mb4 COLLATE utf8mb4_unicode_ci DEFAULT NULL,
  `image` varchar(255) CHARACTER SET utf8mb4 COLLATE utf8mb4_unicode_ci DEFAULT NULL,
  `url` varchar(255) CHARACTER SET utf8mb4 COLLATE utf8mb4_unicode_ci DEFAULT NULL,
  PRIMARY KEY (`lang_code`,`ads_id`)
) ENGINE=InnoDB DEFAULT CHARSET=utf8mb4 COLLATE=utf8mb4_unicode_ci;
/*!40101 SET character_set_client = @saved_cs_client */;

--
-- Dumping data for table `ads_translations`
--

LOCK TABLES `ads_translations` WRITE;
/*!40000 ALTER TABLE `ads_translations` DISABLE KEYS */;
INSERT INTO `ads_translations` VALUES ('vi',1,'Smart Offer','promotion/1.png','/vi/products'),('vi',2,'Sale off','promotion/2.png','/vi/products'),('vi',3,'New Arrivals','promotion/3.png','/vi/products'),('vi',4,'Gaming Area','promotion/4.png','/vi/products'),('vi',5,'Smart Offer','promotion/5.png','/vi/products'),('vi',6,'Repair Services','promotion/6.png','/vi/products');
/*!40000 ALTER TABLE `ads_translations` ENABLE KEYS */;
UNLOCK TABLES;

--
-- Table structure for table `audit_histories`
--

DROP TABLE IF EXISTS `audit_histories`;
/*!40101 SET @saved_cs_client     = @@character_set_client */;
/*!50503 SET character_set_client = utf8mb4 */;
CREATE TABLE `audit_histories` (
  `id` bigint unsigned NOT NULL AUTO_INCREMENT,
  `user_id` int unsigned NOT NULL,
  `module` varchar(60) CHARACTER SET utf8mb4 COLLATE utf8mb4_unicode_ci NOT NULL,
  `request` text CHARACTER SET utf8mb4 COLLATE utf8mb4_unicode_ci,
  `action` varchar(120) CHARACTER SET utf8mb4 COLLATE utf8mb4_unicode_ci NOT NULL,
  `user_agent` text CHARACTER SET utf8mb4 COLLATE utf8mb4_unicode_ci,
  `ip_address` varchar(39) CHARACTER SET utf8mb4 COLLATE utf8mb4_unicode_ci DEFAULT NULL,
  `reference_user` int unsigned NOT NULL,
  `reference_id` int unsigned NOT NULL,
  `reference_name` varchar(255) CHARACTER SET utf8mb4 COLLATE utf8mb4_unicode_ci NOT NULL,
  `type` varchar(20) CHARACTER SET utf8mb4 COLLATE utf8mb4_unicode_ci NOT NULL,
  `created_at` timestamp NULL DEFAULT NULL,
  `updated_at` timestamp NULL DEFAULT NULL,
  PRIMARY KEY (`id`),
  KEY `audit_histories_user_id_index` (`user_id`),
  KEY `audit_histories_module_index` (`module`)
) ENGINE=InnoDB DEFAULT CHARSET=utf8mb4 COLLATE=utf8mb4_unicode_ci;
/*!40101 SET character_set_client = @saved_cs_client */;

--
-- Dumping data for table `audit_histories`
--

LOCK TABLES `audit_histories` WRITE;
/*!40000 ALTER TABLE `audit_histories` DISABLE KEYS */;
/*!40000 ALTER TABLE `audit_histories` ENABLE KEYS */;
UNLOCK TABLES;

--
-- Table structure for table `categories`
--

DROP TABLE IF EXISTS `categories`;
/*!40101 SET @saved_cs_client     = @@character_set_client */;
/*!50503 SET character_set_client = utf8mb4 */;
CREATE TABLE `categories` (
  `id` bigint unsigned NOT NULL AUTO_INCREMENT,
  `name` varchar(120) CHARACTER SET utf8mb4 COLLATE utf8mb4_unicode_ci NOT NULL,
  `parent_id` int unsigned NOT NULL DEFAULT '0',
  `description` varchar(400) CHARACTER SET utf8mb4 COLLATE utf8mb4_unicode_ci DEFAULT NULL,
  `status` varchar(60) CHARACTER SET utf8mb4 COLLATE utf8mb4_unicode_ci NOT NULL DEFAULT 'published',
  `author_id` int NOT NULL,
  `author_type` varchar(255) CHARACTER SET utf8mb4 COLLATE utf8mb4_unicode_ci NOT NULL DEFAULT 'Botble\\ACL\\Models\\User',
  `icon` varchar(60) CHARACTER SET utf8mb4 COLLATE utf8mb4_unicode_ci DEFAULT NULL,
  `order` tinyint NOT NULL DEFAULT '0',
  `is_featured` tinyint NOT NULL DEFAULT '0',
  `is_default` tinyint unsigned NOT NULL DEFAULT '0',
  `created_at` timestamp NULL DEFAULT NULL,
  `updated_at` timestamp NULL DEFAULT NULL,
  PRIMARY KEY (`id`),
  KEY `parent_id` (`parent_id`),
  KEY `status` (`status`),
  KEY `created_at` (`created_at`)
) ENGINE=InnoDB AUTO_INCREMENT=5 DEFAULT CHARSET=utf8mb4 COLLATE=utf8mb4_unicode_ci;
/*!40101 SET character_set_client = @saved_cs_client */;

--
-- Dumping data for table `categories`
--

LOCK TABLES `categories` WRITE;
/*!40000 ALTER TABLE `categories` DISABLE KEYS */;
INSERT INTO `categories` VALUES (1,'Ecommerce',0,'Voluptas blanditiis et sint hic. Officia repellendus atque laudantium est odit cum. Quidem quia culpa voluptas ea voluptas et expedita. Aliquid eum aut molestiae eos amet quia est.','published',1,'Botble\\ACL\\Models\\User',NULL,0,0,1,'2022-08-25 18:53:03','2022-08-25 18:53:03'),(2,'Fashion',0,'Repellendus minima et iste. Incidunt et qui in. Ut at quasi in sit veniam.','published',1,'Botble\\ACL\\Models\\User',NULL,0,1,0,'2022-08-25 18:53:03','2022-08-25 18:53:03'),(3,'Electronic',0,'Sit est blanditiis quod rerum exercitationem est sed aut. Non et est ut ullam expedita. Qui et fugit error sunt sint quis inventore incidunt. Est non quis nemo sunt.','published',1,'Botble\\ACL\\Models\\User',NULL,0,1,0,'2022-08-25 18:53:03','2022-08-25 18:53:03'),(4,'Commercial',0,'Rerum fuga similique eum esse deleniti. Adipisci velit natus sunt et quo. Praesentium molestias est unde.','published',1,'Botble\\ACL\\Models\\User',NULL,0,1,0,'2022-08-25 18:53:03','2022-08-25 18:53:03');
/*!40000 ALTER TABLE `categories` ENABLE KEYS */;
UNLOCK TABLES;

--
-- Table structure for table `categories_translations`
--

DROP TABLE IF EXISTS `categories_translations`;
/*!40101 SET @saved_cs_client     = @@character_set_client */;
/*!50503 SET character_set_client = utf8mb4 */;
CREATE TABLE `categories_translations` (
  `lang_code` varchar(191) CHARACTER SET utf8mb4 COLLATE utf8mb4_unicode_ci NOT NULL,
  `categories_id` int NOT NULL,
  `name` varchar(255) CHARACTER SET utf8mb4 COLLATE utf8mb4_unicode_ci DEFAULT NULL,
  `description` varchar(400) CHARACTER SET utf8mb4 COLLATE utf8mb4_unicode_ci DEFAULT NULL,
  PRIMARY KEY (`lang_code`,`categories_id`)
) ENGINE=InnoDB DEFAULT CHARSET=utf8mb4 COLLATE=utf8mb4_unicode_ci;
/*!40101 SET character_set_client = @saved_cs_client */;

--
-- Dumping data for table `categories_translations`
--

LOCK TABLES `categories_translations` WRITE;
/*!40000 ALTER TABLE `categories_translations` DISABLE KEYS */;
INSERT INTO `categories_translations` VALUES ('vi',1,'Thương mại điện tử',NULL),('vi',2,'Thời trang',NULL),('vi',3,'Điện tử',NULL),('vi',4,'Thương mại',NULL);
/*!40000 ALTER TABLE `categories_translations` ENABLE KEYS */;
UNLOCK TABLES;

--
-- Table structure for table `cities`
--

DROP TABLE IF EXISTS `cities`;
/*!40101 SET @saved_cs_client     = @@character_set_client */;
/*!50503 SET character_set_client = utf8mb4 */;
CREATE TABLE `cities` (
  `id` bigint unsigned NOT NULL AUTO_INCREMENT,
  `name` varchar(120) CHARACTER SET utf8mb4 COLLATE utf8mb4_unicode_ci NOT NULL,
  `state_id` int unsigned NOT NULL,
  `country_id` int unsigned DEFAULT NULL,
  `record_id` varchar(40) CHARACTER SET utf8mb4 COLLATE utf8mb4_unicode_ci DEFAULT NULL,
  `order` tinyint NOT NULL DEFAULT '0',
  `is_default` tinyint unsigned NOT NULL DEFAULT '0',
  `status` varchar(60) CHARACTER SET utf8mb4 COLLATE utf8mb4_unicode_ci NOT NULL DEFAULT 'published',
  `created_at` timestamp NULL DEFAULT NULL,
  `updated_at` timestamp NULL DEFAULT NULL,
  PRIMARY KEY (`id`)
) ENGINE=InnoDB DEFAULT CHARSET=utf8mb4 COLLATE=utf8mb4_unicode_ci;
/*!40101 SET character_set_client = @saved_cs_client */;

--
-- Dumping data for table `cities`
--

LOCK TABLES `cities` WRITE;
/*!40000 ALTER TABLE `cities` DISABLE KEYS */;
/*!40000 ALTER TABLE `cities` ENABLE KEYS */;
UNLOCK TABLES;

--
-- Table structure for table `cities_translations`
--

DROP TABLE IF EXISTS `cities_translations`;
/*!40101 SET @saved_cs_client     = @@character_set_client */;
/*!50503 SET character_set_client = utf8mb4 */;
CREATE TABLE `cities_translations` (
  `lang_code` varchar(191) CHARACTER SET utf8mb4 COLLATE utf8mb4_unicode_ci NOT NULL,
  `cities_id` int NOT NULL,
  `name` varchar(120) CHARACTER SET utf8mb4 COLLATE utf8mb4_unicode_ci DEFAULT NULL,
  PRIMARY KEY (`lang_code`,`cities_id`)
) ENGINE=InnoDB DEFAULT CHARSET=utf8mb4 COLLATE=utf8mb4_unicode_ci;
/*!40101 SET character_set_client = @saved_cs_client */;

--
-- Dumping data for table `cities_translations`
--

LOCK TABLES `cities_translations` WRITE;
/*!40000 ALTER TABLE `cities_translations` DISABLE KEYS */;
/*!40000 ALTER TABLE `cities_translations` ENABLE KEYS */;
UNLOCK TABLES;

--
-- Table structure for table `contact_replies`
--

DROP TABLE IF EXISTS `contact_replies`;
/*!40101 SET @saved_cs_client     = @@character_set_client */;
/*!50503 SET character_set_client = utf8mb4 */;
CREATE TABLE `contact_replies` (
  `id` bigint unsigned NOT NULL AUTO_INCREMENT,
  `message` longtext CHARACTER SET utf8mb4 COLLATE utf8mb4_unicode_ci NOT NULL,
  `contact_id` int NOT NULL,
  `created_at` timestamp NULL DEFAULT NULL,
  `updated_at` timestamp NULL DEFAULT NULL,
  PRIMARY KEY (`id`)
) ENGINE=InnoDB DEFAULT CHARSET=utf8mb4 COLLATE=utf8mb4_unicode_ci;
/*!40101 SET character_set_client = @saved_cs_client */;

--
-- Dumping data for table `contact_replies`
--

LOCK TABLES `contact_replies` WRITE;
/*!40000 ALTER TABLE `contact_replies` DISABLE KEYS */;
/*!40000 ALTER TABLE `contact_replies` ENABLE KEYS */;
UNLOCK TABLES;

--
-- Table structure for table `contacts`
--

DROP TABLE IF EXISTS `contacts`;
/*!40101 SET @saved_cs_client     = @@character_set_client */;
/*!50503 SET character_set_client = utf8mb4 */;
CREATE TABLE `contacts` (
  `id` bigint unsigned NOT NULL AUTO_INCREMENT,
  `name` varchar(60) CHARACTER SET utf8mb4 COLLATE utf8mb4_unicode_ci NOT NULL,
  `email` varchar(60) CHARACTER SET utf8mb4 COLLATE utf8mb4_unicode_ci NOT NULL,
  `phone` varchar(60) CHARACTER SET utf8mb4 COLLATE utf8mb4_unicode_ci DEFAULT NULL,
  `address` varchar(120) CHARACTER SET utf8mb4 COLLATE utf8mb4_unicode_ci DEFAULT NULL,
  `subject` varchar(120) CHARACTER SET utf8mb4 COLLATE utf8mb4_unicode_ci DEFAULT NULL,
  `content` longtext CHARACTER SET utf8mb4 COLLATE utf8mb4_unicode_ci NOT NULL,
  `status` varchar(60) CHARACTER SET utf8mb4 COLLATE utf8mb4_unicode_ci NOT NULL DEFAULT 'unread',
  `created_at` timestamp NULL DEFAULT NULL,
  `updated_at` timestamp NULL DEFAULT NULL,
  PRIMARY KEY (`id`)
) ENGINE=InnoDB DEFAULT CHARSET=utf8mb4 COLLATE=utf8mb4_unicode_ci;
/*!40101 SET character_set_client = @saved_cs_client */;

--
-- Dumping data for table `contacts`
--

LOCK TABLES `contacts` WRITE;
/*!40000 ALTER TABLE `contacts` DISABLE KEYS */;
/*!40000 ALTER TABLE `contacts` ENABLE KEYS */;
UNLOCK TABLES;

--
-- Table structure for table `countries`
--

DROP TABLE IF EXISTS `countries`;
/*!40101 SET @saved_cs_client     = @@character_set_client */;
/*!50503 SET character_set_client = utf8mb4 */;
CREATE TABLE `countries` (
  `id` bigint unsigned NOT NULL AUTO_INCREMENT,
  `name` varchar(120) CHARACTER SET utf8mb4 COLLATE utf8mb4_unicode_ci NOT NULL,
  `nationality` varchar(120) CHARACTER SET utf8mb4 COLLATE utf8mb4_unicode_ci DEFAULT NULL,
  `order` tinyint NOT NULL DEFAULT '0',
  `is_default` tinyint unsigned NOT NULL DEFAULT '0',
  `status` varchar(60) CHARACTER SET utf8mb4 COLLATE utf8mb4_unicode_ci NOT NULL DEFAULT 'published',
  `created_at` timestamp NULL DEFAULT NULL,
  `updated_at` timestamp NULL DEFAULT NULL,
  `code` varchar(10) CHARACTER SET utf8mb4 COLLATE utf8mb4_unicode_ci DEFAULT NULL,
  PRIMARY KEY (`id`)
) ENGINE=InnoDB DEFAULT CHARSET=utf8mb4 COLLATE=utf8mb4_unicode_ci;
/*!40101 SET character_set_client = @saved_cs_client */;

--
-- Dumping data for table `countries`
--

LOCK TABLES `countries` WRITE;
/*!40000 ALTER TABLE `countries` DISABLE KEYS */;
/*!40000 ALTER TABLE `countries` ENABLE KEYS */;
UNLOCK TABLES;

--
-- Table structure for table `countries_translations`
--

DROP TABLE IF EXISTS `countries_translations`;
/*!40101 SET @saved_cs_client     = @@character_set_client */;
/*!50503 SET character_set_client = utf8mb4 */;
CREATE TABLE `countries_translations` (
  `lang_code` varchar(191) CHARACTER SET utf8mb4 COLLATE utf8mb4_unicode_ci NOT NULL,
  `countries_id` int NOT NULL,
  `name` varchar(120) CHARACTER SET utf8mb4 COLLATE utf8mb4_unicode_ci DEFAULT NULL,
  `nationality` varchar(120) CHARACTER SET utf8mb4 COLLATE utf8mb4_unicode_ci DEFAULT NULL,
  PRIMARY KEY (`lang_code`,`countries_id`)
) ENGINE=InnoDB DEFAULT CHARSET=utf8mb4 COLLATE=utf8mb4_unicode_ci;
/*!40101 SET character_set_client = @saved_cs_client */;

--
-- Dumping data for table `countries_translations`
--

LOCK TABLES `countries_translations` WRITE;
/*!40000 ALTER TABLE `countries_translations` DISABLE KEYS */;
/*!40000 ALTER TABLE `countries_translations` ENABLE KEYS */;
UNLOCK TABLES;

--
-- Table structure for table `dashboard_widget_settings`
--

DROP TABLE IF EXISTS `dashboard_widget_settings`;
/*!40101 SET @saved_cs_client     = @@character_set_client */;
/*!50503 SET character_set_client = utf8mb4 */;
CREATE TABLE `dashboard_widget_settings` (
  `id` bigint unsigned NOT NULL AUTO_INCREMENT,
  `settings` text CHARACTER SET utf8mb4 COLLATE utf8mb4_unicode_ci,
  `user_id` int unsigned NOT NULL,
  `widget_id` int unsigned NOT NULL,
  `order` tinyint unsigned NOT NULL DEFAULT '0',
  `status` tinyint unsigned NOT NULL DEFAULT '1',
  `created_at` timestamp NULL DEFAULT NULL,
  `updated_at` timestamp NULL DEFAULT NULL,
  PRIMARY KEY (`id`),
  KEY `dashboard_widget_settings_user_id_index` (`user_id`),
  KEY `dashboard_widget_settings_widget_id_index` (`widget_id`)
) ENGINE=InnoDB DEFAULT CHARSET=utf8mb4 COLLATE=utf8mb4_unicode_ci;
/*!40101 SET character_set_client = @saved_cs_client */;

--
-- Dumping data for table `dashboard_widget_settings`
--

LOCK TABLES `dashboard_widget_settings` WRITE;
/*!40000 ALTER TABLE `dashboard_widget_settings` DISABLE KEYS */;
/*!40000 ALTER TABLE `dashboard_widget_settings` ENABLE KEYS */;
UNLOCK TABLES;

--
-- Table structure for table `dashboard_widgets`
--

DROP TABLE IF EXISTS `dashboard_widgets`;
/*!40101 SET @saved_cs_client     = @@character_set_client */;
/*!50503 SET character_set_client = utf8mb4 */;
CREATE TABLE `dashboard_widgets` (
  `id` bigint unsigned NOT NULL AUTO_INCREMENT,
  `name` varchar(120) CHARACTER SET utf8mb4 COLLATE utf8mb4_unicode_ci NOT NULL,
  `created_at` timestamp NULL DEFAULT NULL,
  `updated_at` timestamp NULL DEFAULT NULL,
  PRIMARY KEY (`id`)
) ENGINE=InnoDB DEFAULT CHARSET=utf8mb4 COLLATE=utf8mb4_unicode_ci;
/*!40101 SET character_set_client = @saved_cs_client */;

--
-- Dumping data for table `dashboard_widgets`
--

LOCK TABLES `dashboard_widgets` WRITE;
/*!40000 ALTER TABLE `dashboard_widgets` DISABLE KEYS */;
/*!40000 ALTER TABLE `dashboard_widgets` ENABLE KEYS */;
UNLOCK TABLES;

--
-- Table structure for table `ec_brands`
--

DROP TABLE IF EXISTS `ec_brands`;
/*!40101 SET @saved_cs_client     = @@character_set_client */;
/*!50503 SET character_set_client = utf8mb4 */;
CREATE TABLE `ec_brands` (
  `id` bigint unsigned NOT NULL AUTO_INCREMENT,
  `name` varchar(191) CHARACTER SET utf8mb4 COLLATE utf8mb4_unicode_ci NOT NULL,
  `description` mediumtext CHARACTER SET utf8mb4 COLLATE utf8mb4_unicode_ci,
  `website` varchar(255) CHARACTER SET utf8mb4 COLLATE utf8mb4_unicode_ci DEFAULT NULL,
  `logo` varchar(255) CHARACTER SET utf8mb4 COLLATE utf8mb4_unicode_ci DEFAULT NULL,
  `status` varchar(60) CHARACTER SET utf8mb4 COLLATE utf8mb4_unicode_ci NOT NULL DEFAULT 'published',
  `order` tinyint unsigned NOT NULL DEFAULT '0',
  `is_featured` tinyint unsigned NOT NULL DEFAULT '0',
  `created_at` timestamp NULL DEFAULT NULL,
  `updated_at` timestamp NULL DEFAULT NULL,
  PRIMARY KEY (`id`)
) ENGINE=InnoDB AUTO_INCREMENT=8 DEFAULT CHARSET=utf8mb4 COLLATE=utf8mb4_unicode_ci;
/*!40101 SET character_set_client = @saved_cs_client */;

--
-- Dumping data for table `ec_brands`
--

LOCK TABLES `ec_brands` WRITE;
/*!40000 ALTER TABLE `ec_brands` DISABLE KEYS */;
INSERT INTO `ec_brands` VALUES (1,'Perxsion',NULL,NULL,'brands/1.png','published',0,1,'2022-08-25 18:51:50','2022-08-25 18:51:50'),(2,'Hiching',NULL,NULL,'brands/2.png','published',1,1,'2022-08-25 18:51:50','2022-08-25 18:51:50'),(3,'Kepslo',NULL,NULL,'brands/3.png','published',2,1,'2022-08-25 18:51:50','2022-08-25 18:51:50'),(4,'Groneba',NULL,NULL,'brands/4.png','published',3,1,'2022-08-25 18:51:50','2022-08-25 18:51:50'),(5,'Babian',NULL,NULL,'brands/5.png','published',4,1,'2022-08-25 18:51:50','2022-08-25 18:51:50'),(6,'Valorant',NULL,NULL,'brands/6.png','published',5,1,'2022-08-25 18:51:50','2022-08-25 18:51:50'),(7,'Pure',NULL,NULL,'brands/7.png','published',6,1,'2022-08-25 18:51:50','2022-08-25 18:51:50');
/*!40000 ALTER TABLE `ec_brands` ENABLE KEYS */;
UNLOCK TABLES;

--
-- Table structure for table `ec_brands_translations`
--

DROP TABLE IF EXISTS `ec_brands_translations`;
/*!40101 SET @saved_cs_client     = @@character_set_client */;
/*!50503 SET character_set_client = utf8mb4 */;
CREATE TABLE `ec_brands_translations` (
  `lang_code` varchar(191) CHARACTER SET utf8mb4 COLLATE utf8mb4_unicode_ci NOT NULL,
  `ec_brands_id` int NOT NULL,
  `name` varchar(191) CHARACTER SET utf8mb4 COLLATE utf8mb4_unicode_ci DEFAULT NULL,
  `description` varchar(191) CHARACTER SET utf8mb4 COLLATE utf8mb4_unicode_ci DEFAULT NULL,
  PRIMARY KEY (`lang_code`,`ec_brands_id`)
) ENGINE=InnoDB DEFAULT CHARSET=utf8mb4 COLLATE=utf8mb4_unicode_ci;
/*!40101 SET character_set_client = @saved_cs_client */;

--
-- Dumping data for table `ec_brands_translations`
--

LOCK TABLES `ec_brands_translations` WRITE;
/*!40000 ALTER TABLE `ec_brands_translations` DISABLE KEYS */;
INSERT INTO `ec_brands_translations` VALUES ('vi',1,'Perxsion',NULL),('vi',2,'Hiching',NULL),('vi',3,'Kepslo',NULL),('vi',4,'Groneba',NULL),('vi',5,'Babian',NULL),('vi',6,'Valorant',NULL),('vi',7,'Pure',NULL);
/*!40000 ALTER TABLE `ec_brands_translations` ENABLE KEYS */;
UNLOCK TABLES;

--
-- Table structure for table `ec_cart`
--

DROP TABLE IF EXISTS `ec_cart`;
/*!40101 SET @saved_cs_client     = @@character_set_client */;
/*!50503 SET character_set_client = utf8mb4 */;
CREATE TABLE `ec_cart` (
  `identifier` varchar(191) CHARACTER SET utf8mb4 COLLATE utf8mb4_unicode_ci NOT NULL,
  `instance` varchar(191) CHARACTER SET utf8mb4 COLLATE utf8mb4_unicode_ci NOT NULL,
  `content` longtext CHARACTER SET utf8mb4 COLLATE utf8mb4_unicode_ci NOT NULL,
  `created_at` timestamp NULL DEFAULT NULL,
  `updated_at` timestamp NULL DEFAULT NULL,
  PRIMARY KEY (`identifier`,`instance`)
) ENGINE=InnoDB DEFAULT CHARSET=utf8mb4 COLLATE=utf8mb4_unicode_ci;
/*!40101 SET character_set_client = @saved_cs_client */;

--
-- Dumping data for table `ec_cart`
--

LOCK TABLES `ec_cart` WRITE;
/*!40000 ALTER TABLE `ec_cart` DISABLE KEYS */;
/*!40000 ALTER TABLE `ec_cart` ENABLE KEYS */;
UNLOCK TABLES;

--
-- Table structure for table `ec_currencies`
--

DROP TABLE IF EXISTS `ec_currencies`;
/*!40101 SET @saved_cs_client     = @@character_set_client */;
/*!50503 SET character_set_client = utf8mb4 */;
CREATE TABLE `ec_currencies` (
  `id` bigint unsigned NOT NULL AUTO_INCREMENT,
  `title` varchar(191) CHARACTER SET utf8mb4 COLLATE utf8mb4_unicode_ci NOT NULL,
  `symbol` varchar(10) CHARACTER SET utf8mb4 COLLATE utf8mb4_unicode_ci NOT NULL,
  `is_prefix_symbol` tinyint unsigned NOT NULL DEFAULT '0',
  `decimals` tinyint unsigned DEFAULT '0',
  `order` int unsigned DEFAULT '0',
  `is_default` tinyint NOT NULL DEFAULT '0',
  `exchange_rate` double NOT NULL DEFAULT '1',
  `created_at` timestamp NULL DEFAULT NULL,
  `updated_at` timestamp NULL DEFAULT NULL,
  PRIMARY KEY (`id`)
) ENGINE=InnoDB AUTO_INCREMENT=4 DEFAULT CHARSET=utf8mb4 COLLATE=utf8mb4_unicode_ci;
/*!40101 SET character_set_client = @saved_cs_client */;

--
-- Dumping data for table `ec_currencies`
--

LOCK TABLES `ec_currencies` WRITE;
/*!40000 ALTER TABLE `ec_currencies` DISABLE KEYS */;
INSERT INTO `ec_currencies` VALUES (1,'USD','$',1,2,0,1,1,'2022-08-25 18:51:50','2022-08-25 18:51:50'),(2,'EUR','€',0,2,1,0,0.84,'2022-08-25 18:51:50','2022-08-25 18:51:50'),(3,'VND','₫',0,0,2,0,23203,'2022-08-25 18:51:50','2022-08-25 18:51:50');
/*!40000 ALTER TABLE `ec_currencies` ENABLE KEYS */;
UNLOCK TABLES;

--
-- Table structure for table `ec_customer_addresses`
--

DROP TABLE IF EXISTS `ec_customer_addresses`;
/*!40101 SET @saved_cs_client     = @@character_set_client */;
/*!50503 SET character_set_client = utf8mb4 */;
CREATE TABLE `ec_customer_addresses` (
  `id` bigint unsigned NOT NULL AUTO_INCREMENT,
  `name` varchar(191) CHARACTER SET utf8mb4 COLLATE utf8mb4_unicode_ci NOT NULL,
  `email` varchar(60) CHARACTER SET utf8mb4 COLLATE utf8mb4_unicode_ci DEFAULT NULL,
  `phone` varchar(20) CHARACTER SET utf8mb4 COLLATE utf8mb4_unicode_ci DEFAULT NULL,
  `country` varchar(120) CHARACTER SET utf8mb4 COLLATE utf8mb4_unicode_ci DEFAULT NULL,
  `state` varchar(120) CHARACTER SET utf8mb4 COLLATE utf8mb4_unicode_ci DEFAULT NULL,
  `city` varchar(120) CHARACTER SET utf8mb4 COLLATE utf8mb4_unicode_ci DEFAULT NULL,
  `address` varchar(191) CHARACTER SET utf8mb4 COLLATE utf8mb4_unicode_ci NOT NULL,
  `customer_id` int unsigned NOT NULL,
  `is_default` tinyint unsigned NOT NULL DEFAULT '0',
  `created_at` timestamp NULL DEFAULT NULL,
  `updated_at` timestamp NULL DEFAULT NULL,
  `zip_code` varchar(20) CHARACTER SET utf8mb4 COLLATE utf8mb4_unicode_ci DEFAULT NULL,
  PRIMARY KEY (`id`)
) ENGINE=InnoDB AUTO_INCREMENT=13 DEFAULT CHARSET=utf8mb4 COLLATE=utf8mb4_unicode_ci;
/*!40101 SET character_set_client = @saved_cs_client */;

--
-- Dumping data for table `ec_customer_addresses`
--

LOCK TABLES `ec_customer_addresses` WRITE;
/*!40000 ALTER TABLE `ec_customer_addresses` DISABLE KEYS */;
INSERT INTO `ec_customer_addresses` VALUES (1,'Laney Zulauf Jr.','john.smith@botble.com','+12345612544','CN','Florida','Port Garnett','5677 Katlyn Falls',1,1,'2022-08-25 18:52:43','2022-08-25 18:52:43','85620'),(2,'Laney Zulauf Jr.','john.smith@botble.com','+12197528893','PF','Texas','Stiedemanntown','6980 Spencer Bridge Suite 986',1,0,'2022-08-25 18:52:43','2022-08-25 18:52:43','75333-3982'),(3,'Elvis Rogahn V','customer@botble.com','+15809453179','GR','Colorado','Lake Lavina','246 Lemke Parkways',2,1,'2022-08-25 18:52:43','2022-08-25 18:52:43','99277'),(4,'Elvis Rogahn V','customer@botble.com','+19154647818','PR','Maryland','Grimesside','42231 Leffler Square',2,0,'2022-08-25 18:52:43','2022-08-25 18:52:43','08325-5144'),(5,'Elody Denesik','colton.donnelly@example.com','+17858041703','MD','Maine','Schmidtfort','943 Kemmer Path Apt. 541',3,1,'2022-08-25 18:52:43','2022-08-25 18:52:43','98278'),(6,'Nedra Frami','karson.rowe@example.com','+17545009361','MD','Vermont','Brainburgh','491 Arthur Spurs Apt. 383',4,1,'2022-08-25 18:52:43','2022-08-25 18:52:43','25784-3388'),(7,'Damon Feest','arogahn@example.com','+18056685287','CG','Iowa','Considinefurt','23407 Shyanne Islands',5,1,'2022-08-25 18:52:43','2022-08-25 18:52:43','64397-7430'),(8,'Chanelle Ryan','arjun14@example.org','+13864647430','MN','New Mexico','East Emil','850 Konopelski Parks Apt. 857',6,1,'2022-08-25 18:52:44','2022-08-25 18:52:44','84978'),(9,'Miss Aida Cormier','gaston.wintheiser@example.com','+14783753358','MN','Idaho','Port Fernando','60083 Runolfsson Roads Suite 145',7,1,'2022-08-25 18:52:44','2022-08-25 18:52:44','29303-8338'),(10,'Courtney Lebsack I','rosalind37@example.net','+17402610445','BF','Arkansas','Lake Raeview','57831 Johnson Views',8,1,'2022-08-25 18:52:44','2022-08-25 18:52:44','31426-2281'),(11,'Dusty Barrows','mdaniel@example.com','+15759243107','GH','Tennessee','Hazelhaven','5554 Amos Ports Apt. 997',9,1,'2022-08-25 18:52:44','2022-08-25 18:52:44','85647-2421'),(12,'Dr. Kellen Cronin III','rabshire@example.org','+12728019067','LU','Missouri','East Donna','6851 Deion Inlet Suite 195',10,1,'2022-08-25 18:52:44','2022-08-25 18:52:44','44849');
/*!40000 ALTER TABLE `ec_customer_addresses` ENABLE KEYS */;
UNLOCK TABLES;

--
-- Table structure for table `ec_customer_password_resets`
--

DROP TABLE IF EXISTS `ec_customer_password_resets`;
/*!40101 SET @saved_cs_client     = @@character_set_client */;
/*!50503 SET character_set_client = utf8mb4 */;
CREATE TABLE `ec_customer_password_resets` (
  `email` varchar(191) CHARACTER SET utf8mb4 COLLATE utf8mb4_unicode_ci NOT NULL,
  `token` varchar(191) CHARACTER SET utf8mb4 COLLATE utf8mb4_unicode_ci NOT NULL,
  `created_at` timestamp NULL DEFAULT NULL,
  KEY `ec_customer_password_resets_email_index` (`email`),
  KEY `ec_customer_password_resets_token_index` (`token`)
) ENGINE=InnoDB DEFAULT CHARSET=utf8mb4 COLLATE=utf8mb4_unicode_ci;
/*!40101 SET character_set_client = @saved_cs_client */;

--
-- Dumping data for table `ec_customer_password_resets`
--

LOCK TABLES `ec_customer_password_resets` WRITE;
/*!40000 ALTER TABLE `ec_customer_password_resets` DISABLE KEYS */;
/*!40000 ALTER TABLE `ec_customer_password_resets` ENABLE KEYS */;
UNLOCK TABLES;

--
-- Table structure for table `ec_customer_recently_viewed_products`
--

DROP TABLE IF EXISTS `ec_customer_recently_viewed_products`;
/*!40101 SET @saved_cs_client     = @@character_set_client */;
/*!50503 SET character_set_client = utf8mb4 */;
CREATE TABLE `ec_customer_recently_viewed_products` (
  `id` bigint unsigned NOT NULL AUTO_INCREMENT,
  `customer_id` int unsigned NOT NULL,
  `product_id` int unsigned NOT NULL,
  PRIMARY KEY (`id`)
) ENGINE=InnoDB DEFAULT CHARSET=utf8mb4 COLLATE=utf8mb4_unicode_ci;
/*!40101 SET character_set_client = @saved_cs_client */;

--
-- Dumping data for table `ec_customer_recently_viewed_products`
--

LOCK TABLES `ec_customer_recently_viewed_products` WRITE;
/*!40000 ALTER TABLE `ec_customer_recently_viewed_products` DISABLE KEYS */;
/*!40000 ALTER TABLE `ec_customer_recently_viewed_products` ENABLE KEYS */;
UNLOCK TABLES;

--
-- Table structure for table `ec_customers`
--

DROP TABLE IF EXISTS `ec_customers`;
/*!40101 SET @saved_cs_client     = @@character_set_client */;
/*!50503 SET character_set_client = utf8mb4 */;
CREATE TABLE `ec_customers` (
  `id` bigint unsigned NOT NULL AUTO_INCREMENT,
  `name` varchar(191) CHARACTER SET utf8mb4 COLLATE utf8mb4_unicode_ci NOT NULL,
  `email` varchar(191) CHARACTER SET utf8mb4 COLLATE utf8mb4_unicode_ci NOT NULL,
  `password` varchar(191) CHARACTER SET utf8mb4 COLLATE utf8mb4_unicode_ci NOT NULL,
  `avatar` varchar(255) CHARACTER SET utf8mb4 COLLATE utf8mb4_unicode_ci DEFAULT NULL,
  `dob` date DEFAULT NULL,
  `phone` varchar(25) CHARACTER SET utf8mb4 COLLATE utf8mb4_unicode_ci DEFAULT NULL,
  `remember_token` varchar(100) CHARACTER SET utf8mb4 COLLATE utf8mb4_unicode_ci DEFAULT NULL,
  `created_at` timestamp NULL DEFAULT NULL,
  `updated_at` timestamp NULL DEFAULT NULL,
  `confirmed_at` datetime DEFAULT NULL,
  `email_verify_token` varchar(120) CHARACTER SET utf8mb4 COLLATE utf8mb4_unicode_ci DEFAULT NULL,
  `status` varchar(60) CHARACTER SET utf8mb4 COLLATE utf8mb4_unicode_ci NOT NULL DEFAULT 'activated',
  PRIMARY KEY (`id`),
  UNIQUE KEY `ec_customers_email_unique` (`email`)
) ENGINE=InnoDB AUTO_INCREMENT=11 DEFAULT CHARSET=utf8mb4 COLLATE=utf8mb4_unicode_ci;
/*!40101 SET character_set_client = @saved_cs_client */;

--
-- Dumping data for table `ec_customers`
--

LOCK TABLES `ec_customers` WRITE;
/*!40000 ALTER TABLE `ec_customers` DISABLE KEYS */;
INSERT INTO `ec_customers` VALUES (1,'Laney Zulauf Jr.','john.smith@botble.com','$2y$10$WX0owFUYrbj3rGOFoab/Ce7FNm527/0k9HeEtadU3mBYQob3nF5Ke','customers/7.jpg','1975-08-06','+18064094238',NULL,'2022-08-25 18:52:43','2022-08-25 18:52:43','2022-08-26 01:52:43',NULL,'activated'),(2,'Elvis Rogahn V','customer@botble.com','$2y$10$KCkOmMiTqiZ/P4XAp/0HuuJ1A3uUs/oYHrRowbq9xQ5//XyQdKi6u','customers/8.jpg','1990-08-14','+17329417929',NULL,'2022-08-25 18:52:43','2022-08-25 18:52:43','2022-08-26 01:52:43',NULL,'activated'),(3,'Elody Denesik','colton.donnelly@example.com','$2y$10$Fq6RjgbS6vFvP08jcF47n.wM03f3cd03BSCG6nhkDPZnr8g9soRZm','customers/1.jpg','1993-08-19','+12064285165',NULL,'2022-08-25 18:52:43','2022-08-25 18:52:43','2022-08-26 01:52:43',NULL,'activated'),(4,'Nedra Frami','karson.rowe@example.com','$2y$10$S4fyXWnW.E1Z9WB6PngdY.VITCIyuAU496NElttqDlYlbhvhR2dd6','customers/2.jpg','1972-08-01','+14695061143',NULL,'2022-08-25 18:52:43','2022-08-25 18:52:43','2022-08-26 01:52:43',NULL,'activated'),(5,'Damon Feest','arogahn@example.com','$2y$10$aYrWVbvFh.gFHLh.DoMfteezq5TxYJNHt2nwhJFUl/4b5.Tigrp56','customers/3.jpg','1974-08-01','+18168368472',NULL,'2022-08-25 18:52:43','2022-08-25 18:52:43','2022-08-26 01:52:43',NULL,'activated'),(6,'Chanelle Ryan','arjun14@example.org','$2y$10$hg9uNCOC2UeLERg8li6QieYGp4rwmg1uSLCTUJ.AfgFcRD/22eW.m','customers/4.jpg','1993-08-05','+14755052497',NULL,'2022-08-25 18:52:43','2022-08-25 18:52:44','2022-08-26 01:52:44',NULL,'activated'),(7,'Miss Aida Cormier','gaston.wintheiser@example.com','$2y$10$TkAmfzcYQVanXFOKES.Mt.6c49TExLuaeI7w46vyZ/fczH7Sj3jie','customers/5.jpg','1998-08-25','+12313858328',NULL,'2022-08-25 18:52:44','2022-08-25 18:52:44','2022-08-26 01:52:44',NULL,'activated'),(8,'Courtney Lebsack I','rosalind37@example.net','$2y$10$y.qhWSKnWWh2DB8sUjP/MuOfCfmp9NAcOlOqfxG3HSt7B/fA31Mtu','customers/6.jpg','1988-08-23','+19496629173',NULL,'2022-08-25 18:52:44','2022-08-25 18:52:44','2022-08-26 01:52:44',NULL,'activated'),(9,'Dusty Barrows','mdaniel@example.com','$2y$10$QiO.GcY6SX3nsASyyC5EZOlQ4ztHfOi3kvXBD46z5OO7mnFRaC.fq','customers/7.jpg','1980-08-03','+13215871236',NULL,'2022-08-25 18:52:44','2022-08-25 18:52:44','2022-08-26 01:52:44',NULL,'activated'),(10,'Dr. Kellen Cronin III','rabshire@example.org','$2y$10$5BNgC7li3n9M5RgOfMm8T.kkvxuEMLseVl9m3Q9bSN0Pi4PVUyFsW','customers/8.jpg','1983-08-21','+18307378634',NULL,'2022-08-25 18:52:44','2022-08-25 18:52:44','2022-08-26 01:52:44',NULL,'activated');
/*!40000 ALTER TABLE `ec_customers` ENABLE KEYS */;
UNLOCK TABLES;

--
-- Table structure for table `ec_discount_customers`
--

DROP TABLE IF EXISTS `ec_discount_customers`;
/*!40101 SET @saved_cs_client     = @@character_set_client */;
/*!50503 SET character_set_client = utf8mb4 */;
CREATE TABLE `ec_discount_customers` (
  `discount_id` int unsigned NOT NULL,
  `customer_id` int unsigned NOT NULL,
  PRIMARY KEY (`discount_id`,`customer_id`)
) ENGINE=InnoDB DEFAULT CHARSET=utf8mb4 COLLATE=utf8mb4_unicode_ci;
/*!40101 SET character_set_client = @saved_cs_client */;

--
-- Dumping data for table `ec_discount_customers`
--

LOCK TABLES `ec_discount_customers` WRITE;
/*!40000 ALTER TABLE `ec_discount_customers` DISABLE KEYS */;
/*!40000 ALTER TABLE `ec_discount_customers` ENABLE KEYS */;
UNLOCK TABLES;

--
-- Table structure for table `ec_discount_product_collections`
--

DROP TABLE IF EXISTS `ec_discount_product_collections`;
/*!40101 SET @saved_cs_client     = @@character_set_client */;
/*!50503 SET character_set_client = utf8mb4 */;
CREATE TABLE `ec_discount_product_collections` (
  `discount_id` int unsigned NOT NULL,
  `product_collection_id` int unsigned NOT NULL,
  PRIMARY KEY (`discount_id`,`product_collection_id`)
) ENGINE=InnoDB DEFAULT CHARSET=utf8mb4 COLLATE=utf8mb4_unicode_ci;
/*!40101 SET character_set_client = @saved_cs_client */;

--
-- Dumping data for table `ec_discount_product_collections`
--

LOCK TABLES `ec_discount_product_collections` WRITE;
/*!40000 ALTER TABLE `ec_discount_product_collections` DISABLE KEYS */;
/*!40000 ALTER TABLE `ec_discount_product_collections` ENABLE KEYS */;
UNLOCK TABLES;

--
-- Table structure for table `ec_discount_products`
--

DROP TABLE IF EXISTS `ec_discount_products`;
/*!40101 SET @saved_cs_client     = @@character_set_client */;
/*!50503 SET character_set_client = utf8mb4 */;
CREATE TABLE `ec_discount_products` (
  `discount_id` int unsigned NOT NULL,
  `product_id` int unsigned NOT NULL,
  PRIMARY KEY (`discount_id`,`product_id`)
) ENGINE=InnoDB DEFAULT CHARSET=utf8mb4 COLLATE=utf8mb4_unicode_ci;
/*!40101 SET character_set_client = @saved_cs_client */;

--
-- Dumping data for table `ec_discount_products`
--

LOCK TABLES `ec_discount_products` WRITE;
/*!40000 ALTER TABLE `ec_discount_products` DISABLE KEYS */;
/*!40000 ALTER TABLE `ec_discount_products` ENABLE KEYS */;
UNLOCK TABLES;

--
-- Table structure for table `ec_discounts`
--

DROP TABLE IF EXISTS `ec_discounts`;
/*!40101 SET @saved_cs_client     = @@character_set_client */;
/*!50503 SET character_set_client = utf8mb4 */;
CREATE TABLE `ec_discounts` (
  `id` bigint unsigned NOT NULL AUTO_INCREMENT,
  `title` varchar(120) CHARACTER SET utf8mb4 COLLATE utf8mb4_unicode_ci DEFAULT NULL,
  `code` varchar(20) CHARACTER SET utf8mb4 COLLATE utf8mb4_unicode_ci DEFAULT NULL,
  `start_date` datetime DEFAULT NULL,
  `end_date` datetime DEFAULT NULL,
  `quantity` int DEFAULT NULL,
  `total_used` int unsigned NOT NULL DEFAULT '0',
  `value` double DEFAULT NULL,
  `type` varchar(60) CHARACTER SET utf8mb4 COLLATE utf8mb4_unicode_ci DEFAULT 'coupon',
  `can_use_with_promotion` tinyint(1) NOT NULL DEFAULT '0',
  `discount_on` varchar(20) CHARACTER SET utf8mb4 COLLATE utf8mb4_unicode_ci DEFAULT NULL,
  `product_quantity` int unsigned DEFAULT NULL,
  `type_option` varchar(100) CHARACTER SET utf8mb4 COLLATE utf8mb4_unicode_ci NOT NULL DEFAULT 'amount',
  `target` varchar(100) CHARACTER SET utf8mb4 COLLATE utf8mb4_unicode_ci NOT NULL DEFAULT 'all-orders',
  `min_order_price` decimal(15,2) DEFAULT NULL,
  `created_at` timestamp NULL DEFAULT NULL,
  `updated_at` timestamp NULL DEFAULT NULL,
  PRIMARY KEY (`id`),
  UNIQUE KEY `ec_discounts_code_unique` (`code`)
) ENGINE=InnoDB DEFAULT CHARSET=utf8mb4 COLLATE=utf8mb4_unicode_ci;
/*!40101 SET character_set_client = @saved_cs_client */;

--
-- Dumping data for table `ec_discounts`
--

LOCK TABLES `ec_discounts` WRITE;
/*!40000 ALTER TABLE `ec_discounts` DISABLE KEYS */;
/*!40000 ALTER TABLE `ec_discounts` ENABLE KEYS */;
UNLOCK TABLES;

--
-- Table structure for table `ec_flash_sale_products`
--

DROP TABLE IF EXISTS `ec_flash_sale_products`;
/*!40101 SET @saved_cs_client     = @@character_set_client */;
/*!50503 SET character_set_client = utf8mb4 */;
CREATE TABLE `ec_flash_sale_products` (
  `flash_sale_id` int unsigned NOT NULL,
  `product_id` int unsigned NOT NULL,
  `price` double unsigned DEFAULT NULL,
  `quantity` int unsigned DEFAULT NULL,
  `sold` int unsigned NOT NULL DEFAULT '0'
) ENGINE=InnoDB DEFAULT CHARSET=utf8mb4 COLLATE=utf8mb4_unicode_ci;
/*!40101 SET character_set_client = @saved_cs_client */;

--
-- Dumping data for table `ec_flash_sale_products`
--

LOCK TABLES `ec_flash_sale_products` WRITE;
/*!40000 ALTER TABLE `ec_flash_sale_products` DISABLE KEYS */;
INSERT INTO `ec_flash_sale_products` VALUES (1,4,62.568,17,5),(2,11,69.02,18,4);
/*!40000 ALTER TABLE `ec_flash_sale_products` ENABLE KEYS */;
UNLOCK TABLES;

--
-- Table structure for table `ec_flash_sales`
--

DROP TABLE IF EXISTS `ec_flash_sales`;
/*!40101 SET @saved_cs_client     = @@character_set_client */;
/*!50503 SET character_set_client = utf8mb4 */;
CREATE TABLE `ec_flash_sales` (
  `id` bigint unsigned NOT NULL AUTO_INCREMENT,
  `name` varchar(255) CHARACTER SET utf8mb4 COLLATE utf8mb4_unicode_ci NOT NULL,
  `end_date` datetime NOT NULL,
  `status` varchar(60) CHARACTER SET utf8mb4 COLLATE utf8mb4_unicode_ci NOT NULL DEFAULT 'published',
  `created_at` timestamp NULL DEFAULT NULL,
  `updated_at` timestamp NULL DEFAULT NULL,
  PRIMARY KEY (`id`)
) ENGINE=InnoDB AUTO_INCREMENT=3 DEFAULT CHARSET=utf8mb4 COLLATE=utf8mb4_unicode_ci;
/*!40101 SET character_set_client = @saved_cs_client */;

--
-- Dumping data for table `ec_flash_sales`
--

LOCK TABLES `ec_flash_sales` WRITE;
/*!40000 ALTER TABLE `ec_flash_sales` DISABLE KEYS */;
INSERT INTO `ec_flash_sales` VALUES (1,'Deal of the Day.','2022-09-30 00:00:00','published','2022-09-10 03:29:49','2022-09-10 03:29:49'),(2,'Gadgets & Accessories','2022-10-20 00:00:00','published','2022-09-10 03:29:49','2022-09-10 03:29:49');
/*!40000 ALTER TABLE `ec_flash_sales` ENABLE KEYS */;
UNLOCK TABLES;

--
-- Table structure for table `ec_flash_sales_translations`
--

DROP TABLE IF EXISTS `ec_flash_sales_translations`;
/*!40101 SET @saved_cs_client     = @@character_set_client */;
/*!50503 SET character_set_client = utf8mb4 */;
CREATE TABLE `ec_flash_sales_translations` (
  `lang_code` varchar(191) CHARACTER SET utf8mb4 COLLATE utf8mb4_unicode_ci NOT NULL,
  `ec_flash_sales_id` int NOT NULL,
  `name` varchar(191) CHARACTER SET utf8mb4 COLLATE utf8mb4_unicode_ci DEFAULT NULL,
  PRIMARY KEY (`lang_code`,`ec_flash_sales_id`)
) ENGINE=InnoDB DEFAULT CHARSET=utf8mb4 COLLATE=utf8mb4_unicode_ci;
/*!40101 SET character_set_client = @saved_cs_client */;

--
-- Dumping data for table `ec_flash_sales_translations`
--

LOCK TABLES `ec_flash_sales_translations` WRITE;
/*!40000 ALTER TABLE `ec_flash_sales_translations` DISABLE KEYS */;
INSERT INTO `ec_flash_sales_translations` VALUES ('vi',1,'Khuyến mãi trong ngày.'),('vi',2,'Tiện ích & Phụ kiện');
/*!40000 ALTER TABLE `ec_flash_sales_translations` ENABLE KEYS */;
UNLOCK TABLES;

--
-- Table structure for table `ec_grouped_products`
--

DROP TABLE IF EXISTS `ec_grouped_products`;
/*!40101 SET @saved_cs_client     = @@character_set_client */;
/*!50503 SET character_set_client = utf8mb4 */;
CREATE TABLE `ec_grouped_products` (
  `id` bigint unsigned NOT NULL AUTO_INCREMENT,
  `parent_product_id` int unsigned NOT NULL,
  `product_id` int unsigned NOT NULL,
  `fixed_qty` int NOT NULL DEFAULT '1',
  PRIMARY KEY (`id`)
) ENGINE=InnoDB DEFAULT CHARSET=utf8mb4 COLLATE=utf8mb4_unicode_ci;
/*!40101 SET character_set_client = @saved_cs_client */;

--
-- Dumping data for table `ec_grouped_products`
--

LOCK TABLES `ec_grouped_products` WRITE;
/*!40000 ALTER TABLE `ec_grouped_products` DISABLE KEYS */;
/*!40000 ALTER TABLE `ec_grouped_products` ENABLE KEYS */;
UNLOCK TABLES;

--
-- Table structure for table `ec_order_addresses`
--

DROP TABLE IF EXISTS `ec_order_addresses`;
/*!40101 SET @saved_cs_client     = @@character_set_client */;
/*!50503 SET character_set_client = utf8mb4 */;
CREATE TABLE `ec_order_addresses` (
  `id` bigint unsigned NOT NULL AUTO_INCREMENT,
  `name` varchar(191) CHARACTER SET utf8mb4 COLLATE utf8mb4_unicode_ci NOT NULL,
  `phone` varchar(20) CHARACTER SET utf8mb4 COLLATE utf8mb4_unicode_ci DEFAULT NULL,
  `email` varchar(191) CHARACTER SET utf8mb4 COLLATE utf8mb4_unicode_ci DEFAULT NULL,
  `country` varchar(120) CHARACTER SET utf8mb4 COLLATE utf8mb4_unicode_ci DEFAULT NULL,
  `state` varchar(120) CHARACTER SET utf8mb4 COLLATE utf8mb4_unicode_ci DEFAULT NULL,
  `city` varchar(120) CHARACTER SET utf8mb4 COLLATE utf8mb4_unicode_ci DEFAULT NULL,
  `address` varchar(255) CHARACTER SET utf8mb4 COLLATE utf8mb4_unicode_ci DEFAULT NULL,
  `order_id` int unsigned NOT NULL,
  `zip_code` varchar(20) CHARACTER SET utf8mb4 COLLATE utf8mb4_unicode_ci DEFAULT NULL,
  `type` varchar(60) CHARACTER SET utf8mb4 COLLATE utf8mb4_unicode_ci NOT NULL DEFAULT 'shipping_address',
  PRIMARY KEY (`id`)
) ENGINE=InnoDB AUTO_INCREMENT=21 DEFAULT CHARSET=utf8mb4 COLLATE=utf8mb4_unicode_ci;
/*!40101 SET character_set_client = @saved_cs_client */;

--
-- Dumping data for table `ec_order_addresses`
--

LOCK TABLES `ec_order_addresses` WRITE;
/*!40000 ALTER TABLE `ec_order_addresses` DISABLE KEYS */;
INSERT INTO `ec_order_addresses` VALUES (1,'Courtney Lebsack I','+17402610445','rosalind37@example.net','BF','Arkansas','Lake Raeview','57831 Johnson Views',1,'31426-2281','shipping_address'),(2,'Damon Feest','+18056685287','arogahn@example.com','CG','Iowa','Considinefurt','23407 Shyanne Islands',2,'64397-7430','shipping_address'),(3,'Dusty Barrows','+15759243107','mdaniel@example.com','GH','Tennessee','Hazelhaven','5554 Amos Ports Apt. 997',3,'85647-2421','shipping_address'),(4,'Miss Aida Cormier','+14783753358','gaston.wintheiser@example.com','MN','Idaho','Port Fernando','60083 Runolfsson Roads Suite 145',4,'29303-8338','shipping_address'),(5,'Chanelle Ryan','+13864647430','arjun14@example.org','MN','New Mexico','East Emil','850 Konopelski Parks Apt. 857',5,'84978','shipping_address'),(6,'Elody Denesik','+17858041703','colton.donnelly@example.com','MD','Maine','Schmidtfort','943 Kemmer Path Apt. 541',6,'98278','shipping_address'),(7,'Elody Denesik','+17858041703','colton.donnelly@example.com','MD','Maine','Schmidtfort','943 Kemmer Path Apt. 541',7,'98278','shipping_address'),(8,'Damon Feest','+18056685287','arogahn@example.com','CG','Iowa','Considinefurt','23407 Shyanne Islands',8,'64397-7430','shipping_address'),(9,'Laney Zulauf Jr.','+12345612544','john.smith@botble.com','CN','Florida','Port Garnett','5677 Katlyn Falls',9,'85620','shipping_address'),(10,'Damon Feest','+18056685287','arogahn@example.com','CG','Iowa','Considinefurt','23407 Shyanne Islands',10,'64397-7430','shipping_address'),(11,'Courtney Lebsack I','+17402610445','rosalind37@example.net','BF','Arkansas','Lake Raeview','57831 Johnson Views',11,'31426-2281','shipping_address'),(12,'Damon Feest','+18056685287','arogahn@example.com','CG','Iowa','Considinefurt','23407 Shyanne Islands',12,'64397-7430','shipping_address'),(13,'Chanelle Ryan','+13864647430','arjun14@example.org','MN','New Mexico','East Emil','850 Konopelski Parks Apt. 857',13,'84978','shipping_address'),(14,'Damon Feest','+18056685287','arogahn@example.com','CG','Iowa','Considinefurt','23407 Shyanne Islands',14,'64397-7430','shipping_address'),(15,'Dusty Barrows','+15759243107','mdaniel@example.com','GH','Tennessee','Hazelhaven','5554 Amos Ports Apt. 997',15,'85647-2421','shipping_address'),(16,'Chanelle Ryan','+13864647430','arjun14@example.org','MN','New Mexico','East Emil','850 Konopelski Parks Apt. 857',16,'84978','shipping_address'),(17,'Laney Zulauf Jr.','+12345612544','john.smith@botble.com','CN','Florida','Port Garnett','5677 Katlyn Falls',17,'85620','shipping_address'),(18,'Miss Aida Cormier','+14783753358','gaston.wintheiser@example.com','MN','Idaho','Port Fernando','60083 Runolfsson Roads Suite 145',18,'29303-8338','shipping_address'),(19,'Chanelle Ryan','+13864647430','arjun14@example.org','MN','New Mexico','East Emil','850 Konopelski Parks Apt. 857',19,'84978','shipping_address'),(20,'Dusty Barrows','+15759243107','mdaniel@example.com','GH','Tennessee','Hazelhaven','5554 Amos Ports Apt. 997',20,'85647-2421','shipping_address');
/*!40000 ALTER TABLE `ec_order_addresses` ENABLE KEYS */;
UNLOCK TABLES;

--
-- Table structure for table `ec_order_histories`
--

DROP TABLE IF EXISTS `ec_order_histories`;
/*!40101 SET @saved_cs_client     = @@character_set_client */;
/*!50503 SET character_set_client = utf8mb4 */;
CREATE TABLE `ec_order_histories` (
  `id` bigint unsigned NOT NULL AUTO_INCREMENT,
  `action` varchar(120) CHARACTER SET utf8mb4 COLLATE utf8mb4_unicode_ci NOT NULL,
  `description` varchar(255) CHARACTER SET utf8mb4 COLLATE utf8mb4_unicode_ci NOT NULL,
  `user_id` int unsigned DEFAULT NULL,
  `order_id` int unsigned NOT NULL,
  `extras` text CHARACTER SET utf8mb4 COLLATE utf8mb4_unicode_ci,
  `created_at` timestamp NULL DEFAULT NULL,
  `updated_at` timestamp NULL DEFAULT NULL,
  PRIMARY KEY (`id`)
) ENGINE=InnoDB AUTO_INCREMENT=87 DEFAULT CHARSET=utf8mb4 COLLATE=utf8mb4_unicode_ci;
/*!40101 SET character_set_client = @saved_cs_client */;

--
-- Dumping data for table `ec_order_histories`
--

LOCK TABLES `ec_order_histories` WRITE;
/*!40000 ALTER TABLE `ec_order_histories` DISABLE KEYS */;
INSERT INTO `ec_order_histories` VALUES (1,'create_order_from_seeder','Order is created from the checkout page',NULL,1,NULL,'2022-09-08 11:29:51','2022-09-08 11:29:51'),(2,'confirm_order','Order was verified by %user_name%',0,1,NULL,'2022-09-08 11:29:51','2022-09-08 11:29:51'),(3,'confirm_payment','Payment was confirmed (amount $1,640.40) by %user_name%',0,1,NULL,'2022-09-10 03:29:51','2022-09-10 03:29:51'),(4,'create_shipment','Created shipment for order',0,1,NULL,'2022-09-10 03:29:51','2022-09-10 03:29:51'),(5,'update_status','Changed status of shipping to: Delivered. Updated by: %user_name%',0,1,NULL,'2022-09-10 03:29:51','2022-09-10 03:29:51'),(6,'create_order_from_seeder','Order is created from the checkout page',NULL,2,NULL,'2022-08-26 21:29:51','2022-08-26 21:29:51'),(7,'confirm_order','Order was verified by %user_name%',0,2,NULL,'2022-08-26 21:29:51','2022-08-26 21:29:51'),(8,'confirm_payment','Payment was confirmed (amount $740.90) by %user_name%',0,2,NULL,'2022-09-10 03:29:51','2022-09-10 03:29:51'),(9,'create_shipment','Created shipment for order',0,2,NULL,'2022-09-10 03:29:51','2022-09-10 03:29:51'),(10,'create_order_from_seeder','Order is created from the checkout page',NULL,3,NULL,'2022-08-26 03:29:51','2022-08-26 03:29:51'),(11,'confirm_order','Order was verified by %user_name%',0,3,NULL,'2022-08-26 03:29:51','2022-08-26 03:29:51'),(12,'create_shipment','Created shipment for order',0,3,NULL,'2022-09-10 03:29:51','2022-09-10 03:29:51'),(13,'create_order_from_seeder','Order is created from the checkout page',NULL,4,NULL,'2022-08-28 09:29:51','2022-08-28 09:29:51'),(14,'confirm_order','Order was verified by %user_name%',0,4,NULL,'2022-08-28 09:29:51','2022-08-28 09:29:51'),(15,'confirm_payment','Payment was confirmed (amount $1,116.40) by %user_name%',0,4,NULL,'2022-09-10 03:29:51','2022-09-10 03:29:51'),(16,'create_shipment','Created shipment for order',0,4,NULL,'2022-09-10 03:29:51','2022-09-10 03:29:51'),(17,'update_status','Changed status of shipping to: Delivered. Updated by: %user_name%',0,4,NULL,'2022-09-10 03:29:51','2022-09-10 03:29:51'),(18,'create_order_from_seeder','Order is created from the checkout page',NULL,5,NULL,'2022-09-02 03:29:51','2022-09-02 03:29:51'),(19,'confirm_order','Order was verified by %user_name%',0,5,NULL,'2022-09-02 03:29:51','2022-09-02 03:29:51'),(20,'confirm_payment','Payment was confirmed (amount $1,670.80) by %user_name%',0,5,NULL,'2022-09-10 03:29:51','2022-09-10 03:29:51'),(21,'create_shipment','Created shipment for order',0,5,NULL,'2022-09-10 03:29:51','2022-09-10 03:29:51'),(22,'create_order_from_seeder','Order is created from the checkout page',NULL,6,NULL,'2022-09-01 09:29:51','2022-09-01 09:29:51'),(23,'confirm_order','Order was verified by %user_name%',0,6,NULL,'2022-09-01 09:29:51','2022-09-01 09:29:51'),(24,'confirm_payment','Payment was confirmed (amount $1,051.00) by %user_name%',0,6,NULL,'2022-09-10 03:29:51','2022-09-10 03:29:51'),(25,'create_shipment','Created shipment for order',0,6,NULL,'2022-09-10 03:29:51','2022-09-10 03:29:51'),(26,'create_order_from_seeder','Order is created from the checkout page',NULL,7,NULL,'2022-09-06 15:29:51','2022-09-06 15:29:51'),(27,'confirm_order','Order was verified by %user_name%',0,7,NULL,'2022-09-06 15:29:51','2022-09-06 15:29:51'),(28,'create_shipment','Created shipment for order',0,7,NULL,'2022-09-10 03:29:51','2022-09-10 03:29:51'),(29,'update_status','Changed status of shipping to: Delivered. Updated by: %user_name%',0,7,NULL,'2022-09-10 03:29:51','2022-09-10 03:29:51'),(30,'create_order_from_seeder','Order is created from the checkout page',NULL,8,NULL,'2022-09-05 19:29:51','2022-09-05 19:29:51'),(31,'confirm_order','Order was verified by %user_name%',0,8,NULL,'2022-09-05 19:29:51','2022-09-05 19:29:51'),(32,'confirm_payment','Payment was confirmed (amount $358.40) by %user_name%',0,8,NULL,'2022-09-10 03:29:51','2022-09-10 03:29:51'),(33,'create_shipment','Created shipment for order',0,8,NULL,'2022-09-10 03:29:51','2022-09-10 03:29:51'),(34,'update_status','Changed status of shipping to: Delivered. Updated by: %user_name%',0,8,NULL,'2022-09-10 03:29:51','2022-09-10 03:29:51'),(35,'create_order_from_seeder','Order is created from the checkout page',NULL,9,NULL,'2022-09-09 03:29:51','2022-09-09 03:29:51'),(36,'confirm_order','Order was verified by %user_name%',0,9,NULL,'2022-09-09 03:29:51','2022-09-09 03:29:51'),(37,'confirm_payment','Payment was confirmed (amount $1,773.20) by %user_name%',0,9,NULL,'2022-09-10 03:29:51','2022-09-10 03:29:51'),(38,'create_shipment','Created shipment for order',0,9,NULL,'2022-09-10 03:29:51','2022-09-10 03:29:51'),(39,'create_order_from_seeder','Order is created from the checkout page',NULL,10,NULL,'2022-09-08 07:29:51','2022-09-08 07:29:51'),(40,'confirm_order','Order was verified by %user_name%',0,10,NULL,'2022-09-08 07:29:51','2022-09-08 07:29:51'),(41,'confirm_payment','Payment was confirmed (amount $1,900.30) by %user_name%',0,10,NULL,'2022-09-10 03:29:51','2022-09-10 03:29:51'),(42,'create_shipment','Created shipment for order',0,10,NULL,'2022-09-10 03:29:51','2022-09-10 03:29:51'),(43,'create_order_from_seeder','Order is created from the checkout page',NULL,11,NULL,'2022-09-03 11:29:51','2022-09-03 11:29:51'),(44,'confirm_order','Order was verified by %user_name%',0,11,NULL,'2022-09-03 11:29:51','2022-09-03 11:29:51'),(45,'confirm_payment','Payment was confirmed (amount $370.90) by %user_name%',0,11,NULL,'2022-09-10 03:29:51','2022-09-10 03:29:51'),(46,'create_shipment','Created shipment for order',0,11,NULL,'2022-09-10 03:29:51','2022-09-10 03:29:51'),(47,'update_status','Changed status of shipping to: Delivered. Updated by: %user_name%',0,11,NULL,'2022-09-10 03:29:51','2022-09-10 03:29:51'),(48,'create_order_from_seeder','Order is created from the checkout page',NULL,12,NULL,'2022-09-07 03:29:51','2022-09-07 03:29:51'),(49,'confirm_order','Order was verified by %user_name%',0,12,NULL,'2022-09-07 03:29:51','2022-09-07 03:29:51'),(50,'confirm_payment','Payment was confirmed (amount $472.00) by %user_name%',0,12,NULL,'2022-09-10 03:29:51','2022-09-10 03:29:51'),(51,'create_shipment','Created shipment for order',0,12,NULL,'2022-09-10 03:29:51','2022-09-10 03:29:51'),(52,'create_order_from_seeder','Order is created from the checkout page',NULL,13,NULL,'2022-09-08 19:29:51','2022-09-08 19:29:51'),(53,'confirm_order','Order was verified by %user_name%',0,13,NULL,'2022-09-08 19:29:51','2022-09-08 19:29:51'),(54,'create_shipment','Created shipment for order',0,13,NULL,'2022-09-10 03:29:51','2022-09-10 03:29:51'),(55,'update_status','Changed status of shipping to: Delivered. Updated by: %user_name%',0,13,NULL,'2022-09-10 03:29:51','2022-09-10 03:29:51'),(56,'create_order_from_seeder','Order is created from the checkout page',NULL,14,NULL,'2022-09-06 15:29:51','2022-09-06 15:29:51'),(57,'confirm_order','Order was verified by %user_name%',0,14,NULL,'2022-09-06 15:29:51','2022-09-06 15:29:51'),(58,'confirm_payment','Payment was confirmed (amount $305.80) by %user_name%',0,14,NULL,'2022-09-10 03:29:51','2022-09-10 03:29:51'),(59,'create_shipment','Created shipment for order',0,14,NULL,'2022-09-10 03:29:51','2022-09-10 03:29:51'),(60,'create_order_from_seeder','Order is created from the checkout page',NULL,15,NULL,'2022-09-06 03:29:51','2022-09-06 03:29:51'),(61,'confirm_order','Order was verified by %user_name%',0,15,NULL,'2022-09-06 03:29:51','2022-09-06 03:29:51'),(62,'create_shipment','Created shipment for order',0,15,NULL,'2022-09-10 03:29:51','2022-09-10 03:29:51'),(63,'update_status','Changed status of shipping to: Delivered. Updated by: %user_name%',0,15,NULL,'2022-09-10 03:29:51','2022-09-10 03:29:51'),(64,'create_order_from_seeder','Order is created from the checkout page',NULL,16,NULL,'2022-09-09 17:29:51','2022-09-09 17:29:51'),(65,'confirm_order','Order was verified by %user_name%',0,16,NULL,'2022-09-09 17:29:51','2022-09-09 17:29:51'),(66,'confirm_payment','Payment was confirmed (amount $912.10) by %user_name%',0,16,NULL,'2022-09-10 03:29:51','2022-09-10 03:29:51'),(67,'create_shipment','Created shipment for order',0,16,NULL,'2022-09-10 03:29:51','2022-09-10 03:29:51'),(68,'create_order_from_seeder','Order is created from the checkout page',NULL,17,NULL,'2022-09-07 19:29:51','2022-09-07 19:29:51'),(69,'confirm_order','Order was verified by %user_name%',0,17,NULL,'2022-09-07 19:29:51','2022-09-07 19:29:51'),(70,'create_shipment','Created shipment for order',0,17,NULL,'2022-09-10 03:29:51','2022-09-10 03:29:51'),(71,'create_order_from_seeder','Order is created from the checkout page',NULL,18,NULL,'2022-09-09 15:29:51','2022-09-09 15:29:51'),(72,'confirm_order','Order was verified by %user_name%',0,18,NULL,'2022-09-09 15:29:51','2022-09-09 15:29:51'),(73,'confirm_payment','Payment was confirmed (amount $873.50) by %user_name%',0,18,NULL,'2022-09-10 03:29:51','2022-09-10 03:29:51'),(74,'create_shipment','Created shipment for order',0,18,NULL,'2022-09-10 03:29:51','2022-09-10 03:29:51'),(75,'update_status','Changed status of shipping to: Delivered. Updated by: %user_name%',0,18,NULL,'2022-09-10 03:29:51','2022-09-10 03:29:51'),(76,'create_order_from_seeder','Order is created from the checkout page',NULL,19,NULL,'2022-09-08 23:29:51','2022-09-08 23:29:51'),(77,'confirm_order','Order was verified by %user_name%',0,19,NULL,'2022-09-08 23:29:51','2022-09-08 23:29:51'),(78,'create_shipment','Created shipment for order',0,19,NULL,'2022-09-10 03:29:51','2022-09-10 03:29:51'),(79,'create_order_from_seeder','Order is created from the checkout page',NULL,20,NULL,'2022-09-09 21:29:51','2022-09-09 21:29:51'),(80,'confirm_order','Order was verified by %user_name%',0,20,NULL,'2022-09-09 21:29:51','2022-09-09 21:29:51'),(81,'create_shipment','Created shipment for order',0,20,NULL,'2022-09-10 03:29:51','2022-09-10 03:29:51'),(82,'update_status','Order confirmed by %user_name%',0,1,NULL,'2022-09-10 03:29:51','2022-09-10 03:29:51'),(83,'update_status','Order confirmed by %user_name%',0,4,NULL,'2022-09-10 03:29:51','2022-09-10 03:29:51'),(84,'update_status','Order confirmed by %user_name%',0,8,NULL,'2022-09-10 03:29:51','2022-09-10 03:29:51'),(85,'update_status','Order confirmed by %user_name%',0,11,NULL,'2022-09-10 03:29:51','2022-09-10 03:29:51'),(86,'update_status','Order confirmed by %user_name%',0,18,NULL,'2022-09-10 03:29:51','2022-09-10 03:29:51');
/*!40000 ALTER TABLE `ec_order_histories` ENABLE KEYS */;
UNLOCK TABLES;

--
-- Table structure for table `ec_order_product`
--

DROP TABLE IF EXISTS `ec_order_product`;
/*!40101 SET @saved_cs_client     = @@character_set_client */;
/*!50503 SET character_set_client = utf8mb4 */;
CREATE TABLE `ec_order_product` (
  `id` bigint unsigned NOT NULL AUTO_INCREMENT,
  `order_id` int unsigned NOT NULL,
  `qty` int NOT NULL,
  `price` decimal(15,2) NOT NULL,
  `tax_amount` decimal(15,2) NOT NULL,
  `options` text CHARACTER SET utf8mb4 COLLATE utf8mb4_unicode_ci,
  `product_id` int unsigned DEFAULT NULL,
  `product_name` varchar(191) CHARACTER SET utf8mb4 COLLATE utf8mb4_unicode_ci NOT NULL,
  `weight` double(8,2) DEFAULT '0.00',
  `restock_quantity` int unsigned DEFAULT '0',
  `created_at` timestamp NULL DEFAULT NULL,
  `updated_at` timestamp NULL DEFAULT NULL,
  PRIMARY KEY (`id`)
) ENGINE=InnoDB AUTO_INCREMENT=58 DEFAULT CHARSET=utf8mb4 COLLATE=utf8mb4_unicode_ci;
/*!40101 SET character_set_client = @saved_cs_client */;

--
-- Dumping data for table `ec_order_product`
--

LOCK TABLES `ec_order_product` WRITE;
/*!40000 ALTER TABLE `ec_order_product` DISABLE KEYS */;
INSERT INTO `ec_order_product` VALUES (1,1,2,316.00,31.60,'[]',28,'Headphone Ultra Bass',1170.00,0,'2022-09-10 03:29:51','2022-09-10 03:29:51'),(2,1,3,88.00,8.80,'[]',36,'Chikie - Bluetooth Speaker',2115.00,0,'2022-09-10 03:29:51','2022-09-10 03:29:51'),(3,1,3,55.00,5.50,'[]',39,'Camera Samsung SS-24',1857.00,0,'2022-09-10 03:29:51','2022-09-10 03:29:51'),(4,1,1,485.00,48.50,'[]',49,'Macbook Air 12 inch',847.00,0,'2022-09-10 03:29:51','2022-09-10 03:29:51'),(5,2,3,111.00,11.10,'[]',69,'Black Smart Watches',2268.00,0,'2022-09-10 03:29:51','2022-09-10 03:29:51'),(6,2,3,128.00,12.80,'[]',85,'Phillips Mouse',1917.00,0,'2022-09-10 03:29:51','2022-09-10 03:29:51'),(7,3,2,447.00,44.70,'[]',26,'Smart Home Speaker',1564.00,0,'2022-09-10 03:29:51','2022-09-10 03:29:51'),(8,3,2,55.00,5.50,'[]',38,'Camera Samsung SS-24',1238.00,0,'2022-09-10 03:29:51','2022-09-10 03:29:51'),(9,3,2,112.00,11.20,'[]',66,'Apple Airpods Serial 3',1454.00,0,'2022-09-10 03:29:51','2022-09-10 03:29:51'),(10,4,1,119.00,11.90,'[]',51,'Apple Watch Serial 7',797.00,0,'2022-09-10 03:29:51','2022-09-10 03:29:51'),(11,4,3,112.00,11.20,'[]',64,'Apple Airpods Serial 3',2181.00,0,'2022-09-10 03:29:51','2022-09-10 03:29:51'),(12,4,2,115.00,11.50,'[]',76,'Macbook Pro 2015 13 inch',1384.00,0,'2022-09-10 03:29:51','2022-09-10 03:29:51'),(13,4,3,128.00,12.80,'[]',86,'Phillips Mouse',1917.00,0,'2022-09-10 03:29:51','2022-09-10 03:29:51'),(14,5,2,485.00,48.50,'[]',49,'Macbook Air 12 inch',1694.00,0,'2022-09-10 03:29:51','2022-09-10 03:29:51'),(15,5,1,110.00,11.00,'[]',57,'MacSafe 80W',852.00,0,'2022-09-10 03:29:51','2022-09-10 03:29:51'),(16,5,2,125.00,12.50,'[]',63,'Hand playstation',1228.00,0,'2022-09-10 03:29:51','2022-09-10 03:29:51'),(17,5,2,128.00,12.80,'[]',85,'Phillips Mouse',1278.00,0,'2022-09-10 03:29:51','2022-09-10 03:29:51'),(18,6,2,316.00,31.60,'[]',28,'Headphone Ultra Bass',1170.00,0,'2022-09-10 03:29:51','2022-09-10 03:29:51'),(19,6,2,119.00,11.90,'[]',50,'Apple Watch Serial 7',1594.00,0,'2022-09-10 03:29:51','2022-09-10 03:29:51'),(20,6,1,125.00,12.50,'[]',61,'Hand playstation',614.00,0,'2022-09-10 03:29:51','2022-09-10 03:29:51'),(21,7,3,447.00,44.70,'[]',26,'Smart Home Speaker',2346.00,0,'2022-09-10 03:29:51','2022-09-10 03:29:51'),(22,7,3,88.00,8.80,'[]',34,'Chikie - Bluetooth Speaker',2115.00,0,'2022-09-10 03:29:51','2022-09-10 03:29:51'),(23,7,1,124.00,12.40,'[]',40,'Leather Watch Band',765.00,0,'2022-09-10 03:29:51','2022-09-10 03:29:51'),(24,7,3,127.00,12.70,'[]',74,'Leather Watch Band Serial 3',2280.00,0,'2022-09-10 03:29:51','2022-09-10 03:29:51'),(25,8,1,112.00,11.20,'[]',64,'Apple Airpods Serial 3',727.00,0,'2022-09-10 03:29:51','2022-09-10 03:29:51'),(26,8,2,112.00,11.20,'[]',67,'Apple Airpods Serial 3',1454.00,0,'2022-09-10 03:29:51','2022-09-10 03:29:51'),(27,9,2,444.00,44.40,'[]',31,'Boxed - Bluetooth Headphone',1672.00,0,'2022-09-10 03:29:51','2022-09-10 03:29:51'),(28,9,2,110.00,11.00,'[]',43,'Apple iPhone 13 Plus',1024.00,0,'2022-09-10 03:29:51','2022-09-10 03:29:51'),(29,9,3,110.00,11.00,'[]',45,'Apple iPhone 13 Plus',1536.00,0,'2022-09-10 03:29:51','2022-09-10 03:29:51'),(30,9,2,128.00,12.80,'[]',88,'Phillips Mouse',1278.00,0,'2022-09-10 03:29:51','2022-09-10 03:29:51'),(31,10,3,485.00,48.50,'[]',49,'Macbook Air 12 inch',2541.00,0,'2022-09-10 03:29:51','2022-09-10 03:29:51'),(32,10,3,128.00,12.80,'[]',87,'Phillips Mouse',1917.00,0,'2022-09-10 03:29:51','2022-09-10 03:29:51'),(33,11,1,110.00,11.00,'[]',59,'MacSafe 80W',852.00,0,'2022-09-10 03:29:51','2022-09-10 03:29:51'),(34,11,2,119.00,11.90,'[]',83,'Black Glasses',1314.00,0,'2022-09-10 03:29:51','2022-09-10 03:29:51'),(35,12,2,55.00,5.50,'[]',38,'Camera Samsung SS-24',1238.00,0,'2022-09-10 03:29:51','2022-09-10 03:29:51'),(36,12,3,115.00,11.50,'[]',79,'Macbook Pro 2015 13 inch',2076.00,0,'2022-09-10 03:29:51','2022-09-10 03:29:51'),(37,13,3,110.00,11.00,'[]',45,'Apple iPhone 13 Plus',1536.00,0,'2022-09-10 03:29:51','2022-09-10 03:29:51'),(38,13,3,129.00,12.90,'[]',48,'Macbook Pro 2015',1587.00,0,'2022-09-10 03:29:51','2022-09-10 03:29:51'),(39,13,2,116.00,11.60,'[]',53,'Macbook Pro 13 inch',1452.00,0,'2022-09-10 03:29:51','2022-09-10 03:29:51'),(40,14,2,88.00,8.80,'[]',34,'Chikie - Bluetooth Speaker',1410.00,0,'2022-09-10 03:29:51','2022-09-10 03:29:51'),(41,14,1,110.00,11.00,'[]',58,'MacSafe 80W',852.00,0,'2022-09-10 03:29:51','2022-09-10 03:29:51'),(42,15,1,447.00,44.70,'[]',25,'Smart Home Speaker',782.00,0,'2022-09-10 03:29:51','2022-09-10 03:29:51'),(43,15,3,49.00,4.90,'[]',37,'Camera Hikvision HK-35VS8',1722.00,0,'2022-09-10 03:29:51','2022-09-10 03:29:51'),(44,15,3,130.00,13.00,'[]',68,'Cool Smart Watches',2211.00,0,'2022-09-10 03:29:51','2022-09-10 03:29:51'),(45,16,1,111.00,11.10,'[]',72,'Black Smart Watches',756.00,0,'2022-09-10 03:29:51','2022-09-10 03:29:51'),(46,16,2,127.00,12.70,'[]',74,'Leather Watch Band Serial 3',1520.00,0,'2022-09-10 03:29:51','2022-09-10 03:29:51'),(47,16,1,115.00,11.50,'[]',78,'Macbook Pro 2015 13 inch',692.00,0,'2022-09-10 03:29:51','2022-09-10 03:29:51'),(48,16,3,128.00,12.80,'[]',88,'Phillips Mouse',1917.00,0,'2022-09-10 03:29:51','2022-09-10 03:29:51'),(49,17,3,110.00,11.00,'[]',59,'MacSafe 80W',2556.00,0,'2022-09-10 03:29:51','2022-09-10 03:29:51'),(50,17,3,112.00,11.20,'[]',66,'Apple Airpods Serial 3',2181.00,0,'2022-09-10 03:29:51','2022-09-10 03:29:51'),(51,18,1,129.00,12.90,'[]',47,'Macbook Pro 2015',529.00,0,'2022-09-10 03:29:51','2022-09-10 03:29:51'),(52,18,3,125.00,12.50,'[]',61,'Hand playstation',1842.00,0,'2022-09-10 03:29:51','2022-09-10 03:29:51'),(53,18,3,111.00,11.10,'[]',72,'Black Smart Watches',2268.00,0,'2022-09-10 03:29:51','2022-09-10 03:29:51'),(54,19,2,129.00,12.90,'[]',48,'Macbook Pro 2015',1058.00,0,'2022-09-10 03:29:51','2022-09-10 03:29:51'),(55,19,2,128.00,12.80,'[]',85,'Phillips Mouse',1278.00,0,'2022-09-10 03:29:51','2022-09-10 03:29:51'),(56,20,2,316.00,31.60,'[]',28,'Headphone Ultra Bass',1170.00,0,'2022-09-10 03:29:51','2022-09-10 03:29:51'),(57,20,2,128.00,12.80,'[]',88,'Phillips Mouse',1278.00,0,'2022-09-10 03:29:51','2022-09-10 03:29:51');
/*!40000 ALTER TABLE `ec_order_product` ENABLE KEYS */;
UNLOCK TABLES;

--
-- Table structure for table `ec_order_referrals`
--

DROP TABLE IF EXISTS `ec_order_referrals`;
/*!40101 SET @saved_cs_client     = @@character_set_client */;
/*!50503 SET character_set_client = utf8mb4 */;
CREATE TABLE `ec_order_referrals` (
  `id` bigint unsigned NOT NULL AUTO_INCREMENT,
  `ip` varchar(39) CHARACTER SET utf8mb4 COLLATE utf8mb4_unicode_ci DEFAULT NULL,
  `landing_domain` varchar(255) CHARACTER SET utf8mb4 COLLATE utf8mb4_unicode_ci DEFAULT NULL,
  `landing_page` varchar(255) CHARACTER SET utf8mb4 COLLATE utf8mb4_unicode_ci DEFAULT NULL,
  `landing_params` varchar(255) CHARACTER SET utf8mb4 COLLATE utf8mb4_unicode_ci DEFAULT NULL,
  `referral` varchar(255) CHARACTER SET utf8mb4 COLLATE utf8mb4_unicode_ci DEFAULT NULL,
  `gclid` varchar(255) CHARACTER SET utf8mb4 COLLATE utf8mb4_unicode_ci DEFAULT NULL,
  `fclid` varchar(255) CHARACTER SET utf8mb4 COLLATE utf8mb4_unicode_ci DEFAULT NULL,
  `utm_source` varchar(255) CHARACTER SET utf8mb4 COLLATE utf8mb4_unicode_ci DEFAULT NULL,
  `utm_campaign` varchar(255) CHARACTER SET utf8mb4 COLLATE utf8mb4_unicode_ci DEFAULT NULL,
  `utm_medium` varchar(255) CHARACTER SET utf8mb4 COLLATE utf8mb4_unicode_ci DEFAULT NULL,
  `utm_term` varchar(255) CHARACTER SET utf8mb4 COLLATE utf8mb4_unicode_ci DEFAULT NULL,
  `utm_content` varchar(255) CHARACTER SET utf8mb4 COLLATE utf8mb4_unicode_ci DEFAULT NULL,
  `referrer_url` text CHARACTER SET utf8mb4 COLLATE utf8mb4_unicode_ci,
  `referrer_domain` varchar(255) CHARACTER SET utf8mb4 COLLATE utf8mb4_unicode_ci DEFAULT NULL,
  `order_id` int DEFAULT NULL,
  `created_at` timestamp NULL DEFAULT NULL,
  `updated_at` timestamp NULL DEFAULT NULL,
  PRIMARY KEY (`id`),
  KEY `ec_order_referrals_order_id_index` (`order_id`)
) ENGINE=InnoDB DEFAULT CHARSET=utf8mb4 COLLATE=utf8mb4_unicode_ci;
/*!40101 SET character_set_client = @saved_cs_client */;

--
-- Dumping data for table `ec_order_referrals`
--

LOCK TABLES `ec_order_referrals` WRITE;
/*!40000 ALTER TABLE `ec_order_referrals` DISABLE KEYS */;
/*!40000 ALTER TABLE `ec_order_referrals` ENABLE KEYS */;
UNLOCK TABLES;

--
-- Table structure for table `ec_order_return_items`
--

DROP TABLE IF EXISTS `ec_order_return_items`;
/*!40101 SET @saved_cs_client     = @@character_set_client */;
/*!50503 SET character_set_client = utf8mb4 */;
CREATE TABLE `ec_order_return_items` (
  `id` bigint unsigned NOT NULL AUTO_INCREMENT,
  `order_return_id` int unsigned NOT NULL COMMENT 'Order return id',
  `order_product_id` int unsigned NOT NULL COMMENT 'Order product id',
  `product_id` int unsigned NOT NULL COMMENT 'Product id',
  `product_name` varchar(191) COLLATE utf8mb4_unicode_ci NOT NULL,
  `qty` int NOT NULL COMMENT 'Quantity return',
  `price` decimal(15,2) NOT NULL COMMENT 'Price Product',
  `reason` text COLLATE utf8mb4_unicode_ci,
  `created_at` timestamp NULL DEFAULT NULL,
  `updated_at` timestamp NULL DEFAULT NULL,
  PRIMARY KEY (`id`)
) ENGINE=InnoDB DEFAULT CHARSET=utf8mb4 COLLATE=utf8mb4_unicode_ci;
/*!40101 SET character_set_client = @saved_cs_client */;

--
-- Dumping data for table `ec_order_return_items`
--

LOCK TABLES `ec_order_return_items` WRITE;
/*!40000 ALTER TABLE `ec_order_return_items` DISABLE KEYS */;
/*!40000 ALTER TABLE `ec_order_return_items` ENABLE KEYS */;
UNLOCK TABLES;

--
-- Table structure for table `ec_order_returns`
--

DROP TABLE IF EXISTS `ec_order_returns`;
/*!40101 SET @saved_cs_client     = @@character_set_client */;
/*!50503 SET character_set_client = utf8mb4 */;
CREATE TABLE `ec_order_returns` (
  `id` bigint unsigned NOT NULL AUTO_INCREMENT,
  `order_id` int unsigned NOT NULL COMMENT 'Order ID',
  `store_id` int unsigned DEFAULT NULL COMMENT 'Store ID',
  `user_id` int unsigned NOT NULL COMMENT 'Customer ID',
  `reason` text COLLATE utf8mb4_unicode_ci COMMENT 'Reason return order',
  `order_status` varchar(191) COLLATE utf8mb4_unicode_ci DEFAULT NULL COMMENT 'Order current status',
  `return_status` varchar(191) COLLATE utf8mb4_unicode_ci NOT NULL COMMENT 'Return status',
  `created_at` timestamp NULL DEFAULT NULL,
  `updated_at` timestamp NULL DEFAULT NULL,
  PRIMARY KEY (`id`)
) ENGINE=InnoDB DEFAULT CHARSET=utf8mb4 COLLATE=utf8mb4_unicode_ci;
/*!40101 SET character_set_client = @saved_cs_client */;

--
-- Dumping data for table `ec_order_returns`
--

LOCK TABLES `ec_order_returns` WRITE;
/*!40000 ALTER TABLE `ec_order_returns` DISABLE KEYS */;
/*!40000 ALTER TABLE `ec_order_returns` ENABLE KEYS */;
UNLOCK TABLES;

--
-- Table structure for table `ec_orders`
--

DROP TABLE IF EXISTS `ec_orders`;
/*!40101 SET @saved_cs_client     = @@character_set_client */;
/*!50503 SET character_set_client = utf8mb4 */;
CREATE TABLE `ec_orders` (
  `id` bigint unsigned NOT NULL AUTO_INCREMENT,
  `user_id` int unsigned NOT NULL,
  `shipping_option` varchar(60) CHARACTER SET utf8mb4 COLLATE utf8mb4_unicode_ci DEFAULT NULL,
  `shipping_method` varchar(60) CHARACTER SET utf8mb4 COLLATE utf8mb4_unicode_ci NOT NULL DEFAULT 'default',
  `status` varchar(120) CHARACTER SET utf8mb4 COLLATE utf8mb4_unicode_ci NOT NULL DEFAULT 'pending',
  `amount` decimal(15,2) NOT NULL,
  `tax_amount` decimal(15,2) DEFAULT NULL,
  `shipping_amount` decimal(15,2) DEFAULT NULL,
  `description` text CHARACTER SET utf8mb4 COLLATE utf8mb4_unicode_ci,
  `coupon_code` varchar(120) CHARACTER SET utf8mb4 COLLATE utf8mb4_unicode_ci DEFAULT NULL,
  `discount_amount` decimal(15,2) DEFAULT NULL,
  `sub_total` decimal(15,2) NOT NULL,
  `is_confirmed` tinyint(1) NOT NULL DEFAULT '0',
  `discount_description` varchar(255) CHARACTER SET utf8mb4 COLLATE utf8mb4_unicode_ci DEFAULT NULL,
  `is_finished` tinyint(1) DEFAULT '0',
  `completed_at` timestamp NULL DEFAULT NULL,
  `token` varchar(120) CHARACTER SET utf8mb4 COLLATE utf8mb4_unicode_ci DEFAULT NULL,
  `payment_id` int unsigned DEFAULT NULL,
  `created_at` timestamp NULL DEFAULT NULL,
  `updated_at` timestamp NULL DEFAULT NULL,
  PRIMARY KEY (`id`),
  KEY `ec_orders_user_id_status_created_at_index` (`user_id`,`status`,`created_at`)
) ENGINE=InnoDB AUTO_INCREMENT=21 DEFAULT CHARSET=utf8mb4 COLLATE=utf8mb4_unicode_ci;
/*!40101 SET character_set_client = @saved_cs_client */;

--
-- Dumping data for table `ec_orders`
--

LOCK TABLES `ec_orders` WRITE;
/*!40000 ALTER TABLE `ec_orders` DISABLE KEYS */;
INSERT INTO `ec_orders` VALUES (1,8,'1','default','completed',1640.40,94.40,0.00,NULL,NULL,0.00,1546.00,1,NULL,1,'2022-09-10 03:29:51','6NuNkQNtucxnreFNOd90sH15YihgB',1,'2022-09-08 11:29:51','2022-09-10 03:29:51'),(2,5,'1','default','pending',740.90,23.90,0.00,NULL,NULL,0.00,717.00,1,NULL,1,NULL,'j6GhBPVbYkQB8N6hd9TB7sohUHBHB',2,'2022-08-26 21:29:51','2022-09-10 03:29:51'),(3,9,'1','default','pending',1289.40,61.40,0.00,NULL,NULL,0.00,1228.00,1,NULL,1,NULL,'SzAcUsecJo0Fug1qjpeUsL2qlZDCE',3,'2022-08-26 03:29:51','2022-09-10 03:29:51'),(4,7,'1','default','completed',1116.40,47.40,0.00,NULL,NULL,0.00,1069.00,1,NULL,1,'2022-09-10 03:29:51','w2oNSmSuDXftDqk6xsiZDyRisxTjf',4,'2022-08-28 09:29:51','2022-09-10 03:29:51'),(5,6,'1','default','pending',1670.80,84.80,0.00,NULL,NULL,0.00,1586.00,1,NULL,1,NULL,'iOQqfvsohUsmpMlJt1refNJqEBBQi',5,'2022-09-02 03:29:51','2022-09-10 03:29:51'),(6,3,'1','default','pending',1051.00,56.00,0.00,NULL,NULL,0.00,995.00,1,NULL,1,NULL,'TTF1VXDIXnSIpUu4lGU2R7IRdTW0T',6,'2022-09-01 09:29:51','2022-09-10 03:29:51'),(7,3,'1','default','completed',2188.60,78.60,0.00,NULL,NULL,0.00,2110.00,1,NULL,1,'2022-09-10 03:29:51','KqnWaM7LWThikHcofJoOHcXXQgqpI',7,'2022-09-06 15:29:51','2022-09-10 03:29:51'),(8,5,'1','default','completed',358.40,22.40,0.00,NULL,NULL,0.00,336.00,1,NULL,1,'2022-09-10 03:29:51','N8qg87dJbMQYFAIbCHzIqMT1nYRGL',8,'2022-09-05 19:29:51','2022-09-10 03:29:51'),(9,1,'1','default','pending',1773.20,79.20,0.00,NULL,NULL,0.00,1694.00,1,NULL,1,NULL,'kxY08KnUjG9voy90xe0v1eLYDrJAq',9,'2022-09-09 03:29:51','2022-09-10 03:29:51'),(10,5,'1','default','pending',1900.30,61.30,0.00,NULL,NULL,0.00,1839.00,1,NULL,1,NULL,'YFgN10olUc0asBkIO2XSHqynabAIf',10,'2022-09-08 07:29:51','2022-09-10 03:29:51'),(11,8,'1','default','completed',370.90,22.90,0.00,NULL,NULL,0.00,348.00,1,NULL,1,'2022-09-10 03:29:51','IBrMzbBI7GvNCAA5utDp2jI7hdu5U',11,'2022-09-03 11:29:51','2022-09-10 03:29:51'),(12,5,'1','default','pending',472.00,17.00,0.00,NULL,NULL,0.00,455.00,1,NULL,1,NULL,'SM5fpaGg01rqFspAJAx2Pagj1qlF7',12,'2022-09-07 03:29:51','2022-09-10 03:29:51'),(13,6,'1','default','completed',984.50,35.50,0.00,NULL,NULL,0.00,949.00,1,NULL,1,'2022-09-10 03:29:51','CvrQBCqaNyySNOuaChIKBmyHPO4Cr',13,'2022-09-08 19:29:51','2022-09-10 03:29:51'),(14,5,'1','default','pending',305.80,19.80,0.00,NULL,NULL,0.00,286.00,1,NULL,1,NULL,'IvpeEmU8NfCaiX1UEBRwP5Yupo0hw',14,'2022-09-06 15:29:51','2022-09-10 03:29:51'),(15,9,'1','default','completed',1046.60,62.60,0.00,NULL,NULL,0.00,984.00,1,NULL,1,'2022-09-10 03:29:51','fulGS6aqKYgvB8F3hbrLwh8GG6Xa0',15,'2022-09-06 03:29:51','2022-09-10 03:29:51'),(16,6,'1','default','pending',912.10,48.10,0.00,NULL,NULL,0.00,864.00,1,NULL,1,NULL,'SH0e7V3yjGonX1Y7ytml0JwKiteQ6',16,'2022-09-09 17:29:51','2022-09-10 03:29:51'),(17,1,'1','default','pending',688.20,22.20,0.00,NULL,NULL,0.00,666.00,1,NULL,1,NULL,'qAyyjiEn6uDomgUxxHkPfjRxit0Rh',17,'2022-09-07 19:29:51','2022-09-10 03:29:51'),(18,7,'1','default','completed',873.50,36.50,0.00,NULL,NULL,0.00,837.00,1,NULL,1,'2022-09-10 03:29:51','UiPoMDhl6Eqmp9JuXBanyVBDWeNtZ',18,'2022-09-09 15:29:51','2022-09-10 03:29:51'),(19,6,'1','default','pending',539.70,25.70,0.00,NULL,NULL,0.00,514.00,1,NULL,1,NULL,'LyfWsE9lJsGJQGG6NZaz4HHyivJ5l',19,'2022-09-08 23:29:51','2022-09-10 03:29:51'),(20,9,'1','default','pending',932.40,44.40,0.00,NULL,NULL,0.00,888.00,1,NULL,1,NULL,'tzx7uukkU3E3iWKMjwiycBhqpzx1l',20,'2022-09-09 21:29:51','2022-09-10 03:29:51');
/*!40000 ALTER TABLE `ec_orders` ENABLE KEYS */;
UNLOCK TABLES;

--
-- Table structure for table `ec_product_attribute_sets`
--

DROP TABLE IF EXISTS `ec_product_attribute_sets`;
/*!40101 SET @saved_cs_client     = @@character_set_client */;
/*!50503 SET character_set_client = utf8mb4 */;
CREATE TABLE `ec_product_attribute_sets` (
  `id` bigint unsigned NOT NULL AUTO_INCREMENT,
  `title` varchar(120) CHARACTER SET utf8mb4 COLLATE utf8mb4_unicode_ci NOT NULL,
  `slug` varchar(120) CHARACTER SET utf8mb4 COLLATE utf8mb4_unicode_ci DEFAULT NULL,
  `display_layout` varchar(191) CHARACTER SET utf8mb4 COLLATE utf8mb4_unicode_ci NOT NULL DEFAULT 'swatch_dropdown',
  `is_searchable` tinyint unsigned NOT NULL DEFAULT '1',
  `is_comparable` tinyint unsigned NOT NULL DEFAULT '1',
  `is_use_in_product_listing` tinyint unsigned NOT NULL DEFAULT '0',
  `status` varchar(60) CHARACTER SET utf8mb4 COLLATE utf8mb4_unicode_ci NOT NULL DEFAULT 'published',
  `order` tinyint unsigned NOT NULL DEFAULT '0',
  `created_at` timestamp NULL DEFAULT NULL,
  `updated_at` timestamp NULL DEFAULT NULL,
  `use_image_from_product_variation` tinyint unsigned NOT NULL DEFAULT '0',
  PRIMARY KEY (`id`)
) ENGINE=InnoDB AUTO_INCREMENT=3 DEFAULT CHARSET=utf8mb4 COLLATE=utf8mb4_unicode_ci;
/*!40101 SET character_set_client = @saved_cs_client */;

--
-- Dumping data for table `ec_product_attribute_sets`
--

LOCK TABLES `ec_product_attribute_sets` WRITE;
/*!40000 ALTER TABLE `ec_product_attribute_sets` DISABLE KEYS */;
INSERT INTO `ec_product_attribute_sets` VALUES (1,'Color','color','visual',1,1,1,'published',0,'2022-09-10 03:29:50','2022-09-10 03:29:50',0),(2,'Size','size','text',1,1,1,'published',1,'2022-09-10 03:29:50','2022-09-10 03:29:50',0);
/*!40000 ALTER TABLE `ec_product_attribute_sets` ENABLE KEYS */;
UNLOCK TABLES;

--
-- Table structure for table `ec_product_attribute_sets_translations`
--

DROP TABLE IF EXISTS `ec_product_attribute_sets_translations`;
/*!40101 SET @saved_cs_client     = @@character_set_client */;
/*!50503 SET character_set_client = utf8mb4 */;
CREATE TABLE `ec_product_attribute_sets_translations` (
  `lang_code` varchar(191) CHARACTER SET utf8mb4 COLLATE utf8mb4_unicode_ci NOT NULL,
  `ec_product_attribute_sets_id` int NOT NULL,
  `title` varchar(191) CHARACTER SET utf8mb4 COLLATE utf8mb4_unicode_ci DEFAULT NULL,
  PRIMARY KEY (`lang_code`,`ec_product_attribute_sets_id`)
) ENGINE=InnoDB DEFAULT CHARSET=utf8mb4 COLLATE=utf8mb4_unicode_ci;
/*!40101 SET character_set_client = @saved_cs_client */;

--
-- Dumping data for table `ec_product_attribute_sets_translations`
--

LOCK TABLES `ec_product_attribute_sets_translations` WRITE;
/*!40000 ALTER TABLE `ec_product_attribute_sets_translations` DISABLE KEYS */;
INSERT INTO `ec_product_attribute_sets_translations` VALUES ('vi',1,'Màu sắc'),('vi',2,'Kích thước');
/*!40000 ALTER TABLE `ec_product_attribute_sets_translations` ENABLE KEYS */;
UNLOCK TABLES;

--
-- Table structure for table `ec_product_attributes`
--

DROP TABLE IF EXISTS `ec_product_attributes`;
/*!40101 SET @saved_cs_client     = @@character_set_client */;
/*!50503 SET character_set_client = utf8mb4 */;
CREATE TABLE `ec_product_attributes` (
  `id` bigint unsigned NOT NULL AUTO_INCREMENT,
  `attribute_set_id` int unsigned NOT NULL,
  `title` varchar(120) CHARACTER SET utf8mb4 COLLATE utf8mb4_unicode_ci NOT NULL,
  `slug` varchar(120) CHARACTER SET utf8mb4 COLLATE utf8mb4_unicode_ci DEFAULT NULL,
  `color` varchar(50) CHARACTER SET utf8mb4 COLLATE utf8mb4_unicode_ci DEFAULT NULL,
  `image` varchar(191) CHARACTER SET utf8mb4 COLLATE utf8mb4_unicode_ci DEFAULT NULL,
  `is_default` tinyint unsigned NOT NULL DEFAULT '0',
  `order` tinyint unsigned NOT NULL DEFAULT '0',
  `status` varchar(60) CHARACTER SET utf8mb4 COLLATE utf8mb4_unicode_ci NOT NULL DEFAULT 'published',
  `created_at` timestamp NULL DEFAULT NULL,
  `updated_at` timestamp NULL DEFAULT NULL,
  PRIMARY KEY (`id`),
  KEY `ec_product_attributes_attribute_set_id_status_index` (`attribute_set_id`,`status`)
) ENGINE=InnoDB AUTO_INCREMENT=11 DEFAULT CHARSET=utf8mb4 COLLATE=utf8mb4_unicode_ci;
/*!40101 SET character_set_client = @saved_cs_client */;

--
-- Dumping data for table `ec_product_attributes`
--

LOCK TABLES `ec_product_attributes` WRITE;
/*!40000 ALTER TABLE `ec_product_attributes` DISABLE KEYS */;
INSERT INTO `ec_product_attributes` VALUES (1,1,'Green','green','#5FB7D4',NULL,1,1,'published','2022-09-10 03:29:50','2022-09-10 03:29:50'),(2,1,'Blue','blue','#333333',NULL,0,2,'published','2022-09-10 03:29:50','2022-09-10 03:29:50'),(3,1,'Red','red','#DA323F',NULL,0,3,'published','2022-09-10 03:29:50','2022-09-10 03:29:50'),(4,1,'Black','back','#2F366C',NULL,0,4,'published','2022-09-10 03:29:50','2022-09-10 03:29:50'),(5,1,'Brown','brown','#87554B',NULL,0,5,'published','2022-09-10 03:29:50','2022-09-10 03:29:50'),(6,2,'S','s',NULL,NULL,1,1,'published','2022-09-10 03:29:50','2022-09-10 03:29:50'),(7,2,'M','m',NULL,NULL,0,2,'published','2022-09-10 03:29:50','2022-09-10 03:29:50'),(8,2,'L','l',NULL,NULL,0,3,'published','2022-09-10 03:29:50','2022-09-10 03:29:50'),(9,2,'XL','xl',NULL,NULL,0,4,'published','2022-09-10 03:29:50','2022-09-10 03:29:50'),(10,2,'XXL','xxl',NULL,NULL,0,5,'published','2022-09-10 03:29:50','2022-09-10 03:29:50');
/*!40000 ALTER TABLE `ec_product_attributes` ENABLE KEYS */;
UNLOCK TABLES;

--
-- Table structure for table `ec_product_attributes_translations`
--

DROP TABLE IF EXISTS `ec_product_attributes_translations`;
/*!40101 SET @saved_cs_client     = @@character_set_client */;
/*!50503 SET character_set_client = utf8mb4 */;
CREATE TABLE `ec_product_attributes_translations` (
  `lang_code` varchar(191) CHARACTER SET utf8mb4 COLLATE utf8mb4_unicode_ci NOT NULL,
  `ec_product_attributes_id` int NOT NULL,
  `title` varchar(191) CHARACTER SET utf8mb4 COLLATE utf8mb4_unicode_ci DEFAULT NULL,
  PRIMARY KEY (`lang_code`,`ec_product_attributes_id`)
) ENGINE=InnoDB DEFAULT CHARSET=utf8mb4 COLLATE=utf8mb4_unicode_ci;
/*!40101 SET character_set_client = @saved_cs_client */;

--
-- Dumping data for table `ec_product_attributes_translations`
--

LOCK TABLES `ec_product_attributes_translations` WRITE;
/*!40000 ALTER TABLE `ec_product_attributes_translations` DISABLE KEYS */;
INSERT INTO `ec_product_attributes_translations` VALUES ('vi',1,'Xanh lá cây'),('vi',2,'Xanh da trời'),('vi',3,'Đỏ'),('vi',4,'Đen'),('vi',5,'Nâu'),('vi',6,'S'),('vi',7,'M'),('vi',8,'L'),('vi',9,'XL'),('vi',10,'XXL');
/*!40000 ALTER TABLE `ec_product_attributes_translations` ENABLE KEYS */;
UNLOCK TABLES;

--
-- Table structure for table `ec_product_categories`
--

DROP TABLE IF EXISTS `ec_product_categories`;
/*!40101 SET @saved_cs_client     = @@character_set_client */;
/*!50503 SET character_set_client = utf8mb4 */;
CREATE TABLE `ec_product_categories` (
  `id` bigint unsigned NOT NULL AUTO_INCREMENT,
  `name` varchar(191) CHARACTER SET utf8mb4 COLLATE utf8mb4_unicode_ci NOT NULL,
  `parent_id` int unsigned NOT NULL DEFAULT '0',
  `description` mediumtext CHARACTER SET utf8mb4 COLLATE utf8mb4_unicode_ci,
  `status` varchar(60) CHARACTER SET utf8mb4 COLLATE utf8mb4_unicode_ci NOT NULL DEFAULT 'published',
  `order` int unsigned NOT NULL DEFAULT '0',
  `image` varchar(255) CHARACTER SET utf8mb4 COLLATE utf8mb4_unicode_ci DEFAULT NULL,
  `is_featured` tinyint unsigned NOT NULL DEFAULT '0',
  `created_at` timestamp NULL DEFAULT NULL,
  `updated_at` timestamp NULL DEFAULT NULL,
  PRIMARY KEY (`id`),
  KEY `ec_product_categories_parent_id_status_created_at_index` (`parent_id`,`status`,`created_at`),
  KEY `ec_product_categories_parent_id_status_index` (`parent_id`,`status`)
) ENGINE=InnoDB AUTO_INCREMENT=31 DEFAULT CHARSET=utf8mb4 COLLATE=utf8mb4_unicode_ci;
/*!40101 SET character_set_client = @saved_cs_client */;

--
-- Dumping data for table `ec_product_categories`
--

LOCK TABLES `ec_product_categories` WRITE;
/*!40000 ALTER TABLE `ec_product_categories` DISABLE KEYS */;
INSERT INTO `ec_product_categories` VALUES (1,'Hot Promotions',0,NULL,'published',0,NULL,0,'2022-08-25 18:51:53','2022-08-25 18:51:53'),(2,'Electronics',0,NULL,'published',1,'product-categories/1.jpg',1,'2022-08-25 18:51:53','2022-08-25 18:51:53'),(3,'Home Audio & Theaters',2,NULL,'published',0,NULL,0,'2022-08-25 18:51:53','2022-08-25 18:51:53'),(4,'TV & Videos',2,NULL,'published',1,NULL,0,'2022-08-25 18:51:53','2022-08-25 18:51:53'),(5,'Camera, Photos & Videos',2,NULL,'published',2,NULL,0,'2022-08-25 18:51:53','2022-08-25 18:51:53'),(6,'Cellphones & Accessories',2,NULL,'published',3,NULL,0,'2022-08-25 18:51:53','2022-08-25 18:51:53'),(7,'Headphones',2,NULL,'published',4,NULL,0,'2022-08-25 18:51:53','2022-08-25 18:51:53'),(8,'Videos games',2,NULL,'published',5,NULL,0,'2022-08-25 18:51:54','2022-08-25 18:51:54'),(9,'Wireless Speakers',2,NULL,'published',6,NULL,0,'2022-08-25 18:51:54','2022-08-25 18:51:54'),(10,'Office Electronic',2,NULL,'published',7,NULL,0,'2022-08-25 18:51:54','2022-08-25 18:51:54'),(11,'Clothing',0,NULL,'published',2,'product-categories/2.jpg',1,'2022-08-25 18:51:54','2022-08-25 18:51:54'),(12,'Computers',0,NULL,'published',3,'product-categories/3.jpg',1,'2022-08-25 18:51:54','2022-08-25 18:51:54'),(13,'Computer & Tablets',12,NULL,'published',0,NULL,0,'2022-08-25 18:51:54','2022-08-25 18:51:54'),(14,'Laptop',12,NULL,'published',1,NULL,0,'2022-08-25 18:51:54','2022-08-25 18:51:54'),(15,'Monitors',12,NULL,'published',2,NULL,0,'2022-08-25 18:51:54','2022-08-25 18:51:54'),(16,'Computer Components',12,NULL,'published',3,NULL,0,'2022-08-25 18:51:54','2022-08-25 18:51:54'),(17,'Home & Kitchen',0,NULL,'published',4,'product-categories/4.jpg',1,'2022-08-25 18:51:54','2022-08-25 18:51:54'),(18,'Health & Beauty',0,NULL,'published',5,'product-categories/5.jpg',1,'2022-08-25 18:51:54','2022-08-25 18:51:54'),(19,'Jewelry & Watch',0,NULL,'published',6,'product-categories/6.jpg',1,'2022-08-25 18:51:54','2022-08-25 18:51:54'),(20,'Technology Toys',0,NULL,'published',7,'product-categories/7.jpg',1,'2022-08-25 18:51:54','2022-08-25 18:51:54'),(21,'Drive & Storages',20,NULL,'published',0,NULL,0,'2022-08-25 18:51:54','2022-08-25 18:51:54'),(22,'Gaming Laptop',20,NULL,'published',1,NULL,0,'2022-08-25 18:51:54','2022-08-25 18:51:54'),(23,'Security & Protection',20,NULL,'published',2,NULL,0,'2022-08-25 18:51:54','2022-08-25 18:51:54'),(24,'Accessories',20,NULL,'published',3,NULL,0,'2022-08-25 18:51:54','2022-08-25 18:51:54'),(25,'Phones',0,NULL,'published',8,'product-categories/8.jpg',1,'2022-08-25 18:51:54','2022-08-25 18:51:54'),(26,'Babies & Moms',0,NULL,'published',9,NULL,0,'2022-08-25 18:51:54','2022-08-25 18:51:54'),(27,'Sport & Outdoor',0,NULL,'published',10,NULL,0,'2022-08-25 18:51:54','2022-08-25 18:51:54'),(28,'Books & Office',0,NULL,'published',11,NULL,0,'2022-08-25 18:51:54','2022-08-25 18:51:54'),(29,'Cars & Motorcycles',0,NULL,'published',12,NULL,0,'2022-08-25 18:51:54','2022-08-25 18:51:54'),(30,'Home Improvements',0,NULL,'published',13,NULL,0,'2022-08-25 18:51:54','2022-08-25 18:51:54');
/*!40000 ALTER TABLE `ec_product_categories` ENABLE KEYS */;
UNLOCK TABLES;

--
-- Table structure for table `ec_product_categories_translations`
--

DROP TABLE IF EXISTS `ec_product_categories_translations`;
/*!40101 SET @saved_cs_client     = @@character_set_client */;
/*!50503 SET character_set_client = utf8mb4 */;
CREATE TABLE `ec_product_categories_translations` (
  `lang_code` varchar(191) CHARACTER SET utf8mb4 COLLATE utf8mb4_unicode_ci NOT NULL,
  `ec_product_categories_id` int NOT NULL,
  `name` varchar(191) CHARACTER SET utf8mb4 COLLATE utf8mb4_unicode_ci DEFAULT NULL,
  `description` text CHARACTER SET utf8mb4 COLLATE utf8mb4_unicode_ci,
  PRIMARY KEY (`lang_code`,`ec_product_categories_id`)
) ENGINE=InnoDB DEFAULT CHARSET=utf8mb4 COLLATE=utf8mb4_unicode_ci;
/*!40101 SET character_set_client = @saved_cs_client */;

--
-- Dumping data for table `ec_product_categories_translations`
--

LOCK TABLES `ec_product_categories_translations` WRITE;
/*!40000 ALTER TABLE `ec_product_categories_translations` DISABLE KEYS */;
INSERT INTO `ec_product_categories_translations` VALUES ('vi',1,'Khuyến mãi nổi bật',NULL),('vi',2,'Điện tử',NULL),('vi',3,'Âm thanh và hình ảnh',NULL),('vi',4,'TV & Videos',NULL),('vi',5,'Máy ảnh, Ảnh & Videos',NULL),('vi',6,'Điện thoại & Phụ kiện',NULL),('vi',7,'Tai nghe',NULL),('vi',8,'Trò chơi',NULL),('vi',9,'Tai nghe không dây',NULL),('vi',10,'Điện tử văn phòng',NULL),('vi',11,'Quần áo',NULL),('vi',12,'Máy tính',NULL),('vi',13,'Máy tính và máy tính bảng',NULL),('vi',14,'Máy vi tính',NULL),('vi',15,'Màn hình',NULL),('vi',16,'Thiết bị máy tính',NULL),('vi',17,'Đồ dùng nhà bếp',NULL),('vi',18,'Sức khỏe & làm đẹp',NULL),('vi',19,'Đồng hồ & trang sức',NULL),('vi',20,'Đồ chơi công nghệ',NULL),('vi',21,'Thiết bị lưu trữ',NULL),('vi',22,'Máy tính chơi game',NULL),('vi',23,'Bảo mật',NULL),('vi',24,'Phụ kiện',NULL),('vi',25,'Điện thoại',NULL),('vi',26,'Mẹ và bé',NULL),('vi',27,'Thể thao & ngoài trời',NULL),('vi',28,'Sách & Văn phòng',NULL),('vi',29,'Ôto & Xe máy',NULL),('vi',30,'Thiết bị gia đình',NULL);
/*!40000 ALTER TABLE `ec_product_categories_translations` ENABLE KEYS */;
UNLOCK TABLES;

--
-- Table structure for table `ec_product_category_product`
--

DROP TABLE IF EXISTS `ec_product_category_product`;
/*!40101 SET @saved_cs_client     = @@character_set_client */;
/*!50503 SET character_set_client = utf8mb4 */;
CREATE TABLE `ec_product_category_product` (
  `id` bigint unsigned NOT NULL AUTO_INCREMENT,
  `category_id` int unsigned NOT NULL,
  `product_id` int unsigned NOT NULL,
  PRIMARY KEY (`id`),
  KEY `ec_product_category_product_category_id_index` (`category_id`),
  KEY `ec_product_category_product_product_id_index` (`product_id`)
) ENGINE=InnoDB AUTO_INCREMENT=25 DEFAULT CHARSET=utf8mb4 COLLATE=utf8mb4_unicode_ci;
/*!40101 SET character_set_client = @saved_cs_client */;

--
-- Dumping data for table `ec_product_category_product`
--

LOCK TABLES `ec_product_category_product` WRITE;
/*!40000 ALTER TABLE `ec_product_category_product` DISABLE KEYS */;
INSERT INTO `ec_product_category_product` VALUES (1,22,1),(2,29,2),(3,31,3),(4,28,4),(5,3,5),(6,31,6),(7,21,7),(8,36,8),(9,33,9),(10,34,10),(11,6,11),(12,37,12),(13,4,13),(14,34,14),(15,34,15),(16,21,16),(17,33,17),(18,25,18),(19,31,19),(20,2,20),(21,2,21),(22,26,22),(23,20,23),(24,14,24);
/*!40000 ALTER TABLE `ec_product_category_product` ENABLE KEYS */;
UNLOCK TABLES;

--
-- Table structure for table `ec_product_collection_products`
--

DROP TABLE IF EXISTS `ec_product_collection_products`;
/*!40101 SET @saved_cs_client     = @@character_set_client */;
/*!50503 SET character_set_client = utf8mb4 */;
CREATE TABLE `ec_product_collection_products` (
  `id` bigint unsigned NOT NULL AUTO_INCREMENT,
  `product_collection_id` int unsigned NOT NULL,
  `product_id` int unsigned NOT NULL,
  PRIMARY KEY (`id`),
  KEY `ec_product_collection_products_product_collection_id_index` (`product_collection_id`),
  KEY `ec_product_collection_products_product_id_index` (`product_id`)
) ENGINE=InnoDB AUTO_INCREMENT=25 DEFAULT CHARSET=utf8mb4 COLLATE=utf8mb4_unicode_ci;
/*!40101 SET character_set_client = @saved_cs_client */;

--
-- Dumping data for table `ec_product_collection_products`
--

LOCK TABLES `ec_product_collection_products` WRITE;
/*!40000 ALTER TABLE `ec_product_collection_products` DISABLE KEYS */;
INSERT INTO `ec_product_collection_products` VALUES (1,2,1),(2,1,2),(3,3,3),(4,1,4),(5,3,5),(6,2,6),(7,3,7),(8,2,8),(9,2,9),(10,1,10),(11,1,11),(12,1,12),(13,1,13),(14,3,14),(15,2,15),(16,3,16),(17,2,17),(18,1,18),(19,1,19),(20,2,20),(21,2,21),(22,1,22),(23,3,23),(24,1,24);
/*!40000 ALTER TABLE `ec_product_collection_products` ENABLE KEYS */;
UNLOCK TABLES;

--
-- Table structure for table `ec_product_collections`
--

DROP TABLE IF EXISTS `ec_product_collections`;
/*!40101 SET @saved_cs_client     = @@character_set_client */;
/*!50503 SET character_set_client = utf8mb4 */;
CREATE TABLE `ec_product_collections` (
  `id` bigint unsigned NOT NULL AUTO_INCREMENT,
  `name` varchar(191) CHARACTER SET utf8mb4 COLLATE utf8mb4_unicode_ci NOT NULL,
  `slug` varchar(191) CHARACTER SET utf8mb4 COLLATE utf8mb4_unicode_ci NOT NULL,
  `description` varchar(400) CHARACTER SET utf8mb4 COLLATE utf8mb4_unicode_ci DEFAULT NULL,
  `image` varchar(255) CHARACTER SET utf8mb4 COLLATE utf8mb4_unicode_ci DEFAULT NULL,
  `status` varchar(60) CHARACTER SET utf8mb4 COLLATE utf8mb4_unicode_ci NOT NULL DEFAULT 'published',
  `created_at` timestamp NULL DEFAULT NULL,
  `updated_at` timestamp NULL DEFAULT NULL,
  `is_featured` tinyint unsigned NOT NULL DEFAULT '0',
  PRIMARY KEY (`id`)
) ENGINE=InnoDB AUTO_INCREMENT=4 DEFAULT CHARSET=utf8mb4 COLLATE=utf8mb4_unicode_ci;
/*!40101 SET character_set_client = @saved_cs_client */;

--
-- Dumping data for table `ec_product_collections`
--

LOCK TABLES `ec_product_collections` WRITE;
/*!40000 ALTER TABLE `ec_product_collections` DISABLE KEYS */;
INSERT INTO `ec_product_collections` VALUES (1,'New Arrival','new-arrival',NULL,NULL,'published','2022-08-25 18:51:55','2022-08-25 18:51:55',0),(2,'Best Sellers','best-sellers',NULL,NULL,'published','2022-08-25 18:51:55','2022-08-25 18:51:55',0),(3,'Special Offer','special-offer',NULL,NULL,'published','2022-08-25 18:51:55','2022-08-25 18:51:55',0);
/*!40000 ALTER TABLE `ec_product_collections` ENABLE KEYS */;
UNLOCK TABLES;

--
-- Table structure for table `ec_product_collections_translations`
--

DROP TABLE IF EXISTS `ec_product_collections_translations`;
/*!40101 SET @saved_cs_client     = @@character_set_client */;
/*!50503 SET character_set_client = utf8mb4 */;
CREATE TABLE `ec_product_collections_translations` (
  `lang_code` varchar(191) CHARACTER SET utf8mb4 COLLATE utf8mb4_unicode_ci NOT NULL,
  `ec_product_collections_id` int NOT NULL,
  `name` varchar(191) CHARACTER SET utf8mb4 COLLATE utf8mb4_unicode_ci DEFAULT NULL,
  `description` varchar(191) CHARACTER SET utf8mb4 COLLATE utf8mb4_unicode_ci DEFAULT NULL,
  PRIMARY KEY (`lang_code`,`ec_product_collections_id`)
) ENGINE=InnoDB DEFAULT CHARSET=utf8mb4 COLLATE=utf8mb4_unicode_ci;
/*!40101 SET character_set_client = @saved_cs_client */;

--
-- Dumping data for table `ec_product_collections_translations`
--

LOCK TABLES `ec_product_collections_translations` WRITE;
/*!40000 ALTER TABLE `ec_product_collections_translations` DISABLE KEYS */;
INSERT INTO `ec_product_collections_translations` VALUES ('vi',1,'Hàng mới về',NULL),('vi',2,'Bán chạy nhất',NULL),('vi',3,'Khuyến mãi đặc biệt',NULL);
/*!40000 ALTER TABLE `ec_product_collections_translations` ENABLE KEYS */;
UNLOCK TABLES;

--
-- Table structure for table `ec_product_cross_sale_relations`
--

DROP TABLE IF EXISTS `ec_product_cross_sale_relations`;
/*!40101 SET @saved_cs_client     = @@character_set_client */;
/*!50503 SET character_set_client = utf8mb4 */;
CREATE TABLE `ec_product_cross_sale_relations` (
  `id` bigint unsigned NOT NULL AUTO_INCREMENT,
  `from_product_id` int unsigned NOT NULL,
  `to_product_id` int unsigned NOT NULL,
  PRIMARY KEY (`id`),
  KEY `ec_product_cross_sale_relations_from_product_id_index` (`from_product_id`),
  KEY `ec_product_cross_sale_relations_to_product_id_index` (`to_product_id`)
) ENGINE=InnoDB AUTO_INCREMENT=91 DEFAULT CHARSET=utf8mb4 COLLATE=utf8mb4_unicode_ci;
/*!40101 SET character_set_client = @saved_cs_client */;

--
-- Dumping data for table `ec_product_cross_sale_relations`
--

LOCK TABLES `ec_product_cross_sale_relations` WRITE;
/*!40000 ALTER TABLE `ec_product_cross_sale_relations` DISABLE KEYS */;
INSERT INTO `ec_product_cross_sale_relations` VALUES (1,1,16),(2,1,23),(3,1,15),(4,1,9),(5,2,23),(6,2,15),(7,2,8),(8,3,4),(9,3,13),(10,3,5),(11,3,7),(12,4,23),(13,4,21),(14,4,20),(15,4,18),(16,5,17),(17,5,2),(18,5,14),(19,6,5),(20,6,17),(21,6,8),(22,6,24),(23,7,13),(24,7,24),(25,7,8),(26,7,3),(27,8,17),(28,8,18),(29,8,19),(30,9,16),(31,9,22),(32,9,10),(33,10,23),(34,10,5),(35,10,24),(36,10,18),(37,11,14),(38,11,4),(39,11,13),(40,11,10),(41,12,9),(42,12,16),(43,12,11),(44,12,5),(45,13,6),(46,13,7),(47,13,17),(48,14,24),(49,14,22),(50,14,10),(51,14,18),(52,15,21),(53,15,11),(54,15,22),(55,15,3),(56,16,4),(57,16,23),(58,16,12),(59,17,24),(60,17,13),(61,17,2),(62,17,10),(63,18,12),(64,18,8),(65,18,16),(66,18,20),(67,19,12),(68,19,17),(69,19,20),(70,19,10),(71,20,12),(72,20,5),(73,20,2),(74,20,24),(75,21,13),(76,21,16),(77,21,9),(78,21,3),(79,22,21),(80,22,11),(81,22,3),(82,22,23),(83,23,19),(84,23,6),(85,23,9),(86,23,1),(87,24,22),(88,24,23),(89,24,11),(90,24,2);
/*!40000 ALTER TABLE `ec_product_cross_sale_relations` ENABLE KEYS */;
UNLOCK TABLES;

--
-- Table structure for table `ec_product_label_products`
--

DROP TABLE IF EXISTS `ec_product_label_products`;
/*!40101 SET @saved_cs_client     = @@character_set_client */;
/*!50503 SET character_set_client = utf8mb4 */;
CREATE TABLE `ec_product_label_products` (
  `product_label_id` int unsigned NOT NULL,
  `product_id` int unsigned NOT NULL,
  PRIMARY KEY (`product_label_id`,`product_id`),
  KEY `ec_product_label_products_product_label_id_index` (`product_label_id`),
  KEY `ec_product_label_products_product_id_index` (`product_id`)
) ENGINE=InnoDB DEFAULT CHARSET=utf8mb4 COLLATE=utf8mb4_unicode_ci;
/*!40101 SET character_set_client = @saved_cs_client */;

--
-- Dumping data for table `ec_product_label_products`
--

LOCK TABLES `ec_product_label_products` WRITE;
/*!40000 ALTER TABLE `ec_product_label_products` DISABLE KEYS */;
INSERT INTO `ec_product_label_products` VALUES (1,7),(1,21),(3,14);
/*!40000 ALTER TABLE `ec_product_label_products` ENABLE KEYS */;
UNLOCK TABLES;

--
-- Table structure for table `ec_product_labels`
--

DROP TABLE IF EXISTS `ec_product_labels`;
/*!40101 SET @saved_cs_client     = @@character_set_client */;
/*!50503 SET character_set_client = utf8mb4 */;
CREATE TABLE `ec_product_labels` (
  `id` bigint unsigned NOT NULL AUTO_INCREMENT,
  `name` varchar(255) CHARACTER SET utf8mb4 COLLATE utf8mb4_unicode_ci NOT NULL,
  `color` varchar(120) CHARACTER SET utf8mb4 COLLATE utf8mb4_unicode_ci DEFAULT NULL,
  `status` varchar(60) CHARACTER SET utf8mb4 COLLATE utf8mb4_unicode_ci NOT NULL DEFAULT 'published',
  `created_at` timestamp NULL DEFAULT NULL,
  `updated_at` timestamp NULL DEFAULT NULL,
  PRIMARY KEY (`id`)
) ENGINE=InnoDB AUTO_INCREMENT=4 DEFAULT CHARSET=utf8mb4 COLLATE=utf8mb4_unicode_ci;
/*!40101 SET character_set_client = @saved_cs_client */;

--
-- Dumping data for table `ec_product_labels`
--

LOCK TABLES `ec_product_labels` WRITE;
/*!40000 ALTER TABLE `ec_product_labels` DISABLE KEYS */;
INSERT INTO `ec_product_labels` VALUES (1,'Hot','#ec2434','published','2022-08-25 18:51:55','2022-08-25 18:51:55'),(2,'New','#00c9a7','published','2022-08-25 18:51:55','2022-08-25 18:51:55'),(3,'Sale','#fe9931','published','2022-08-25 18:51:55','2022-08-25 18:51:55');
/*!40000 ALTER TABLE `ec_product_labels` ENABLE KEYS */;
UNLOCK TABLES;

--
-- Table structure for table `ec_product_labels_translations`
--

DROP TABLE IF EXISTS `ec_product_labels_translations`;
/*!40101 SET @saved_cs_client     = @@character_set_client */;
/*!50503 SET character_set_client = utf8mb4 */;
CREATE TABLE `ec_product_labels_translations` (
  `lang_code` varchar(191) CHARACTER SET utf8mb4 COLLATE utf8mb4_unicode_ci NOT NULL,
  `ec_product_labels_id` int NOT NULL,
  `name` varchar(191) CHARACTER SET utf8mb4 COLLATE utf8mb4_unicode_ci DEFAULT NULL,
  `description` varchar(191) CHARACTER SET utf8mb4 COLLATE utf8mb4_unicode_ci DEFAULT NULL,
  PRIMARY KEY (`lang_code`,`ec_product_labels_id`)
) ENGINE=InnoDB DEFAULT CHARSET=utf8mb4 COLLATE=utf8mb4_unicode_ci;
/*!40101 SET character_set_client = @saved_cs_client */;

--
-- Dumping data for table `ec_product_labels_translations`
--

LOCK TABLES `ec_product_labels_translations` WRITE;
/*!40000 ALTER TABLE `ec_product_labels_translations` DISABLE KEYS */;
INSERT INTO `ec_product_labels_translations` VALUES ('vi',1,'Nổi bật',NULL),('vi',2,'Mới',NULL),('vi',3,'Giảm giá',NULL);
/*!40000 ALTER TABLE `ec_product_labels_translations` ENABLE KEYS */;
UNLOCK TABLES;

--
-- Table structure for table `ec_product_related_relations`
--

DROP TABLE IF EXISTS `ec_product_related_relations`;
/*!40101 SET @saved_cs_client     = @@character_set_client */;
/*!50503 SET character_set_client = utf8mb4 */;
CREATE TABLE `ec_product_related_relations` (
  `id` bigint unsigned NOT NULL AUTO_INCREMENT,
  `from_product_id` int unsigned NOT NULL,
  `to_product_id` int unsigned NOT NULL,
  PRIMARY KEY (`id`),
  KEY `ec_product_related_relations_from_product_id_index` (`from_product_id`),
  KEY `ec_product_related_relations_to_product_id_index` (`to_product_id`)
) ENGINE=InnoDB DEFAULT CHARSET=utf8mb4 COLLATE=utf8mb4_unicode_ci;
/*!40101 SET character_set_client = @saved_cs_client */;

--
-- Dumping data for table `ec_product_related_relations`
--

LOCK TABLES `ec_product_related_relations` WRITE;
/*!40000 ALTER TABLE `ec_product_related_relations` DISABLE KEYS */;
/*!40000 ALTER TABLE `ec_product_related_relations` ENABLE KEYS */;
UNLOCK TABLES;

--
-- Table structure for table `ec_product_tag_product`
--

DROP TABLE IF EXISTS `ec_product_tag_product`;
/*!40101 SET @saved_cs_client     = @@character_set_client */;
/*!50503 SET character_set_client = utf8mb4 */;
CREATE TABLE `ec_product_tag_product` (
  `product_id` int unsigned NOT NULL,
  `tag_id` int unsigned NOT NULL,
  PRIMARY KEY (`product_id`,`tag_id`),
  KEY `ec_product_tag_product_product_id_index` (`product_id`),
  KEY `ec_product_tag_product_tag_id_index` (`tag_id`)
) ENGINE=InnoDB DEFAULT CHARSET=utf8mb4 COLLATE=utf8mb4_unicode_ci;
/*!40101 SET character_set_client = @saved_cs_client */;

--
-- Dumping data for table `ec_product_tag_product`
--

LOCK TABLES `ec_product_tag_product` WRITE;
/*!40000 ALTER TABLE `ec_product_tag_product` DISABLE KEYS */;
INSERT INTO `ec_product_tag_product` VALUES (1,3),(1,6),(2,5),(2,6),(3,4),(3,5),(4,3),(4,5),(5,4),(5,5),(5,6),(6,1),(6,3),(6,4),(7,2),(7,3),(7,4),(8,4),(8,6),(9,1),(9,2),(9,4),(10,3),(10,5),(10,6),(11,1),(11,2),(12,3),(13,1),(13,4),(13,5),(14,1),(14,3),(14,5),(15,1),(15,6),(16,4),(16,5),(17,2),(17,4),(18,1),(18,2),(18,5),(19,1),(19,2),(20,2),(20,4),(21,2),(21,4),(21,6),(22,2),(22,3),(22,4),(23,4),(23,6),(24,2),(24,4);
/*!40000 ALTER TABLE `ec_product_tag_product` ENABLE KEYS */;
UNLOCK TABLES;

--
-- Table structure for table `ec_product_tags`
--

DROP TABLE IF EXISTS `ec_product_tags`;
/*!40101 SET @saved_cs_client     = @@character_set_client */;
/*!50503 SET character_set_client = utf8mb4 */;
CREATE TABLE `ec_product_tags` (
  `id` bigint unsigned NOT NULL AUTO_INCREMENT,
  `name` varchar(120) CHARACTER SET utf8mb4 COLLATE utf8mb4_unicode_ci NOT NULL,
  `description` varchar(400) CHARACTER SET utf8mb4 COLLATE utf8mb4_unicode_ci DEFAULT NULL,
  `status` varchar(60) CHARACTER SET utf8mb4 COLLATE utf8mb4_unicode_ci NOT NULL DEFAULT 'published',
  `created_at` timestamp NULL DEFAULT NULL,
  `updated_at` timestamp NULL DEFAULT NULL,
  PRIMARY KEY (`id`)
) ENGINE=InnoDB AUTO_INCREMENT=6 DEFAULT CHARSET=utf8mb4 COLLATE=utf8mb4_unicode_ci;
/*!40101 SET character_set_client = @saved_cs_client */;

--
-- Dumping data for table `ec_product_tags`
--

LOCK TABLES `ec_product_tags` WRITE;
/*!40000 ALTER TABLE `ec_product_tags` DISABLE KEYS */;
INSERT INTO `ec_product_tags` VALUES (1,'Wallet',NULL,'published','2022-08-25 18:51:55','2022-08-25 18:51:55'),(2,'Bags',NULL,'published','2022-08-25 18:51:55','2022-08-25 18:51:55'),(3,'Shoes',NULL,'published','2022-08-25 18:51:55','2022-08-25 18:51:55'),(4,'Clothes',NULL,'published','2022-08-25 18:51:55','2022-08-25 18:51:55'),(5,'Hand bag',NULL,'published','2022-08-25 18:51:55','2022-08-25 18:51:55');
/*!40000 ALTER TABLE `ec_product_tags` ENABLE KEYS */;
UNLOCK TABLES;

--
-- Table structure for table `ec_product_tags_translations`
--

DROP TABLE IF EXISTS `ec_product_tags_translations`;
/*!40101 SET @saved_cs_client     = @@character_set_client */;
/*!50503 SET character_set_client = utf8mb4 */;
CREATE TABLE `ec_product_tags_translations` (
  `lang_code` varchar(191) CHARACTER SET utf8mb4 COLLATE utf8mb4_unicode_ci NOT NULL,
  `ec_product_tags_id` int NOT NULL,
  `name` varchar(191) CHARACTER SET utf8mb4 COLLATE utf8mb4_unicode_ci DEFAULT NULL,
  PRIMARY KEY (`lang_code`,`ec_product_tags_id`)
) ENGINE=InnoDB DEFAULT CHARSET=utf8mb4 COLLATE=utf8mb4_unicode_ci;
/*!40101 SET character_set_client = @saved_cs_client */;

--
-- Dumping data for table `ec_product_tags_translations`
--

LOCK TABLES `ec_product_tags_translations` WRITE;
/*!40000 ALTER TABLE `ec_product_tags_translations` DISABLE KEYS */;
/*!40000 ALTER TABLE `ec_product_tags_translations` ENABLE KEYS */;
UNLOCK TABLES;

--
-- Table structure for table `ec_product_up_sale_relations`
--

DROP TABLE IF EXISTS `ec_product_up_sale_relations`;
/*!40101 SET @saved_cs_client     = @@character_set_client */;
/*!50503 SET character_set_client = utf8mb4 */;
CREATE TABLE `ec_product_up_sale_relations` (
  `id` bigint unsigned NOT NULL AUTO_INCREMENT,
  `from_product_id` int unsigned NOT NULL,
  `to_product_id` int unsigned NOT NULL,
  PRIMARY KEY (`id`),
  KEY `ec_product_up_sale_relations_from_product_id_index` (`from_product_id`),
  KEY `ec_product_up_sale_relations_to_product_id_index` (`to_product_id`)
) ENGINE=InnoDB DEFAULT CHARSET=utf8mb4 COLLATE=utf8mb4_unicode_ci;
/*!40101 SET character_set_client = @saved_cs_client */;

--
-- Dumping data for table `ec_product_up_sale_relations`
--

LOCK TABLES `ec_product_up_sale_relations` WRITE;
/*!40000 ALTER TABLE `ec_product_up_sale_relations` DISABLE KEYS */;
/*!40000 ALTER TABLE `ec_product_up_sale_relations` ENABLE KEYS */;
UNLOCK TABLES;

--
-- Table structure for table `ec_product_variation_items`
--

DROP TABLE IF EXISTS `ec_product_variation_items`;
/*!40101 SET @saved_cs_client     = @@character_set_client */;
/*!50503 SET character_set_client = utf8mb4 */;
CREATE TABLE `ec_product_variation_items` (
  `id` bigint unsigned NOT NULL AUTO_INCREMENT,
  `attribute_id` int unsigned NOT NULL,
  `variation_id` int unsigned NOT NULL,
  PRIMARY KEY (`id`),
  KEY `ec_product_variation_items_attribute_id_variation_id_index` (`attribute_id`,`variation_id`)
) ENGINE=InnoDB AUTO_INCREMENT=133 DEFAULT CHARSET=utf8mb4 COLLATE=utf8mb4_unicode_ci;
/*!40101 SET character_set_client = @saved_cs_client */;

--
-- Dumping data for table `ec_product_variation_items`
--

LOCK TABLES `ec_product_variation_items` WRITE;
/*!40000 ALTER TABLE `ec_product_variation_items` DISABLE KEYS */;
INSERT INTO `ec_product_variation_items` VALUES (3,1,2),(5,1,3),(9,1,5),(17,1,9),(27,1,14),(37,1,19),(41,1,21),(51,1,26),(59,1,30),(75,1,38),(87,1,44),(91,1,46),(93,1,47),(95,1,48),(107,1,54),(111,1,56),(115,1,58),(119,1,60),(123,1,62),(7,2,4),(11,2,6),(21,2,11),(61,2,31),(77,2,39),(81,2,41),(85,2,43),(99,2,50),(117,2,59),(127,2,64),(131,2,66),(15,3,8),(31,3,16),(45,3,23),(53,3,27),(55,3,28),(79,3,40),(105,3,53),(121,3,61),(129,3,65),(1,4,1),(13,4,7),(25,4,13),(33,4,17),(43,4,22),(49,4,25),(65,4,33),(69,4,35),(71,4,36),(73,4,37),(83,4,42),(89,4,45),(97,4,49),(101,4,51),(113,4,57),(125,4,63),(19,5,10),(23,5,12),(29,5,15),(35,5,18),(39,5,20),(47,5,24),(57,5,29),(63,5,32),(67,5,34),(103,5,52),(109,5,55),(6,6,3),(12,6,6),(14,6,7),(16,6,8),(30,6,15),(50,6,25),(96,6,48),(98,6,49),(100,6,50),(108,6,54),(120,6,60),(132,6,66),(8,7,4),(18,7,9),(22,7,11),(40,7,20),(44,7,22),(46,7,23),(48,7,24),(54,7,27),(68,7,34),(76,7,38),(84,7,42),(88,7,44),(106,7,53),(4,8,2),(28,8,14),(32,8,16),(38,8,19),(78,8,39),(86,8,43),(90,8,45),(94,8,47),(112,8,56),(114,8,57),(126,8,63),(130,8,65),(2,9,1),(10,9,5),(20,9,10),(26,9,13),(34,9,17),(42,9,21),(52,9,26),(62,9,31),(70,9,35),(74,9,37),(102,9,51),(116,9,58),(118,9,59),(122,9,61),(24,10,12),(36,10,18),(56,10,28),(58,10,29),(60,10,30),(64,10,32),(66,10,33),(72,10,36),(80,10,40),(82,10,41),(92,10,46),(104,10,52),(110,10,55),(124,10,62),(128,10,64);
/*!40000 ALTER TABLE `ec_product_variation_items` ENABLE KEYS */;
UNLOCK TABLES;

--
-- Table structure for table `ec_product_variations`
--

DROP TABLE IF EXISTS `ec_product_variations`;
/*!40101 SET @saved_cs_client     = @@character_set_client */;
/*!50503 SET character_set_client = utf8mb4 */;
CREATE TABLE `ec_product_variations` (
  `id` bigint unsigned NOT NULL AUTO_INCREMENT,
  `product_id` int unsigned DEFAULT NULL,
  `configurable_product_id` int unsigned NOT NULL,
  `is_default` tinyint NOT NULL DEFAULT '0',
  PRIMARY KEY (`id`),
  KEY `ec_product_variations_product_id_configurable_product_id_index` (`product_id`,`configurable_product_id`)
) ENGINE=InnoDB AUTO_INCREMENT=67 DEFAULT CHARSET=utf8mb4 COLLATE=utf8mb4_unicode_ci;
/*!40101 SET character_set_client = @saved_cs_client */;

--
-- Dumping data for table `ec_product_variations`
--

LOCK TABLES `ec_product_variations` WRITE;
/*!40000 ALTER TABLE `ec_product_variations` DISABLE KEYS */;
INSERT INTO `ec_product_variations` VALUES (1,25,1,1),(2,26,1,0),(3,27,1,0),(4,28,2,1),(5,29,2,0),(6,30,3,1),(7,31,3,0),(8,32,3,0),(9,33,3,0),(10,34,4,1),(11,35,4,0),(12,36,4,0),(13,37,5,1),(14,38,6,1),(15,39,6,0),(16,40,7,1),(17,41,7,0),(18,42,8,1),(19,43,8,0),(20,44,8,0),(21,45,8,0),(22,46,9,1),(23,47,9,0),(24,48,9,0),(25,49,10,1),(26,50,11,1),(27,51,11,0),(28,52,12,1),(29,53,12,0),(30,54,12,0),(31,55,13,1),(32,56,13,0),(33,57,14,1),(34,58,14,0),(35,59,14,0),(36,60,15,1),(37,61,15,0),(38,62,15,0),(39,63,15,0),(40,64,16,1),(41,65,16,0),(42,66,16,0),(43,67,16,0),(44,68,17,1),(45,69,18,1),(46,70,18,0),(47,71,18,0),(48,72,18,0),(49,73,19,1),(50,74,19,0),(51,75,20,1),(52,76,20,0),(53,77,20,0),(54,78,20,0),(55,79,20,0),(56,80,21,1),(57,81,22,1),(58,82,22,0),(59,83,22,0),(60,84,22,0),(61,85,23,1),(62,86,23,0),(63,87,23,0),(64,88,23,0),(65,89,23,0),(66,90,24,1);
/*!40000 ALTER TABLE `ec_product_variations` ENABLE KEYS */;
UNLOCK TABLES;

--
-- Table structure for table `ec_product_with_attribute_set`
--

DROP TABLE IF EXISTS `ec_product_with_attribute_set`;
/*!40101 SET @saved_cs_client     = @@character_set_client */;
/*!50503 SET character_set_client = utf8mb4 */;
CREATE TABLE `ec_product_with_attribute_set` (
  `id` bigint unsigned NOT NULL AUTO_INCREMENT,
  `attribute_set_id` int unsigned NOT NULL,
  `product_id` int unsigned NOT NULL,
  `order` tinyint unsigned NOT NULL DEFAULT '0',
  PRIMARY KEY (`id`)
) ENGINE=InnoDB AUTO_INCREMENT=49 DEFAULT CHARSET=utf8mb4 COLLATE=utf8mb4_unicode_ci;
/*!40101 SET character_set_client = @saved_cs_client */;

--
-- Dumping data for table `ec_product_with_attribute_set`
--

LOCK TABLES `ec_product_with_attribute_set` WRITE;
/*!40000 ALTER TABLE `ec_product_with_attribute_set` DISABLE KEYS */;
INSERT INTO `ec_product_with_attribute_set` VALUES (1,1,1,0),(2,2,1,0),(3,1,2,0),(4,2,2,0),(5,1,3,0),(6,2,3,0),(7,1,4,0),(8,2,4,0),(9,1,5,0),(10,2,5,0),(11,1,6,0),(12,2,6,0),(13,1,7,0),(14,2,7,0),(15,1,8,0),(16,2,8,0),(17,1,9,0),(18,2,9,0),(19,1,10,0),(20,2,10,0),(21,1,11,0),(22,2,11,0),(23,1,12,0),(24,2,12,0),(25,1,13,0),(26,2,13,0),(27,1,14,0),(28,2,14,0),(29,1,15,0),(30,2,15,0),(31,1,16,0),(32,2,16,0),(33,1,17,0),(34,2,17,0),(35,1,18,0),(36,2,18,0),(37,1,19,0),(38,2,19,0),(39,1,20,0),(40,2,20,0),(41,1,21,0),(42,2,21,0),(43,1,22,0),(44,2,22,0),(45,1,23,0),(46,2,23,0),(47,1,24,0),(48,2,24,0);
/*!40000 ALTER TABLE `ec_product_with_attribute_set` ENABLE KEYS */;
UNLOCK TABLES;

--
-- Table structure for table `ec_products`
--

DROP TABLE IF EXISTS `ec_products`;
/*!40101 SET @saved_cs_client     = @@character_set_client */;
/*!50503 SET character_set_client = utf8mb4 */;
CREATE TABLE `ec_products` (
  `id` bigint unsigned NOT NULL AUTO_INCREMENT,
  `name` varchar(191) CHARACTER SET utf8mb4 COLLATE utf8mb4_unicode_ci NOT NULL,
  `description` text CHARACTER SET utf8mb4 COLLATE utf8mb4_unicode_ci,
  `content` longtext CHARACTER SET utf8mb4 COLLATE utf8mb4_unicode_ci,
  `status` varchar(60) CHARACTER SET utf8mb4 COLLATE utf8mb4_unicode_ci NOT NULL DEFAULT 'published',
  `images` text CHARACTER SET utf8mb4 COLLATE utf8mb4_unicode_ci,
  `sku` varchar(191) CHARACTER SET utf8mb4 COLLATE utf8mb4_unicode_ci DEFAULT NULL,
  `order` int unsigned NOT NULL DEFAULT '0',
  `quantity` int unsigned DEFAULT NULL,
  `allow_checkout_when_out_of_stock` tinyint unsigned NOT NULL DEFAULT '0',
  `with_storehouse_management` tinyint unsigned NOT NULL DEFAULT '0',
  `is_featured` tinyint unsigned NOT NULL DEFAULT '0',
  `brand_id` int unsigned DEFAULT NULL,
  `is_variation` tinyint NOT NULL DEFAULT '0',
  `sale_type` tinyint NOT NULL DEFAULT '0',
  `price` double unsigned DEFAULT NULL,
  `sale_price` double unsigned DEFAULT NULL,
  `start_date` timestamp NULL DEFAULT NULL,
  `end_date` timestamp NULL DEFAULT NULL,
  `length` double(8,2) DEFAULT NULL,
  `wide` double(8,2) DEFAULT NULL,
  `height` double(8,2) DEFAULT NULL,
  `weight` double(8,2) DEFAULT NULL,
  `tax_id` int unsigned DEFAULT NULL,
  `views` bigint NOT NULL DEFAULT '0',
  `created_at` timestamp NULL DEFAULT NULL,
  `updated_at` timestamp NULL DEFAULT NULL,
  `stock_status` varchar(191) CHARACTER SET utf8mb4 COLLATE utf8mb4_unicode_ci DEFAULT 'in_stock',
  `created_by_id` int DEFAULT '0',
  `created_by_type` varchar(255) CHARACTER SET utf8mb4 COLLATE utf8mb4_unicode_ci NOT NULL DEFAULT 'Botble\\ACL\\Models\\User',
  `image` varchar(255) CHARACTER SET utf8mb4 COLLATE utf8mb4_unicode_ci DEFAULT NULL,
  PRIMARY KEY (`id`),
  KEY `ec_products_brand_id_status_is_variation_created_at_index` (`brand_id`,`status`,`is_variation`,`created_at`),
  KEY `ec_products_sale_type_index` (`sale_type`),
  KEY `ec_products_start_date_index` (`start_date`),
  KEY `ec_products_end_date_index` (`end_date`),
  KEY `ec_products_sale_price_index` (`sale_price`),
  KEY `ec_products_is_variation_index` (`is_variation`)
) ENGINE=InnoDB AUTO_INCREMENT=91 DEFAULT CHARSET=utf8mb4 COLLATE=utf8mb4_unicode_ci;
/*!40101 SET character_set_client = @saved_cs_client */;

--
-- Dumping data for table `ec_products`
--

LOCK TABLES `ec_products` WRITE;
/*!40000 ALTER TABLE `ec_products` DISABLE KEYS */;
INSERT INTO `ec_products` VALUES (1,'Smart Home Speaker','<p>Short Hooded Coat features a straight body, large pockets with button flaps, ventilation air holes, and a string detail along the hemline.</p><ul>\n                                        <li class=\"mb-10\"><i class=\"far fa-hourglass mr-5 text-brand\"></i> 1 Year AL Jazeera Brand Warranty</li>\n                                        <li class=\"mb-10\"><i class=\"far fa-paper-plane mr-5 text-brand\"></i> 30 Day Return Policy</li>\n                                        <li><i class=\"far fa-address-card mr-5 text-brand\"></i> Cash on Delivery available</li>\n                                    </ul>','<p>Short Hooded Coat features a straight body, large pockets with button flaps, ventilation air holes, and a string detail along the hemline. The style is completed with a drawstring hood, featuring Rains&rsquo; signature built-in cap. Made from waterproof, matte PU, this lightweight unisex rain jacket is an ode to nostalgia through its classic silhouette and utilitarian design details.</p>\n                                <p>- Casual unisex fit</p>\n\n                                <p>- 64% polyester, 36% polyurethane</p>\n\n                                <p>- Water column pressure: 4000 mm</p>\n\n                                <p>- Model is 187cm tall and wearing a size S / M</p>\n\n                                <p>- Unisex fit</p>\n\n                                <p>- Drawstring hood with built-in cap</p>\n\n                                <p>- Front placket with snap buttons</p>\n\n                                <p>- Ventilation under armpit</p>\n\n                                <p>- Adjustable cuffs</p>\n\n                                <p>- Double welted front pockets</p>\n\n                                <p>- Adjustable elastic string at hempen</p>\n\n                                <p>- Ultrasonically welded seams</p>\n\n                                <p>This is a unisex item, please check our clothing &amp; footwear sizing guide for specific Rains jacket sizing information. RAINS comes from the rainy nation of Denmark at the edge of the European continent, close to the ocean and with prevailing westerly winds; all factors that contribute to an average of 121 rain days each year. Arising from these rainy weather conditions comes the attitude that a quick rain shower may be beautiful, as well as moody- but first and foremost requires the right outfit. Rains focus on the whole experience of going outside on rainy days, issuing an invitation to explore even in the most mercurial weather.</p>','published','[\"products\\/1.jpg\",\"products\\/1-1.jpg\",\"products\\/1-2.jpg\",\"products\\/1-3.jpg\"]','HS-171-A0',0,11,0,1,1,2,0,0,447,NULL,NULL,NULL,13.00,16.00,14.00,782.00,1,79041,'2022-08-25 18:52:35','2022-08-25 18:52:36','in_stock',0,'Botble\\ACL\\Models\\User',NULL),(2,'Headphone Ultra Bass','<p>Short Hooded Coat features a straight body, large pockets with button flaps, ventilation air holes, and a string detail along the hemline.</p><ul>\n                                        <li class=\"mb-10\"><i class=\"far fa-hourglass mr-5 text-brand\"></i> 1 Year AL Jazeera Brand Warranty</li>\n                                        <li class=\"mb-10\"><i class=\"far fa-paper-plane mr-5 text-brand\"></i> 30 Day Return Policy</li>\n                                        <li><i class=\"far fa-address-card mr-5 text-brand\"></i> Cash on Delivery available</li>\n                                    </ul>','<p>Short Hooded Coat features a straight body, large pockets with button flaps, ventilation air holes, and a string detail along the hemline. The style is completed with a drawstring hood, featuring Rains&rsquo; signature built-in cap. Made from waterproof, matte PU, this lightweight unisex rain jacket is an ode to nostalgia through its classic silhouette and utilitarian design details.</p>\n                                <p>- Casual unisex fit</p>\n\n                                <p>- 64% polyester, 36% polyurethane</p>\n\n                                <p>- Water column pressure: 4000 mm</p>\n\n                                <p>- Model is 187cm tall and wearing a size S / M</p>\n\n                                <p>- Unisex fit</p>\n\n                                <p>- Drawstring hood with built-in cap</p>\n\n                                <p>- Front placket with snap buttons</p>\n\n                                <p>- Ventilation under armpit</p>\n\n                                <p>- Adjustable cuffs</p>\n\n                                <p>- Double welted front pockets</p>\n\n                                <p>- Adjustable elastic string at hempen</p>\n\n                                <p>- Ultrasonically welded seams</p>\n\n                                <p>This is a unisex item, please check our clothing &amp; footwear sizing guide for specific Rains jacket sizing information. RAINS comes from the rainy nation of Denmark at the edge of the European continent, close to the ocean and with prevailing westerly winds; all factors that contribute to an average of 121 rain days each year. Arising from these rainy weather conditions comes the attitude that a quick rain shower may be beautiful, as well as moody- but first and foremost requires the right outfit. Rains focus on the whole experience of going outside on rainy days, issuing an invitation to explore even in the most mercurial weather.</p>','published','[\"products\\/2.jpg\",\"products\\/2-1.jpg\",\"products\\/2-2.jpg\",\"products\\/2-3.jpg\"]','HS-129-A0',0,13,0,1,1,3,0,0,316,NULL,NULL,NULL,20.00,15.00,18.00,585.00,1,167964,'2022-08-25 18:52:35','2022-08-25 18:52:36','in_stock',0,'Botble\\ACL\\Models\\User',NULL),(3,'Boxed - Bluetooth Headphone','<p>Short Hooded Coat features a straight body, large pockets with button flaps, ventilation air holes, and a string detail along the hemline.</p><ul>\n                                        <li class=\"mb-10\"><i class=\"far fa-hourglass mr-5 text-brand\"></i> 1 Year AL Jazeera Brand Warranty</li>\n                                        <li class=\"mb-10\"><i class=\"far fa-paper-plane mr-5 text-brand\"></i> 30 Day Return Policy</li>\n                                        <li><i class=\"far fa-address-card mr-5 text-brand\"></i> Cash on Delivery available</li>\n                                    </ul>','<p>Short Hooded Coat features a straight body, large pockets with button flaps, ventilation air holes, and a string detail along the hemline. The style is completed with a drawstring hood, featuring Rains&rsquo; signature built-in cap. Made from waterproof, matte PU, this lightweight unisex rain jacket is an ode to nostalgia through its classic silhouette and utilitarian design details.</p>\n                                <p>- Casual unisex fit</p>\n\n                                <p>- 64% polyester, 36% polyurethane</p>\n\n                                <p>- Water column pressure: 4000 mm</p>\n\n                                <p>- Model is 187cm tall and wearing a size S / M</p>\n\n                                <p>- Unisex fit</p>\n\n                                <p>- Drawstring hood with built-in cap</p>\n\n                                <p>- Front placket with snap buttons</p>\n\n                                <p>- Ventilation under armpit</p>\n\n                                <p>- Adjustable cuffs</p>\n\n                                <p>- Double welted front pockets</p>\n\n                                <p>- Adjustable elastic string at hempen</p>\n\n                                <p>- Ultrasonically welded seams</p>\n\n                                <p>This is a unisex item, please check our clothing &amp; footwear sizing guide for specific Rains jacket sizing information. RAINS comes from the rainy nation of Denmark at the edge of the European continent, close to the ocean and with prevailing westerly winds; all factors that contribute to an average of 121 rain days each year. Arising from these rainy weather conditions comes the attitude that a quick rain shower may be beautiful, as well as moody- but first and foremost requires the right outfit. Rains focus on the whole experience of going outside on rainy days, issuing an invitation to explore even in the most mercurial weather.</p>','published','[\"products\\/3.jpg\",\"products\\/3-1.jpg\",\"products\\/3-2.jpg\",\"products\\/3-3.jpg\"]','HS-121-A0',0,19,0,1,1,2,0,0,444,NULL,NULL,NULL,18.00,14.00,19.00,836.00,1,151422,'2022-08-25 18:52:35','2022-08-25 18:52:37','in_stock',0,'Botble\\ACL\\Models\\User',NULL),(4,'Chikie - Bluetooth Speaker','<p>Short Hooded Coat features a straight body, large pockets with button flaps, ventilation air holes, and a string detail along the hemline.</p><ul>\n                                        <li class=\"mb-10\"><i class=\"far fa-hourglass mr-5 text-brand\"></i> 1 Year AL Jazeera Brand Warranty</li>\n                                        <li class=\"mb-10\"><i class=\"far fa-paper-plane mr-5 text-brand\"></i> 30 Day Return Policy</li>\n                                        <li><i class=\"far fa-address-card mr-5 text-brand\"></i> Cash on Delivery available</li>\n                                    </ul>','<p>Short Hooded Coat features a straight body, large pockets with button flaps, ventilation air holes, and a string detail along the hemline. The style is completed with a drawstring hood, featuring Rains&rsquo; signature built-in cap. Made from waterproof, matte PU, this lightweight unisex rain jacket is an ode to nostalgia through its classic silhouette and utilitarian design details.</p>\n                                <p>- Casual unisex fit</p>\n\n                                <p>- 64% polyester, 36% polyurethane</p>\n\n                                <p>- Water column pressure: 4000 mm</p>\n\n                                <p>- Model is 187cm tall and wearing a size S / M</p>\n\n                                <p>- Unisex fit</p>\n\n                                <p>- Drawstring hood with built-in cap</p>\n\n                                <p>- Front placket with snap buttons</p>\n\n                                <p>- Ventilation under armpit</p>\n\n                                <p>- Adjustable cuffs</p>\n\n                                <p>- Double welted front pockets</p>\n\n                                <p>- Adjustable elastic string at hempen</p>\n\n                                <p>- Ultrasonically welded seams</p>\n\n                                <p>This is a unisex item, please check our clothing &amp; footwear sizing guide for specific Rains jacket sizing information. RAINS comes from the rainy nation of Denmark at the edge of the European continent, close to the ocean and with prevailing westerly winds; all factors that contribute to an average of 121 rain days each year. Arising from these rainy weather conditions comes the attitude that a quick rain shower may be beautiful, as well as moody- but first and foremost requires the right outfit. Rains focus on the whole experience of going outside on rainy days, issuing an invitation to explore even in the most mercurial weather.</p>','published','[\"products\\/4.jpg\",\"products\\/4-1.jpg\",\"products\\/4-2.jpg\",\"products\\/4-3.jpg\"]','HS-197-A0',0,18,0,1,1,1,0,0,88,79.2,NULL,NULL,11.00,13.00,17.00,705.00,1,76993,'2022-08-25 18:52:35','2022-08-25 18:52:37','in_stock',0,'Botble\\ACL\\Models\\User',NULL),(5,'Camera Hikvision HK-35VS8','<p>Short Hooded Coat features a straight body, large pockets with button flaps, ventilation air holes, and a string detail along the hemline.</p><ul>\n                                        <li class=\"mb-10\"><i class=\"far fa-hourglass mr-5 text-brand\"></i> 1 Year AL Jazeera Brand Warranty</li>\n                                        <li class=\"mb-10\"><i class=\"far fa-paper-plane mr-5 text-brand\"></i> 30 Day Return Policy</li>\n                                        <li><i class=\"far fa-address-card mr-5 text-brand\"></i> Cash on Delivery available</li>\n                                    </ul>','<p>Short Hooded Coat features a straight body, large pockets with button flaps, ventilation air holes, and a string detail along the hemline. The style is completed with a drawstring hood, featuring Rains&rsquo; signature built-in cap. Made from waterproof, matte PU, this lightweight unisex rain jacket is an ode to nostalgia through its classic silhouette and utilitarian design details.</p>\n                                <p>- Casual unisex fit</p>\n\n                                <p>- 64% polyester, 36% polyurethane</p>\n\n                                <p>- Water column pressure: 4000 mm</p>\n\n                                <p>- Model is 187cm tall and wearing a size S / M</p>\n\n                                <p>- Unisex fit</p>\n\n                                <p>- Drawstring hood with built-in cap</p>\n\n                                <p>- Front placket with snap buttons</p>\n\n                                <p>- Ventilation under armpit</p>\n\n                                <p>- Adjustable cuffs</p>\n\n                                <p>- Double welted front pockets</p>\n\n                                <p>- Adjustable elastic string at hempen</p>\n\n                                <p>- Ultrasonically welded seams</p>\n\n                                <p>This is a unisex item, please check our clothing &amp; footwear sizing guide for specific Rains jacket sizing information. RAINS comes from the rainy nation of Denmark at the edge of the European continent, close to the ocean and with prevailing westerly winds; all factors that contribute to an average of 121 rain days each year. Arising from these rainy weather conditions comes the attitude that a quick rain shower may be beautiful, as well as moody- but first and foremost requires the right outfit. Rains focus on the whole experience of going outside on rainy days, issuing an invitation to explore even in the most mercurial weather.</p>','published','[\"products\\/5.jpg\",\"products\\/5-1.jpg\",\"products\\/5-2.jpg\",\"products\\/5-3.jpg\"]','HS-134-A0',0,15,0,1,1,2,0,0,49,NULL,NULL,NULL,10.00,10.00,19.00,574.00,1,160454,'2022-08-25 18:52:35','2022-08-25 18:52:37','in_stock',0,'Botble\\ACL\\Models\\User',NULL),(6,'Camera Samsung SS-24','<p>Short Hooded Coat features a straight body, large pockets with button flaps, ventilation air holes, and a string detail along the hemline.</p><ul>\n                                        <li class=\"mb-10\"><i class=\"far fa-hourglass mr-5 text-brand\"></i> 1 Year AL Jazeera Brand Warranty</li>\n                                        <li class=\"mb-10\"><i class=\"far fa-paper-plane mr-5 text-brand\"></i> 30 Day Return Policy</li>\n                                        <li><i class=\"far fa-address-card mr-5 text-brand\"></i> Cash on Delivery available</li>\n                                    </ul>','<p>Short Hooded Coat features a straight body, large pockets with button flaps, ventilation air holes, and a string detail along the hemline. The style is completed with a drawstring hood, featuring Rains&rsquo; signature built-in cap. Made from waterproof, matte PU, this lightweight unisex rain jacket is an ode to nostalgia through its classic silhouette and utilitarian design details.</p>\n                                <p>- Casual unisex fit</p>\n\n                                <p>- 64% polyester, 36% polyurethane</p>\n\n                                <p>- Water column pressure: 4000 mm</p>\n\n                                <p>- Model is 187cm tall and wearing a size S / M</p>\n\n                                <p>- Unisex fit</p>\n\n                                <p>- Drawstring hood with built-in cap</p>\n\n                                <p>- Front placket with snap buttons</p>\n\n                                <p>- Ventilation under armpit</p>\n\n                                <p>- Adjustable cuffs</p>\n\n                                <p>- Double welted front pockets</p>\n\n                                <p>- Adjustable elastic string at hempen</p>\n\n                                <p>- Ultrasonically welded seams</p>\n\n                                <p>This is a unisex item, please check our clothing &amp; footwear sizing guide for specific Rains jacket sizing information. RAINS comes from the rainy nation of Denmark at the edge of the European continent, close to the ocean and with prevailing westerly winds; all factors that contribute to an average of 121 rain days each year. Arising from these rainy weather conditions comes the attitude that a quick rain shower may be beautiful, as well as moody- but first and foremost requires the right outfit. Rains focus on the whole experience of going outside on rainy days, issuing an invitation to explore even in the most mercurial weather.</p>','published','[\"products\\/6.jpg\",\"products\\/6-1.jpg\"]','HS-154-A0',0,15,0,1,1,6,0,0,55,NULL,NULL,NULL,13.00,11.00,18.00,619.00,1,13388,'2022-08-25 18:52:35','2022-08-25 18:52:37','in_stock',0,'Botble\\ACL\\Models\\User',NULL),(7,'Leather Watch Band','<p>Short Hooded Coat features a straight body, large pockets with button flaps, ventilation air holes, and a string detail along the hemline.</p><ul>\n                                        <li class=\"mb-10\"><i class=\"far fa-hourglass mr-5 text-brand\"></i> 1 Year AL Jazeera Brand Warranty</li>\n                                        <li class=\"mb-10\"><i class=\"far fa-paper-plane mr-5 text-brand\"></i> 30 Day Return Policy</li>\n                                        <li><i class=\"far fa-address-card mr-5 text-brand\"></i> Cash on Delivery available</li>\n                                    </ul>','<p>Short Hooded Coat features a straight body, large pockets with button flaps, ventilation air holes, and a string detail along the hemline. The style is completed with a drawstring hood, featuring Rains&rsquo; signature built-in cap. Made from waterproof, matte PU, this lightweight unisex rain jacket is an ode to nostalgia through its classic silhouette and utilitarian design details.</p>\n                                <p>- Casual unisex fit</p>\n\n                                <p>- 64% polyester, 36% polyurethane</p>\n\n                                <p>- Water column pressure: 4000 mm</p>\n\n                                <p>- Model is 187cm tall and wearing a size S / M</p>\n\n                                <p>- Unisex fit</p>\n\n                                <p>- Drawstring hood with built-in cap</p>\n\n                                <p>- Front placket with snap buttons</p>\n\n                                <p>- Ventilation under armpit</p>\n\n                                <p>- Adjustable cuffs</p>\n\n                                <p>- Double welted front pockets</p>\n\n                                <p>- Adjustable elastic string at hempen</p>\n\n                                <p>- Ultrasonically welded seams</p>\n\n                                <p>This is a unisex item, please check our clothing &amp; footwear sizing guide for specific Rains jacket sizing information. RAINS comes from the rainy nation of Denmark at the edge of the European continent, close to the ocean and with prevailing westerly winds; all factors that contribute to an average of 121 rain days each year. Arising from these rainy weather conditions comes the attitude that a quick rain shower may be beautiful, as well as moody- but first and foremost requires the right outfit. Rains focus on the whole experience of going outside on rainy days, issuing an invitation to explore even in the most mercurial weather.</p>','published','[\"products\\/7.jpg\",\"products\\/7-1.jpg\"]','HS-184-A0',0,14,0,1,1,7,0,0,124,NULL,NULL,NULL,17.00,19.00,15.00,765.00,1,103847,'2022-08-25 18:52:35','2022-08-25 18:52:37','in_stock',0,'Botble\\ACL\\Models\\User',NULL),(8,'Apple iPhone 13 Plus','<p>Short Hooded Coat features a straight body, large pockets with button flaps, ventilation air holes, and a string detail along the hemline.</p><ul>\n                                        <li class=\"mb-10\"><i class=\"far fa-hourglass mr-5 text-brand\"></i> 1 Year AL Jazeera Brand Warranty</li>\n                                        <li class=\"mb-10\"><i class=\"far fa-paper-plane mr-5 text-brand\"></i> 30 Day Return Policy</li>\n                                        <li><i class=\"far fa-address-card mr-5 text-brand\"></i> Cash on Delivery available</li>\n                                    </ul>','<p>Short Hooded Coat features a straight body, large pockets with button flaps, ventilation air holes, and a string detail along the hemline. The style is completed with a drawstring hood, featuring Rains&rsquo; signature built-in cap. Made from waterproof, matte PU, this lightweight unisex rain jacket is an ode to nostalgia through its classic silhouette and utilitarian design details.</p>\n                                <p>- Casual unisex fit</p>\n\n                                <p>- 64% polyester, 36% polyurethane</p>\n\n                                <p>- Water column pressure: 4000 mm</p>\n\n                                <p>- Model is 187cm tall and wearing a size S / M</p>\n\n                                <p>- Unisex fit</p>\n\n                                <p>- Drawstring hood with built-in cap</p>\n\n                                <p>- Front placket with snap buttons</p>\n\n                                <p>- Ventilation under armpit</p>\n\n                                <p>- Adjustable cuffs</p>\n\n                                <p>- Double welted front pockets</p>\n\n                                <p>- Adjustable elastic string at hempen</p>\n\n                                <p>- Ultrasonically welded seams</p>\n\n                                <p>This is a unisex item, please check our clothing &amp; footwear sizing guide for specific Rains jacket sizing information. RAINS comes from the rainy nation of Denmark at the edge of the European continent, close to the ocean and with prevailing westerly winds; all factors that contribute to an average of 121 rain days each year. Arising from these rainy weather conditions comes the attitude that a quick rain shower may be beautiful, as well as moody- but first and foremost requires the right outfit. Rains focus on the whole experience of going outside on rainy days, issuing an invitation to explore even in the most mercurial weather.</p>','published','[\"products\\/8.jpg\",\"products\\/8-1.jpg\"]','HS-105-A0',0,18,0,1,1,3,0,0,110,95.7,NULL,NULL,19.00,19.00,13.00,512.00,1,100861,'2022-08-25 18:52:35','2022-08-25 18:52:37','in_stock',0,'Botble\\ACL\\Models\\User',NULL),(9,'Macbook Pro 2015','<p>Short Hooded Coat features a straight body, large pockets with button flaps, ventilation air holes, and a string detail along the hemline.</p><ul>\n                                        <li class=\"mb-10\"><i class=\"far fa-hourglass mr-5 text-brand\"></i> 1 Year AL Jazeera Brand Warranty</li>\n                                        <li class=\"mb-10\"><i class=\"far fa-paper-plane mr-5 text-brand\"></i> 30 Day Return Policy</li>\n                                        <li><i class=\"far fa-address-card mr-5 text-brand\"></i> Cash on Delivery available</li>\n                                    </ul>','<p>Short Hooded Coat features a straight body, large pockets with button flaps, ventilation air holes, and a string detail along the hemline. The style is completed with a drawstring hood, featuring Rains&rsquo; signature built-in cap. Made from waterproof, matte PU, this lightweight unisex rain jacket is an ode to nostalgia through its classic silhouette and utilitarian design details.</p>\n                                <p>- Casual unisex fit</p>\n\n                                <p>- 64% polyester, 36% polyurethane</p>\n\n                                <p>- Water column pressure: 4000 mm</p>\n\n                                <p>- Model is 187cm tall and wearing a size S / M</p>\n\n                                <p>- Unisex fit</p>\n\n                                <p>- Drawstring hood with built-in cap</p>\n\n                                <p>- Front placket with snap buttons</p>\n\n                                <p>- Ventilation under armpit</p>\n\n                                <p>- Adjustable cuffs</p>\n\n                                <p>- Double welted front pockets</p>\n\n                                <p>- Adjustable elastic string at hempen</p>\n\n                                <p>- Ultrasonically welded seams</p>\n\n                                <p>This is a unisex item, please check our clothing &amp; footwear sizing guide for specific Rains jacket sizing information. RAINS comes from the rainy nation of Denmark at the edge of the European continent, close to the ocean and with prevailing westerly winds; all factors that contribute to an average of 121 rain days each year. Arising from these rainy weather conditions comes the attitude that a quick rain shower may be beautiful, as well as moody- but first and foremost requires the right outfit. Rains focus on the whole experience of going outside on rainy days, issuing an invitation to explore even in the most mercurial weather.</p>','published','[\"products\\/9.jpg\",\"products\\/9-1.jpg\"]','HS-175-A0',0,19,0,1,1,6,0,0,129,NULL,NULL,NULL,11.00,15.00,11.00,529.00,1,73511,'2022-08-25 18:52:35','2022-08-25 18:52:37','in_stock',0,'Botble\\ACL\\Models\\User',NULL),(10,'Macbook Air 12 inch','<p>Short Hooded Coat features a straight body, large pockets with button flaps, ventilation air holes, and a string detail along the hemline.</p><ul>\n                                        <li class=\"mb-10\"><i class=\"far fa-hourglass mr-5 text-brand\"></i> 1 Year AL Jazeera Brand Warranty</li>\n                                        <li class=\"mb-10\"><i class=\"far fa-paper-plane mr-5 text-brand\"></i> 30 Day Return Policy</li>\n                                        <li><i class=\"far fa-address-card mr-5 text-brand\"></i> Cash on Delivery available</li>\n                                    </ul>','<p>Short Hooded Coat features a straight body, large pockets with button flaps, ventilation air holes, and a string detail along the hemline. The style is completed with a drawstring hood, featuring Rains&rsquo; signature built-in cap. Made from waterproof, matte PU, this lightweight unisex rain jacket is an ode to nostalgia through its classic silhouette and utilitarian design details.</p>\n                                <p>- Casual unisex fit</p>\n\n                                <p>- 64% polyester, 36% polyurethane</p>\n\n                                <p>- Water column pressure: 4000 mm</p>\n\n                                <p>- Model is 187cm tall and wearing a size S / M</p>\n\n                                <p>- Unisex fit</p>\n\n                                <p>- Drawstring hood with built-in cap</p>\n\n                                <p>- Front placket with snap buttons</p>\n\n                                <p>- Ventilation under armpit</p>\n\n                                <p>- Adjustable cuffs</p>\n\n                                <p>- Double welted front pockets</p>\n\n                                <p>- Adjustable elastic string at hempen</p>\n\n                                <p>- Ultrasonically welded seams</p>\n\n                                <p>This is a unisex item, please check our clothing &amp; footwear sizing guide for specific Rains jacket sizing information. RAINS comes from the rainy nation of Denmark at the edge of the European continent, close to the ocean and with prevailing westerly winds; all factors that contribute to an average of 121 rain days each year. Arising from these rainy weather conditions comes the attitude that a quick rain shower may be beautiful, as well as moody- but first and foremost requires the right outfit. Rains focus on the whole experience of going outside on rainy days, issuing an invitation to explore even in the most mercurial weather.</p>','published','[\"products\\/10.jpg\",\"products\\/10-1.jpg\"]','HS-167-A0',0,19,0,1,1,6,0,0,485,NULL,NULL,NULL,15.00,11.00,16.00,847.00,1,4529,'2022-08-25 18:52:35','2022-08-25 18:52:37','in_stock',0,'Botble\\ACL\\Models\\User',NULL),(11,'Apple Watch Serial 7','<p>Short Hooded Coat features a straight body, large pockets with button flaps, ventilation air holes, and a string detail along the hemline.</p><ul>\n                                        <li class=\"mb-10\"><i class=\"far fa-hourglass mr-5 text-brand\"></i> 1 Year AL Jazeera Brand Warranty</li>\n                                        <li class=\"mb-10\"><i class=\"far fa-paper-plane mr-5 text-brand\"></i> 30 Day Return Policy</li>\n                                        <li><i class=\"far fa-address-card mr-5 text-brand\"></i> Cash on Delivery available</li>\n                                    </ul>','<p>Short Hooded Coat features a straight body, large pockets with button flaps, ventilation air holes, and a string detail along the hemline. The style is completed with a drawstring hood, featuring Rains&rsquo; signature built-in cap. Made from waterproof, matte PU, this lightweight unisex rain jacket is an ode to nostalgia through its classic silhouette and utilitarian design details.</p>\n                                <p>- Casual unisex fit</p>\n\n                                <p>- 64% polyester, 36% polyurethane</p>\n\n                                <p>- Water column pressure: 4000 mm</p>\n\n                                <p>- Model is 187cm tall and wearing a size S / M</p>\n\n                                <p>- Unisex fit</p>\n\n                                <p>- Drawstring hood with built-in cap</p>\n\n                                <p>- Front placket with snap buttons</p>\n\n                                <p>- Ventilation under armpit</p>\n\n                                <p>- Adjustable cuffs</p>\n\n                                <p>- Double welted front pockets</p>\n\n                                <p>- Adjustable elastic string at hempen</p>\n\n                                <p>- Ultrasonically welded seams</p>\n\n                                <p>This is a unisex item, please check our clothing &amp; footwear sizing guide for specific Rains jacket sizing information. RAINS comes from the rainy nation of Denmark at the edge of the European continent, close to the ocean and with prevailing westerly winds; all factors that contribute to an average of 121 rain days each year. Arising from these rainy weather conditions comes the attitude that a quick rain shower may be beautiful, as well as moody- but first and foremost requires the right outfit. Rains focus on the whole experience of going outside on rainy days, issuing an invitation to explore even in the most mercurial weather.</p>','published','[\"products\\/11.jpg\",\"products\\/11-1.jpg\"]','HS-158-A0',0,14,0,1,1,2,0,0,119,NULL,NULL,NULL,19.00,12.00,20.00,797.00,1,32077,'2022-08-25 18:52:36','2022-08-25 18:52:37','in_stock',0,'Botble\\ACL\\Models\\User',NULL),(12,'Macbook Pro 13 inch','<p>Short Hooded Coat features a straight body, large pockets with button flaps, ventilation air holes, and a string detail along the hemline.</p><ul>\n                                        <li class=\"mb-10\"><i class=\"far fa-hourglass mr-5 text-brand\"></i> 1 Year AL Jazeera Brand Warranty</li>\n                                        <li class=\"mb-10\"><i class=\"far fa-paper-plane mr-5 text-brand\"></i> 30 Day Return Policy</li>\n                                        <li><i class=\"far fa-address-card mr-5 text-brand\"></i> Cash on Delivery available</li>\n                                    </ul>','<p>Short Hooded Coat features a straight body, large pockets with button flaps, ventilation air holes, and a string detail along the hemline. The style is completed with a drawstring hood, featuring Rains&rsquo; signature built-in cap. Made from waterproof, matte PU, this lightweight unisex rain jacket is an ode to nostalgia through its classic silhouette and utilitarian design details.</p>\n                                <p>- Casual unisex fit</p>\n\n                                <p>- 64% polyester, 36% polyurethane</p>\n\n                                <p>- Water column pressure: 4000 mm</p>\n\n                                <p>- Model is 187cm tall and wearing a size S / M</p>\n\n                                <p>- Unisex fit</p>\n\n                                <p>- Drawstring hood with built-in cap</p>\n\n                                <p>- Front placket with snap buttons</p>\n\n                                <p>- Ventilation under armpit</p>\n\n                                <p>- Adjustable cuffs</p>\n\n                                <p>- Double welted front pockets</p>\n\n                                <p>- Adjustable elastic string at hempen</p>\n\n                                <p>- Ultrasonically welded seams</p>\n\n                                <p>This is a unisex item, please check our clothing &amp; footwear sizing guide for specific Rains jacket sizing information. RAINS comes from the rainy nation of Denmark at the edge of the European continent, close to the ocean and with prevailing westerly winds; all factors that contribute to an average of 121 rain days each year. Arising from these rainy weather conditions comes the attitude that a quick rain shower may be beautiful, as well as moody- but first and foremost requires the right outfit. Rains focus on the whole experience of going outside on rainy days, issuing an invitation to explore even in the most mercurial weather.</p>','published','[\"products\\/12.jpg\",\"products\\/12-1.jpg\"]','HS-162-A0',0,11,0,1,1,7,0,0,116,81.2,NULL,NULL,19.00,14.00,14.00,726.00,1,144954,'2022-08-25 18:52:36','2022-08-25 18:52:38','in_stock',0,'Botble\\ACL\\Models\\User',NULL),(13,'Apple Keyboard','<p>Short Hooded Coat features a straight body, large pockets with button flaps, ventilation air holes, and a string detail along the hemline.</p><ul>\n                                        <li class=\"mb-10\"><i class=\"far fa-hourglass mr-5 text-brand\"></i> 1 Year AL Jazeera Brand Warranty</li>\n                                        <li class=\"mb-10\"><i class=\"far fa-paper-plane mr-5 text-brand\"></i> 30 Day Return Policy</li>\n                                        <li><i class=\"far fa-address-card mr-5 text-brand\"></i> Cash on Delivery available</li>\n                                    </ul>','<p>Short Hooded Coat features a straight body, large pockets with button flaps, ventilation air holes, and a string detail along the hemline. The style is completed with a drawstring hood, featuring Rains&rsquo; signature built-in cap. Made from waterproof, matte PU, this lightweight unisex rain jacket is an ode to nostalgia through its classic silhouette and utilitarian design details.</p>\n                                <p>- Casual unisex fit</p>\n\n                                <p>- 64% polyester, 36% polyurethane</p>\n\n                                <p>- Water column pressure: 4000 mm</p>\n\n                                <p>- Model is 187cm tall and wearing a size S / M</p>\n\n                                <p>- Unisex fit</p>\n\n                                <p>- Drawstring hood with built-in cap</p>\n\n                                <p>- Front placket with snap buttons</p>\n\n                                <p>- Ventilation under armpit</p>\n\n                                <p>- Adjustable cuffs</p>\n\n                                <p>- Double welted front pockets</p>\n\n                                <p>- Adjustable elastic string at hempen</p>\n\n                                <p>- Ultrasonically welded seams</p>\n\n                                <p>This is a unisex item, please check our clothing &amp; footwear sizing guide for specific Rains jacket sizing information. RAINS comes from the rainy nation of Denmark at the edge of the European continent, close to the ocean and with prevailing westerly winds; all factors that contribute to an average of 121 rain days each year. Arising from these rainy weather conditions comes the attitude that a quick rain shower may be beautiful, as well as moody- but first and foremost requires the right outfit. Rains focus on the whole experience of going outside on rainy days, issuing an invitation to explore even in the most mercurial weather.</p>','published','[\"products\\/13.jpg\",\"products\\/13-1.jpg\"]','HS-167-A0',0,13,0,1,1,4,0,0,124,NULL,NULL,NULL,11.00,18.00,15.00,780.00,1,76664,'2022-08-25 18:52:36','2022-08-25 18:52:38','in_stock',0,'Botble\\ACL\\Models\\User',NULL),(14,'MacSafe 80W','<p>Short Hooded Coat features a straight body, large pockets with button flaps, ventilation air holes, and a string detail along the hemline.</p><ul>\n                                        <li class=\"mb-10\"><i class=\"far fa-hourglass mr-5 text-brand\"></i> 1 Year AL Jazeera Brand Warranty</li>\n                                        <li class=\"mb-10\"><i class=\"far fa-paper-plane mr-5 text-brand\"></i> 30 Day Return Policy</li>\n                                        <li><i class=\"far fa-address-card mr-5 text-brand\"></i> Cash on Delivery available</li>\n                                    </ul>','<p>Short Hooded Coat features a straight body, large pockets with button flaps, ventilation air holes, and a string detail along the hemline. The style is completed with a drawstring hood, featuring Rains&rsquo; signature built-in cap. Made from waterproof, matte PU, this lightweight unisex rain jacket is an ode to nostalgia through its classic silhouette and utilitarian design details.</p>\n                                <p>- Casual unisex fit</p>\n\n                                <p>- 64% polyester, 36% polyurethane</p>\n\n                                <p>- Water column pressure: 4000 mm</p>\n\n                                <p>- Model is 187cm tall and wearing a size S / M</p>\n\n                                <p>- Unisex fit</p>\n\n                                <p>- Drawstring hood with built-in cap</p>\n\n                                <p>- Front placket with snap buttons</p>\n\n                                <p>- Ventilation under armpit</p>\n\n                                <p>- Adjustable cuffs</p>\n\n                                <p>- Double welted front pockets</p>\n\n                                <p>- Adjustable elastic string at hempen</p>\n\n                                <p>- Ultrasonically welded seams</p>\n\n                                <p>This is a unisex item, please check our clothing &amp; footwear sizing guide for specific Rains jacket sizing information. RAINS comes from the rainy nation of Denmark at the edge of the European continent, close to the ocean and with prevailing westerly winds; all factors that contribute to an average of 121 rain days each year. Arising from these rainy weather conditions comes the attitude that a quick rain shower may be beautiful, as well as moody- but first and foremost requires the right outfit. Rains focus on the whole experience of going outside on rainy days, issuing an invitation to explore even in the most mercurial weather.</p>','published','[\"products\\/14.jpg\",\"products\\/14-1.jpg\"]','HS-144-A0',0,20,0,1,1,6,0,0,110,NULL,NULL,NULL,10.00,19.00,12.00,852.00,1,172368,'2022-08-25 18:52:36','2022-08-25 18:52:38','in_stock',0,'Botble\\ACL\\Models\\User',NULL),(15,'Hand playstation','<p>Short Hooded Coat features a straight body, large pockets with button flaps, ventilation air holes, and a string detail along the hemline.</p><ul>\n                                        <li class=\"mb-10\"><i class=\"far fa-hourglass mr-5 text-brand\"></i> 1 Year AL Jazeera Brand Warranty</li>\n                                        <li class=\"mb-10\"><i class=\"far fa-paper-plane mr-5 text-brand\"></i> 30 Day Return Policy</li>\n                                        <li><i class=\"far fa-address-card mr-5 text-brand\"></i> Cash on Delivery available</li>\n                                    </ul>','<p>Short Hooded Coat features a straight body, large pockets with button flaps, ventilation air holes, and a string detail along the hemline. The style is completed with a drawstring hood, featuring Rains&rsquo; signature built-in cap. Made from waterproof, matte PU, this lightweight unisex rain jacket is an ode to nostalgia through its classic silhouette and utilitarian design details.</p>\n                                <p>- Casual unisex fit</p>\n\n                                <p>- 64% polyester, 36% polyurethane</p>\n\n                                <p>- Water column pressure: 4000 mm</p>\n\n                                <p>- Model is 187cm tall and wearing a size S / M</p>\n\n                                <p>- Unisex fit</p>\n\n                                <p>- Drawstring hood with built-in cap</p>\n\n                                <p>- Front placket with snap buttons</p>\n\n                                <p>- Ventilation under armpit</p>\n\n                                <p>- Adjustable cuffs</p>\n\n                                <p>- Double welted front pockets</p>\n\n                                <p>- Adjustable elastic string at hempen</p>\n\n                                <p>- Ultrasonically welded seams</p>\n\n                                <p>This is a unisex item, please check our clothing &amp; footwear sizing guide for specific Rains jacket sizing information. RAINS comes from the rainy nation of Denmark at the edge of the European continent, close to the ocean and with prevailing westerly winds; all factors that contribute to an average of 121 rain days each year. Arising from these rainy weather conditions comes the attitude that a quick rain shower may be beautiful, as well as moody- but first and foremost requires the right outfit. Rains focus on the whole experience of going outside on rainy days, issuing an invitation to explore even in the most mercurial weather.</p>','published','[\"products\\/15.jpg\",\"products\\/15-1.jpg\"]','HS-117-A0',0,16,0,1,1,1,0,0,125,NULL,NULL,NULL,16.00,19.00,14.00,614.00,1,18171,'2022-08-25 18:52:36','2022-08-25 18:52:38','in_stock',0,'Botble\\ACL\\Models\\User',NULL),(16,'Apple Airpods Serial 3','<p>Short Hooded Coat features a straight body, large pockets with button flaps, ventilation air holes, and a string detail along the hemline.</p><ul>\n                                        <li class=\"mb-10\"><i class=\"far fa-hourglass mr-5 text-brand\"></i> 1 Year AL Jazeera Brand Warranty</li>\n                                        <li class=\"mb-10\"><i class=\"far fa-paper-plane mr-5 text-brand\"></i> 30 Day Return Policy</li>\n                                        <li><i class=\"far fa-address-card mr-5 text-brand\"></i> Cash on Delivery available</li>\n                                    </ul>','<p>Short Hooded Coat features a straight body, large pockets with button flaps, ventilation air holes, and a string detail along the hemline. The style is completed with a drawstring hood, featuring Rains&rsquo; signature built-in cap. Made from waterproof, matte PU, this lightweight unisex rain jacket is an ode to nostalgia through its classic silhouette and utilitarian design details.</p>\n                                <p>- Casual unisex fit</p>\n\n                                <p>- 64% polyester, 36% polyurethane</p>\n\n                                <p>- Water column pressure: 4000 mm</p>\n\n                                <p>- Model is 187cm tall and wearing a size S / M</p>\n\n                                <p>- Unisex fit</p>\n\n                                <p>- Drawstring hood with built-in cap</p>\n\n                                <p>- Front placket with snap buttons</p>\n\n                                <p>- Ventilation under armpit</p>\n\n                                <p>- Adjustable cuffs</p>\n\n                                <p>- Double welted front pockets</p>\n\n                                <p>- Adjustable elastic string at hempen</p>\n\n                                <p>- Ultrasonically welded seams</p>\n\n                                <p>This is a unisex item, please check our clothing &amp; footwear sizing guide for specific Rains jacket sizing information. RAINS comes from the rainy nation of Denmark at the edge of the European continent, close to the ocean and with prevailing westerly winds; all factors that contribute to an average of 121 rain days each year. Arising from these rainy weather conditions comes the attitude that a quick rain shower may be beautiful, as well as moody- but first and foremost requires the right outfit. Rains focus on the whole experience of going outside on rainy days, issuing an invitation to explore even in the most mercurial weather.</p>','published','[\"products\\/16.jpg\"]','HS-132-A0',0,14,0,1,1,5,0,0,112,94.08,NULL,NULL,11.00,15.00,12.00,727.00,1,120949,'2022-08-25 18:52:36','2022-08-25 18:52:39','in_stock',0,'Botble\\ACL\\Models\\User',NULL),(17,'Cool Smart Watches','<p>Short Hooded Coat features a straight body, large pockets with button flaps, ventilation air holes, and a string detail along the hemline.</p><ul>\n                                        <li class=\"mb-10\"><i class=\"far fa-hourglass mr-5 text-brand\"></i> 1 Year AL Jazeera Brand Warranty</li>\n                                        <li class=\"mb-10\"><i class=\"far fa-paper-plane mr-5 text-brand\"></i> 30 Day Return Policy</li>\n                                        <li><i class=\"far fa-address-card mr-5 text-brand\"></i> Cash on Delivery available</li>\n                                    </ul>','<p>Short Hooded Coat features a straight body, large pockets with button flaps, ventilation air holes, and a string detail along the hemline. The style is completed with a drawstring hood, featuring Rains&rsquo; signature built-in cap. Made from waterproof, matte PU, this lightweight unisex rain jacket is an ode to nostalgia through its classic silhouette and utilitarian design details.</p>\n                                <p>- Casual unisex fit</p>\n\n                                <p>- 64% polyester, 36% polyurethane</p>\n\n                                <p>- Water column pressure: 4000 mm</p>\n\n                                <p>- Model is 187cm tall and wearing a size S / M</p>\n\n                                <p>- Unisex fit</p>\n\n                                <p>- Drawstring hood with built-in cap</p>\n\n                                <p>- Front placket with snap buttons</p>\n\n                                <p>- Ventilation under armpit</p>\n\n                                <p>- Adjustable cuffs</p>\n\n                                <p>- Double welted front pockets</p>\n\n                                <p>- Adjustable elastic string at hempen</p>\n\n                                <p>- Ultrasonically welded seams</p>\n\n                                <p>This is a unisex item, please check our clothing &amp; footwear sizing guide for specific Rains jacket sizing information. RAINS comes from the rainy nation of Denmark at the edge of the European continent, close to the ocean and with prevailing westerly winds; all factors that contribute to an average of 121 rain days each year. Arising from these rainy weather conditions comes the attitude that a quick rain shower may be beautiful, as well as moody- but first and foremost requires the right outfit. Rains focus on the whole experience of going outside on rainy days, issuing an invitation to explore even in the most mercurial weather.</p>','published','[\"products\\/17.jpg\"]','HS-135-A0',0,20,0,1,1,3,0,0,130,NULL,NULL,NULL,15.00,17.00,14.00,737.00,1,22186,'2022-08-25 18:52:36','2022-08-25 18:52:39','in_stock',0,'Botble\\ACL\\Models\\User',NULL),(18,'Black Smart Watches','<p>Short Hooded Coat features a straight body, large pockets with button flaps, ventilation air holes, and a string detail along the hemline.</p><ul>\n                                        <li class=\"mb-10\"><i class=\"far fa-hourglass mr-5 text-brand\"></i> 1 Year AL Jazeera Brand Warranty</li>\n                                        <li class=\"mb-10\"><i class=\"far fa-paper-plane mr-5 text-brand\"></i> 30 Day Return Policy</li>\n                                        <li><i class=\"far fa-address-card mr-5 text-brand\"></i> Cash on Delivery available</li>\n                                    </ul>','<p>Short Hooded Coat features a straight body, large pockets with button flaps, ventilation air holes, and a string detail along the hemline. The style is completed with a drawstring hood, featuring Rains&rsquo; signature built-in cap. Made from waterproof, matte PU, this lightweight unisex rain jacket is an ode to nostalgia through its classic silhouette and utilitarian design details.</p>\n                                <p>- Casual unisex fit</p>\n\n                                <p>- 64% polyester, 36% polyurethane</p>\n\n                                <p>- Water column pressure: 4000 mm</p>\n\n                                <p>- Model is 187cm tall and wearing a size S / M</p>\n\n                                <p>- Unisex fit</p>\n\n                                <p>- Drawstring hood with built-in cap</p>\n\n                                <p>- Front placket with snap buttons</p>\n\n                                <p>- Ventilation under armpit</p>\n\n                                <p>- Adjustable cuffs</p>\n\n                                <p>- Double welted front pockets</p>\n\n                                <p>- Adjustable elastic string at hempen</p>\n\n                                <p>- Ultrasonically welded seams</p>\n\n                                <p>This is a unisex item, please check our clothing &amp; footwear sizing guide for specific Rains jacket sizing information. RAINS comes from the rainy nation of Denmark at the edge of the European continent, close to the ocean and with prevailing westerly winds; all factors that contribute to an average of 121 rain days each year. Arising from these rainy weather conditions comes the attitude that a quick rain shower may be beautiful, as well as moody- but first and foremost requires the right outfit. Rains focus on the whole experience of going outside on rainy days, issuing an invitation to explore even in the most mercurial weather.</p>','published','[\"products\\/18.jpg\",\"products\\/18-1.jpg\",\"products\\/18-2.jpg\"]','HS-183-A0',0,15,0,1,1,5,0,0,111,NULL,NULL,NULL,15.00,12.00,12.00,756.00,1,96646,'2022-08-25 18:52:36','2022-08-25 18:52:39','in_stock',0,'Botble\\ACL\\Models\\User',NULL),(19,'Leather Watch Band Serial 3','<p>Short Hooded Coat features a straight body, large pockets with button flaps, ventilation air holes, and a string detail along the hemline.</p><ul>\n                                        <li class=\"mb-10\"><i class=\"far fa-hourglass mr-5 text-brand\"></i> 1 Year AL Jazeera Brand Warranty</li>\n                                        <li class=\"mb-10\"><i class=\"far fa-paper-plane mr-5 text-brand\"></i> 30 Day Return Policy</li>\n                                        <li><i class=\"far fa-address-card mr-5 text-brand\"></i> Cash on Delivery available</li>\n                                    </ul>','<p>Short Hooded Coat features a straight body, large pockets with button flaps, ventilation air holes, and a string detail along the hemline. The style is completed with a drawstring hood, featuring Rains&rsquo; signature built-in cap. Made from waterproof, matte PU, this lightweight unisex rain jacket is an ode to nostalgia through its classic silhouette and utilitarian design details.</p>\n                                <p>- Casual unisex fit</p>\n\n                                <p>- 64% polyester, 36% polyurethane</p>\n\n                                <p>- Water column pressure: 4000 mm</p>\n\n                                <p>- Model is 187cm tall and wearing a size S / M</p>\n\n                                <p>- Unisex fit</p>\n\n                                <p>- Drawstring hood with built-in cap</p>\n\n                                <p>- Front placket with snap buttons</p>\n\n                                <p>- Ventilation under armpit</p>\n\n                                <p>- Adjustable cuffs</p>\n\n                                <p>- Double welted front pockets</p>\n\n                                <p>- Adjustable elastic string at hempen</p>\n\n                                <p>- Ultrasonically welded seams</p>\n\n                                <p>This is a unisex item, please check our clothing &amp; footwear sizing guide for specific Rains jacket sizing information. RAINS comes from the rainy nation of Denmark at the edge of the European continent, close to the ocean and with prevailing westerly winds; all factors that contribute to an average of 121 rain days each year. Arising from these rainy weather conditions comes the attitude that a quick rain shower may be beautiful, as well as moody- but first and foremost requires the right outfit. Rains focus on the whole experience of going outside on rainy days, issuing an invitation to explore even in the most mercurial weather.</p>','published','[\"products\\/19.jpg\",\"products\\/19-1.jpg\"]','HS-165-A0',0,17,0,1,1,6,0,0,127,NULL,NULL,NULL,11.00,13.00,13.00,760.00,1,134575,'2022-08-25 18:52:36','2022-08-25 18:52:39','in_stock',0,'Botble\\ACL\\Models\\User',NULL),(20,'Macbook Pro 2015 13 inch','<p>Short Hooded Coat features a straight body, large pockets with button flaps, ventilation air holes, and a string detail along the hemline.</p><ul>\n                                        <li class=\"mb-10\"><i class=\"far fa-hourglass mr-5 text-brand\"></i> 1 Year AL Jazeera Brand Warranty</li>\n                                        <li class=\"mb-10\"><i class=\"far fa-paper-plane mr-5 text-brand\"></i> 30 Day Return Policy</li>\n                                        <li><i class=\"far fa-address-card mr-5 text-brand\"></i> Cash on Delivery available</li>\n                                    </ul>','<p>Short Hooded Coat features a straight body, large pockets with button flaps, ventilation air holes, and a string detail along the hemline. The style is completed with a drawstring hood, featuring Rains&rsquo; signature built-in cap. Made from waterproof, matte PU, this lightweight unisex rain jacket is an ode to nostalgia through its classic silhouette and utilitarian design details.</p>\n                                <p>- Casual unisex fit</p>\n\n                                <p>- 64% polyester, 36% polyurethane</p>\n\n                                <p>- Water column pressure: 4000 mm</p>\n\n                                <p>- Model is 187cm tall and wearing a size S / M</p>\n\n                                <p>- Unisex fit</p>\n\n                                <p>- Drawstring hood with built-in cap</p>\n\n                                <p>- Front placket with snap buttons</p>\n\n                                <p>- Ventilation under armpit</p>\n\n                                <p>- Adjustable cuffs</p>\n\n                                <p>- Double welted front pockets</p>\n\n                                <p>- Adjustable elastic string at hempen</p>\n\n                                <p>- Ultrasonically welded seams</p>\n\n                                <p>This is a unisex item, please check our clothing &amp; footwear sizing guide for specific Rains jacket sizing information. RAINS comes from the rainy nation of Denmark at the edge of the European continent, close to the ocean and with prevailing westerly winds; all factors that contribute to an average of 121 rain days each year. Arising from these rainy weather conditions comes the attitude that a quick rain shower may be beautiful, as well as moody- but first and foremost requires the right outfit. Rains focus on the whole experience of going outside on rainy days, issuing an invitation to explore even in the most mercurial weather.</p>','published','[\"products\\/20.jpg\",\"products\\/20-1.jpg\"]','HS-181-A0',0,11,0,1,1,1,0,0,115,96.6,NULL,NULL,17.00,11.00,12.00,692.00,1,166798,'2022-08-25 18:52:36','2022-08-25 18:52:39','in_stock',0,'Botble\\ACL\\Models\\User',NULL),(21,'Historic Alarm Clock','<p>Short Hooded Coat features a straight body, large pockets with button flaps, ventilation air holes, and a string detail along the hemline.</p><ul>\n                                        <li class=\"mb-10\"><i class=\"far fa-hourglass mr-5 text-brand\"></i> 1 Year AL Jazeera Brand Warranty</li>\n                                        <li class=\"mb-10\"><i class=\"far fa-paper-plane mr-5 text-brand\"></i> 30 Day Return Policy</li>\n                                        <li><i class=\"far fa-address-card mr-5 text-brand\"></i> Cash on Delivery available</li>\n                                    </ul>','<p>Short Hooded Coat features a straight body, large pockets with button flaps, ventilation air holes, and a string detail along the hemline. The style is completed with a drawstring hood, featuring Rains&rsquo; signature built-in cap. Made from waterproof, matte PU, this lightweight unisex rain jacket is an ode to nostalgia through its classic silhouette and utilitarian design details.</p>\n                                <p>- Casual unisex fit</p>\n\n                                <p>- 64% polyester, 36% polyurethane</p>\n\n                                <p>- Water column pressure: 4000 mm</p>\n\n                                <p>- Model is 187cm tall and wearing a size S / M</p>\n\n                                <p>- Unisex fit</p>\n\n                                <p>- Drawstring hood with built-in cap</p>\n\n                                <p>- Front placket with snap buttons</p>\n\n                                <p>- Ventilation under armpit</p>\n\n                                <p>- Adjustable cuffs</p>\n\n                                <p>- Double welted front pockets</p>\n\n                                <p>- Adjustable elastic string at hempen</p>\n\n                                <p>- Ultrasonically welded seams</p>\n\n                                <p>This is a unisex item, please check our clothing &amp; footwear sizing guide for specific Rains jacket sizing information. RAINS comes from the rainy nation of Denmark at the edge of the European continent, close to the ocean and with prevailing westerly winds; all factors that contribute to an average of 121 rain days each year. Arising from these rainy weather conditions comes the attitude that a quick rain shower may be beautiful, as well as moody- but first and foremost requires the right outfit. Rains focus on the whole experience of going outside on rainy days, issuing an invitation to explore even in the most mercurial weather.</p>','published','[\"products\\/21.jpg\",\"products\\/21-1.jpg\"]','HS-126-A0',0,18,0,1,1,3,0,0,112,NULL,NULL,NULL,17.00,16.00,13.00,800.00,1,50718,'2022-08-25 18:52:36','2022-08-25 18:52:39','in_stock',0,'Botble\\ACL\\Models\\User',NULL),(22,'Black Glasses','<p>Short Hooded Coat features a straight body, large pockets with button flaps, ventilation air holes, and a string detail along the hemline.</p><ul>\n                                        <li class=\"mb-10\"><i class=\"far fa-hourglass mr-5 text-brand\"></i> 1 Year AL Jazeera Brand Warranty</li>\n                                        <li class=\"mb-10\"><i class=\"far fa-paper-plane mr-5 text-brand\"></i> 30 Day Return Policy</li>\n                                        <li><i class=\"far fa-address-card mr-5 text-brand\"></i> Cash on Delivery available</li>\n                                    </ul>','<p>Short Hooded Coat features a straight body, large pockets with button flaps, ventilation air holes, and a string detail along the hemline. The style is completed with a drawstring hood, featuring Rains&rsquo; signature built-in cap. Made from waterproof, matte PU, this lightweight unisex rain jacket is an ode to nostalgia through its classic silhouette and utilitarian design details.</p>\n                                <p>- Casual unisex fit</p>\n\n                                <p>- 64% polyester, 36% polyurethane</p>\n\n                                <p>- Water column pressure: 4000 mm</p>\n\n                                <p>- Model is 187cm tall and wearing a size S / M</p>\n\n                                <p>- Unisex fit</p>\n\n                                <p>- Drawstring hood with built-in cap</p>\n\n                                <p>- Front placket with snap buttons</p>\n\n                                <p>- Ventilation under armpit</p>\n\n                                <p>- Adjustable cuffs</p>\n\n                                <p>- Double welted front pockets</p>\n\n                                <p>- Adjustable elastic string at hempen</p>\n\n                                <p>- Ultrasonically welded seams</p>\n\n                                <p>This is a unisex item, please check our clothing &amp; footwear sizing guide for specific Rains jacket sizing information. RAINS comes from the rainy nation of Denmark at the edge of the European continent, close to the ocean and with prevailing westerly winds; all factors that contribute to an average of 121 rain days each year. Arising from these rainy weather conditions comes the attitude that a quick rain shower may be beautiful, as well as moody- but first and foremost requires the right outfit. Rains focus on the whole experience of going outside on rainy days, issuing an invitation to explore even in the most mercurial weather.</p>','published','[\"products\\/22.jpg\",\"products\\/22-1.jpg\"]','HS-176-A0',0,10,0,1,1,3,0,0,119,NULL,NULL,NULL,16.00,16.00,18.00,657.00,1,119172,'2022-08-25 18:52:36','2022-08-25 18:52:39','in_stock',0,'Botble\\ACL\\Models\\User',NULL),(23,'Phillips Mouse','<p>Short Hooded Coat features a straight body, large pockets with button flaps, ventilation air holes, and a string detail along the hemline.</p><ul>\n                                        <li class=\"mb-10\"><i class=\"far fa-hourglass mr-5 text-brand\"></i> 1 Year AL Jazeera Brand Warranty</li>\n                                        <li class=\"mb-10\"><i class=\"far fa-paper-plane mr-5 text-brand\"></i> 30 Day Return Policy</li>\n                                        <li><i class=\"far fa-address-card mr-5 text-brand\"></i> Cash on Delivery available</li>\n                                    </ul>','<p>Short Hooded Coat features a straight body, large pockets with button flaps, ventilation air holes, and a string detail along the hemline. The style is completed with a drawstring hood, featuring Rains&rsquo; signature built-in cap. Made from waterproof, matte PU, this lightweight unisex rain jacket is an ode to nostalgia through its classic silhouette and utilitarian design details.</p>\n                                <p>- Casual unisex fit</p>\n\n                                <p>- 64% polyester, 36% polyurethane</p>\n\n                                <p>- Water column pressure: 4000 mm</p>\n\n                                <p>- Model is 187cm tall and wearing a size S / M</p>\n\n                                <p>- Unisex fit</p>\n\n                                <p>- Drawstring hood with built-in cap</p>\n\n                                <p>- Front placket with snap buttons</p>\n\n                                <p>- Ventilation under armpit</p>\n\n                                <p>- Adjustable cuffs</p>\n\n                                <p>- Double welted front pockets</p>\n\n                                <p>- Adjustable elastic string at hempen</p>\n\n                                <p>- Ultrasonically welded seams</p>\n\n                                <p>This is a unisex item, please check our clothing &amp; footwear sizing guide for specific Rains jacket sizing information. RAINS comes from the rainy nation of Denmark at the edge of the European continent, close to the ocean and with prevailing westerly winds; all factors that contribute to an average of 121 rain days each year. Arising from these rainy weather conditions comes the attitude that a quick rain shower may be beautiful, as well as moody- but first and foremost requires the right outfit. Rains focus on the whole experience of going outside on rainy days, issuing an invitation to explore even in the most mercurial weather.</p>','published','[\"products\\/23.jpg\",\"products\\/23-1.jpg\"]','HS-162-A0',0,15,0,1,1,4,0,0,128,NULL,NULL,NULL,13.00,12.00,18.00,639.00,1,83918,'2022-08-25 18:52:36','2022-08-25 18:52:40','in_stock',0,'Botble\\ACL\\Models\\User',NULL),(24,'Gaming Keyboard','<p>Short Hooded Coat features a straight body, large pockets with button flaps, ventilation air holes, and a string detail along the hemline.</p><ul>\n                                        <li class=\"mb-10\"><i class=\"far fa-hourglass mr-5 text-brand\"></i> 1 Year AL Jazeera Brand Warranty</li>\n                                        <li class=\"mb-10\"><i class=\"far fa-paper-plane mr-5 text-brand\"></i> 30 Day Return Policy</li>\n                                        <li><i class=\"far fa-address-card mr-5 text-brand\"></i> Cash on Delivery available</li>\n                                    </ul>','<p>Short Hooded Coat features a straight body, large pockets with button flaps, ventilation air holes, and a string detail along the hemline. The style is completed with a drawstring hood, featuring Rains&rsquo; signature built-in cap. Made from waterproof, matte PU, this lightweight unisex rain jacket is an ode to nostalgia through its classic silhouette and utilitarian design details.</p>\n                                <p>- Casual unisex fit</p>\n\n                                <p>- 64% polyester, 36% polyurethane</p>\n\n                                <p>- Water column pressure: 4000 mm</p>\n\n                                <p>- Model is 187cm tall and wearing a size S / M</p>\n\n                                <p>- Unisex fit</p>\n\n                                <p>- Drawstring hood with built-in cap</p>\n\n                                <p>- Front placket with snap buttons</p>\n\n                                <p>- Ventilation under armpit</p>\n\n                                <p>- Adjustable cuffs</p>\n\n                                <p>- Double welted front pockets</p>\n\n                                <p>- Adjustable elastic string at hempen</p>\n\n                                <p>- Ultrasonically welded seams</p>\n\n                                <p>This is a unisex item, please check our clothing &amp; footwear sizing guide for specific Rains jacket sizing information. RAINS comes from the rainy nation of Denmark at the edge of the European continent, close to the ocean and with prevailing westerly winds; all factors that contribute to an average of 121 rain days each year. Arising from these rainy weather conditions comes the attitude that a quick rain shower may be beautiful, as well as moody- but first and foremost requires the right outfit. Rains focus on the whole experience of going outside on rainy days, issuing an invitation to explore even in the most mercurial weather.</p>','published','[\"products\\/24.jpg\",\"products\\/24-1.jpg\"]','HS-103-A0',0,15,0,1,1,6,0,0,123,87.33,NULL,NULL,19.00,15.00,19.00,752.00,1,35113,'2022-08-25 18:52:36','2022-08-25 18:52:40','in_stock',0,'Botble\\ACL\\Models\\User',NULL),(25,'Smart Home Speaker',NULL,NULL,'published','[\"products\\/1.jpg\"]','HS-171-A0',0,11,0,1,0,2,1,0,447,NULL,NULL,NULL,13.00,16.00,14.00,782.00,NULL,0,'2022-08-25 18:52:36','2022-08-25 18:52:36','in_stock',0,'Botble\\ACL\\Models\\User',NULL),(26,'Smart Home Speaker',NULL,NULL,'published','[\"products\\/1-1.jpg\"]','HS-171-A0-A1',0,11,0,1,0,2,1,0,447,NULL,NULL,NULL,13.00,16.00,14.00,782.00,NULL,0,'2022-08-25 18:52:36','2022-08-25 18:52:36','in_stock',0,'Botble\\ACL\\Models\\User',NULL),(27,'Smart Home Speaker',NULL,NULL,'published','[\"products\\/1-2.jpg\"]','HS-171-A0-A2',0,11,0,1,0,2,1,0,447,NULL,NULL,NULL,13.00,16.00,14.00,782.00,NULL,0,'2022-08-25 18:52:36','2022-08-25 18:52:36','in_stock',0,'Botble\\ACL\\Models\\User',NULL),(28,'Headphone Ultra Bass',NULL,NULL,'published','[\"products\\/2.jpg\"]','HS-129-A0',0,13,0,1,0,3,1,0,316,NULL,NULL,NULL,20.00,15.00,18.00,585.00,NULL,0,'2022-08-25 18:52:36','2022-08-25 18:52:36','in_stock',0,'Botble\\ACL\\Models\\User',NULL),(29,'Headphone Ultra Bass',NULL,NULL,'published','[\"products\\/2-1.jpg\"]','HS-129-A0-A1',0,13,0,1,0,3,1,0,316,NULL,NULL,NULL,20.00,15.00,18.00,585.00,NULL,0,'2022-08-25 18:52:36','2022-08-25 18:52:36','in_stock',0,'Botble\\ACL\\Models\\User',NULL),(30,'Boxed - Bluetooth Headphone',NULL,NULL,'published','[\"products\\/3.jpg\"]','HS-121-A0',0,19,0,1,0,2,1,0,444,NULL,NULL,NULL,18.00,14.00,19.00,836.00,NULL,0,'2022-08-25 18:52:36','2022-08-25 18:52:37','in_stock',0,'Botble\\ACL\\Models\\User',NULL),(31,'Boxed - Bluetooth Headphone',NULL,NULL,'published','[\"products\\/3-1.jpg\"]','HS-121-A0-A1',0,19,0,1,0,2,1,0,444,NULL,NULL,NULL,18.00,14.00,19.00,836.00,NULL,0,'2022-08-25 18:52:37','2022-08-25 18:52:37','in_stock',0,'Botble\\ACL\\Models\\User',NULL),(32,'Boxed - Bluetooth Headphone',NULL,NULL,'published','[\"products\\/3-2.jpg\"]','HS-121-A0-A2',0,19,0,1,0,2,1,0,444,NULL,NULL,NULL,18.00,14.00,19.00,836.00,NULL,0,'2022-08-25 18:52:37','2022-08-25 18:52:37','in_stock',0,'Botble\\ACL\\Models\\User',NULL),(33,'Boxed - Bluetooth Headphone',NULL,NULL,'published','[\"products\\/3-3.jpg\"]','HS-121-A0-A3',0,19,0,1,0,2,1,0,444,NULL,NULL,NULL,18.00,14.00,19.00,836.00,NULL,0,'2022-08-25 18:52:37','2022-08-25 18:52:37','in_stock',0,'Botble\\ACL\\Models\\User',NULL),(34,'Chikie - Bluetooth Speaker',NULL,NULL,'published','[\"products\\/4.jpg\"]','HS-197-A0',0,18,0,1,0,1,1,0,88,79.2,NULL,NULL,11.00,13.00,17.00,705.00,NULL,0,'2022-08-25 18:52:37','2022-08-25 18:52:37','in_stock',0,'Botble\\ACL\\Models\\User',NULL),(35,'Chikie - Bluetooth Speaker',NULL,NULL,'published','[\"products\\/4-1.jpg\"]','HS-197-A0-A1',0,18,0,1,0,1,1,0,88,71.28,NULL,NULL,11.00,13.00,17.00,705.00,NULL,0,'2022-08-25 18:52:37','2022-08-25 18:52:37','in_stock',0,'Botble\\ACL\\Models\\User',NULL),(36,'Chikie - Bluetooth Speaker',NULL,NULL,'published','[\"products\\/4-2.jpg\"]','HS-197-A0-A2',0,18,0,1,0,1,1,0,88,67.76,NULL,NULL,11.00,13.00,17.00,705.00,NULL,0,'2022-08-25 18:52:37','2022-08-25 18:52:37','in_stock',0,'Botble\\ACL\\Models\\User',NULL),(37,'Camera Hikvision HK-35VS8',NULL,NULL,'published','[\"products\\/5.jpg\"]','HS-134-A0',0,15,0,1,0,2,1,0,49,NULL,NULL,NULL,10.00,10.00,19.00,574.00,NULL,0,'2022-08-25 18:52:37','2022-08-25 18:52:37','in_stock',0,'Botble\\ACL\\Models\\User',NULL),(38,'Camera Samsung SS-24',NULL,NULL,'published','[\"products\\/6.jpg\"]','HS-154-A0',0,15,0,1,0,6,1,0,55,NULL,NULL,NULL,13.00,11.00,18.00,619.00,NULL,0,'2022-08-25 18:52:37','2022-08-25 18:52:37','in_stock',0,'Botble\\ACL\\Models\\User',NULL),(39,'Camera Samsung SS-24',NULL,NULL,'published','[\"products\\/6-1.jpg\"]','HS-154-A0-A1',0,15,0,1,0,6,1,0,55,NULL,NULL,NULL,13.00,11.00,18.00,619.00,NULL,0,'2022-08-25 18:52:37','2022-08-25 18:52:37','in_stock',0,'Botble\\ACL\\Models\\User',NULL),(40,'Leather Watch Band',NULL,NULL,'published','[\"products\\/7.jpg\"]','HS-184-A0',0,14,0,1,0,7,1,0,124,NULL,NULL,NULL,17.00,19.00,15.00,765.00,NULL,0,'2022-08-25 18:52:37','2022-08-25 18:52:37','in_stock',0,'Botble\\ACL\\Models\\User',NULL),(41,'Leather Watch Band',NULL,NULL,'published','[\"products\\/7-1.jpg\"]','HS-184-A0-A1',0,14,0,1,0,7,1,0,124,NULL,NULL,NULL,17.00,19.00,15.00,765.00,NULL,0,'2022-08-25 18:52:37','2022-08-25 18:52:37','in_stock',0,'Botble\\ACL\\Models\\User',NULL),(42,'Apple iPhone 13 Plus',NULL,NULL,'published','[\"products\\/8.jpg\"]','HS-105-A0',0,18,0,1,0,3,1,0,110,95.7,NULL,NULL,19.00,19.00,13.00,512.00,NULL,0,'2022-08-25 18:52:37','2022-08-25 18:52:37','in_stock',0,'Botble\\ACL\\Models\\User',NULL),(43,'Apple iPhone 13 Plus',NULL,NULL,'published','[\"products\\/8-1.jpg\"]','HS-105-A0-A1',0,18,0,1,0,3,1,0,110,89.1,NULL,NULL,19.00,19.00,13.00,512.00,NULL,0,'2022-08-25 18:52:37','2022-08-25 18:52:37','in_stock',0,'Botble\\ACL\\Models\\User',NULL),(44,'Apple iPhone 13 Plus',NULL,NULL,'published','[\"products\\/8.jpg\"]','HS-105-A0-A2',0,18,0,1,0,3,1,0,110,78.1,NULL,NULL,19.00,19.00,13.00,512.00,NULL,0,'2022-08-25 18:52:37','2022-08-25 18:52:37','in_stock',0,'Botble\\ACL\\Models\\User',NULL),(45,'Apple iPhone 13 Plus',NULL,NULL,'published','[\"products\\/8.jpg\"]','HS-105-A0-A3',0,18,0,1,0,3,1,0,110,99,NULL,NULL,19.00,19.00,13.00,512.00,NULL,0,'2022-08-25 18:52:37','2022-08-25 18:52:37','in_stock',0,'Botble\\ACL\\Models\\User',NULL),(46,'Macbook Pro 2015',NULL,NULL,'published','[\"products\\/9.jpg\"]','HS-175-A0',0,19,0,1,0,6,1,0,129,NULL,NULL,NULL,11.00,15.00,11.00,529.00,NULL,0,'2022-08-25 18:52:37','2022-08-25 18:52:37','in_stock',0,'Botble\\ACL\\Models\\User',NULL),(47,'Macbook Pro 2015',NULL,NULL,'published','[\"products\\/9-1.jpg\"]','HS-175-A0-A1',0,19,0,1,0,6,1,0,129,NULL,NULL,NULL,11.00,15.00,11.00,529.00,NULL,0,'2022-08-25 18:52:37','2022-08-25 18:52:37','in_stock',0,'Botble\\ACL\\Models\\User',NULL),(48,'Macbook Pro 2015',NULL,NULL,'published','[\"products\\/9.jpg\"]','HS-175-A0-A2',0,19,0,1,0,6,1,0,129,NULL,NULL,NULL,11.00,15.00,11.00,529.00,NULL,0,'2022-08-25 18:52:37','2022-08-25 18:52:37','in_stock',0,'Botble\\ACL\\Models\\User',NULL),(49,'Macbook Air 12 inch',NULL,NULL,'published','[\"products\\/10.jpg\"]','HS-167-A0',0,19,0,1,0,6,1,0,485,NULL,NULL,NULL,15.00,11.00,16.00,847.00,NULL,0,'2022-08-25 18:52:37','2022-08-25 18:52:37','in_stock',0,'Botble\\ACL\\Models\\User',NULL),(50,'Apple Watch Serial 7',NULL,NULL,'published','[\"products\\/11.jpg\"]','HS-158-A0',0,14,0,1,0,2,1,0,119,NULL,NULL,NULL,19.00,12.00,20.00,797.00,NULL,0,'2022-08-25 18:52:37','2022-08-25 18:52:37','in_stock',0,'Botble\\ACL\\Models\\User',NULL),(51,'Apple Watch Serial 7',NULL,NULL,'published','[\"products\\/11-1.jpg\"]','HS-158-A0-A1',0,14,0,1,0,2,1,0,119,NULL,NULL,NULL,19.00,12.00,20.00,797.00,NULL,0,'2022-08-25 18:52:37','2022-08-25 18:52:37','in_stock',0,'Botble\\ACL\\Models\\User',NULL),(52,'Macbook Pro 13 inch',NULL,NULL,'published','[\"products\\/12.jpg\"]','HS-162-A0',0,11,0,1,0,7,1,0,116,81.2,NULL,NULL,19.00,14.00,14.00,726.00,NULL,0,'2022-08-25 18:52:37','2022-08-25 18:52:38','in_stock',0,'Botble\\ACL\\Models\\User',NULL),(53,'Macbook Pro 13 inch',NULL,NULL,'published','[\"products\\/12-1.jpg\"]','HS-162-A0-A1',0,11,0,1,0,7,1,0,116,91.64,NULL,NULL,19.00,14.00,14.00,726.00,NULL,0,'2022-08-25 18:52:38','2022-08-25 18:52:38','in_stock',0,'Botble\\ACL\\Models\\User',NULL),(54,'Macbook Pro 13 inch',NULL,NULL,'published','[\"products\\/12.jpg\"]','HS-162-A0-A2',0,11,0,1,0,7,1,0,116,85.84,NULL,NULL,19.00,14.00,14.00,726.00,NULL,0,'2022-08-25 18:52:38','2022-08-25 18:52:38','in_stock',0,'Botble\\ACL\\Models\\User',NULL),(55,'Apple Keyboard',NULL,NULL,'published','[\"products\\/13.jpg\"]','HS-167-A0',0,13,0,1,0,4,1,0,124,NULL,NULL,NULL,11.00,18.00,15.00,780.00,NULL,0,'2022-08-25 18:52:38','2022-08-25 18:52:38','in_stock',0,'Botble\\ACL\\Models\\User',NULL),(56,'Apple Keyboard',NULL,NULL,'published','[\"products\\/13-1.jpg\"]','HS-167-A0-A1',0,13,0,1,0,4,1,0,124,NULL,NULL,NULL,11.00,18.00,15.00,780.00,NULL,0,'2022-08-25 18:52:38','2022-08-25 18:52:38','in_stock',0,'Botble\\ACL\\Models\\User',NULL),(57,'MacSafe 80W',NULL,NULL,'published','[\"products\\/14.jpg\"]','HS-144-A0',0,20,0,1,0,6,1,0,110,NULL,NULL,NULL,10.00,19.00,12.00,852.00,NULL,0,'2022-08-25 18:52:38','2022-08-25 18:52:38','in_stock',0,'Botble\\ACL\\Models\\User',NULL),(58,'MacSafe 80W',NULL,NULL,'published','[\"products\\/14-1.jpg\"]','HS-144-A0-A1',0,20,0,1,0,6,1,0,110,NULL,NULL,NULL,10.00,19.00,12.00,852.00,NULL,0,'2022-08-25 18:52:38','2022-08-25 18:52:38','in_stock',0,'Botble\\ACL\\Models\\User',NULL),(59,'MacSafe 80W',NULL,NULL,'published','[\"products\\/14.jpg\"]','HS-144-A0-A2',0,20,0,1,0,6,1,0,110,NULL,NULL,NULL,10.00,19.00,12.00,852.00,NULL,0,'2022-08-25 18:52:38','2022-08-25 18:52:38','in_stock',0,'Botble\\ACL\\Models\\User',NULL),(60,'Hand playstation',NULL,NULL,'published','[\"products\\/15.jpg\"]','HS-117-A0',0,16,0,1,0,1,1,0,125,NULL,NULL,NULL,16.00,19.00,14.00,614.00,NULL,0,'2022-08-25 18:52:38','2022-08-25 18:52:38','in_stock',0,'Botble\\ACL\\Models\\User',NULL),(61,'Hand playstation',NULL,NULL,'published','[\"products\\/15-1.jpg\"]','HS-117-A0-A1',0,16,0,1,0,1,1,0,125,NULL,NULL,NULL,16.00,19.00,14.00,614.00,NULL,0,'2022-08-25 18:52:38','2022-08-25 18:52:38','in_stock',0,'Botble\\ACL\\Models\\User',NULL),(62,'Hand playstation',NULL,NULL,'published','[\"products\\/15.jpg\"]','HS-117-A0-A2',0,16,0,1,0,1,1,0,125,NULL,NULL,NULL,16.00,19.00,14.00,614.00,NULL,0,'2022-08-25 18:52:39','2022-08-25 18:52:39','in_stock',0,'Botble\\ACL\\Models\\User',NULL),(63,'Hand playstation',NULL,NULL,'published','[\"products\\/15.jpg\"]','HS-117-A0-A3',0,16,0,1,0,1,1,0,125,NULL,NULL,NULL,16.00,19.00,14.00,614.00,NULL,0,'2022-08-25 18:52:39','2022-08-25 18:52:39','in_stock',0,'Botble\\ACL\\Models\\User',NULL),(64,'Apple Airpods Serial 3',NULL,NULL,'published','[\"products\\/16.jpg\"]','HS-132-A0',0,14,0,1,0,5,1,0,112,94.08,NULL,NULL,11.00,15.00,12.00,727.00,NULL,0,'2022-08-25 18:52:39','2022-08-25 18:52:39','in_stock',0,'Botble\\ACL\\Models\\User',NULL),(65,'Apple Airpods Serial 3',NULL,NULL,'published','[\"products\\/16.jpg\"]','HS-132-A0-A1',0,14,0,1,0,5,1,0,112,89.6,NULL,NULL,11.00,15.00,12.00,727.00,NULL,0,'2022-08-25 18:52:39','2022-08-25 18:52:39','in_stock',0,'Botble\\ACL\\Models\\User',NULL),(66,'Apple Airpods Serial 3',NULL,NULL,'published','[\"products\\/16.jpg\"]','HS-132-A0-A2',0,14,0,1,0,5,1,0,112,91.84,NULL,NULL,11.00,15.00,12.00,727.00,NULL,0,'2022-08-25 18:52:39','2022-08-25 18:52:39','in_stock',0,'Botble\\ACL\\Models\\User',NULL),(67,'Apple Airpods Serial 3',NULL,NULL,'published','[\"products\\/16.jpg\"]','HS-132-A0-A3',0,14,0,1,0,5,1,0,112,94.08,NULL,NULL,11.00,15.00,12.00,727.00,NULL,0,'2022-08-25 18:52:39','2022-08-25 18:52:39','in_stock',0,'Botble\\ACL\\Models\\User',NULL),(68,'Cool Smart Watches',NULL,NULL,'published','[\"products\\/17.jpg\"]','HS-135-A0',0,20,0,1,0,3,1,0,130,NULL,NULL,NULL,15.00,17.00,14.00,737.00,NULL,0,'2022-08-25 18:52:39','2022-08-25 18:52:39','in_stock',0,'Botble\\ACL\\Models\\User',NULL),(69,'Black Smart Watches',NULL,NULL,'published','[\"products\\/18.jpg\"]','HS-183-A0',0,15,0,1,0,5,1,0,111,NULL,NULL,NULL,15.00,12.00,12.00,756.00,NULL,0,'2022-08-25 18:52:39','2022-08-25 18:52:39','in_stock',0,'Botble\\ACL\\Models\\User',NULL),(70,'Black Smart Watches',NULL,NULL,'published','[\"products\\/18-1.jpg\"]','HS-183-A0-A1',0,15,0,1,0,5,1,0,111,NULL,NULL,NULL,15.00,12.00,12.00,756.00,NULL,0,'2022-08-25 18:52:39','2022-08-25 18:52:39','in_stock',0,'Botble\\ACL\\Models\\User',NULL),(71,'Black Smart Watches',NULL,NULL,'published','[\"products\\/18-2.jpg\"]','HS-183-A0-A2',0,15,0,1,0,5,1,0,111,NULL,NULL,NULL,15.00,12.00,12.00,756.00,NULL,0,'2022-08-25 18:52:39','2022-08-25 18:52:39','in_stock',0,'Botble\\ACL\\Models\\User',NULL),(72,'Black Smart Watches',NULL,NULL,'published','[\"products\\/18.jpg\"]','HS-183-A0-A3',0,15,0,1,0,5,1,0,111,NULL,NULL,NULL,15.00,12.00,12.00,756.00,NULL,0,'2022-08-25 18:52:39','2022-08-25 18:52:39','in_stock',0,'Botble\\ACL\\Models\\User',NULL),(73,'Leather Watch Band Serial 3',NULL,NULL,'published','[\"products\\/19.jpg\"]','HS-165-A0',0,17,0,1,0,6,1,0,127,NULL,NULL,NULL,11.00,13.00,13.00,760.00,NULL,0,'2022-08-25 18:52:39','2022-08-25 18:52:39','in_stock',0,'Botble\\ACL\\Models\\User',NULL),(74,'Leather Watch Band Serial 3',NULL,NULL,'published','[\"products\\/19-1.jpg\"]','HS-165-A0-A1',0,17,0,1,0,6,1,0,127,NULL,NULL,NULL,11.00,13.00,13.00,760.00,NULL,0,'2022-08-25 18:52:39','2022-08-25 18:52:39','in_stock',0,'Botble\\ACL\\Models\\User',NULL),(75,'Macbook Pro 2015 13 inch',NULL,NULL,'published','[\"products\\/20.jpg\"]','HS-181-A0',0,11,0,1,0,1,1,0,115,96.6,NULL,NULL,17.00,11.00,12.00,692.00,NULL,0,'2022-08-25 18:52:39','2022-08-25 18:52:39','in_stock',0,'Botble\\ACL\\Models\\User',NULL),(76,'Macbook Pro 2015 13 inch',NULL,NULL,'published','[\"products\\/20-1.jpg\"]','HS-181-A0-A1',0,11,0,1,0,1,1,0,115,81.65,NULL,NULL,17.00,11.00,12.00,692.00,NULL,0,'2022-08-25 18:52:39','2022-08-25 18:52:39','in_stock',0,'Botble\\ACL\\Models\\User',NULL),(77,'Macbook Pro 2015 13 inch',NULL,NULL,'published','[\"products\\/20.jpg\"]','HS-181-A0-A2',0,11,0,1,0,1,1,0,115,87.4,NULL,NULL,17.00,11.00,12.00,692.00,NULL,0,'2022-08-25 18:52:39','2022-08-25 18:52:39','in_stock',0,'Botble\\ACL\\Models\\User',NULL),(78,'Macbook Pro 2015 13 inch',NULL,NULL,'published','[\"products\\/20.jpg\"]','HS-181-A0-A3',0,11,0,1,0,1,1,0,115,98.9,NULL,NULL,17.00,11.00,12.00,692.00,NULL,0,'2022-08-25 18:52:39','2022-08-25 18:52:39','in_stock',0,'Botble\\ACL\\Models\\User',NULL),(79,'Macbook Pro 2015 13 inch',NULL,NULL,'published','[\"products\\/20.jpg\"]','HS-181-A0-A4',0,11,0,1,0,1,1,0,115,93.15,NULL,NULL,17.00,11.00,12.00,692.00,NULL,0,'2022-08-25 18:52:39','2022-08-25 18:52:39','in_stock',0,'Botble\\ACL\\Models\\User',NULL),(80,'Historic Alarm Clock',NULL,NULL,'published','[\"products\\/21.jpg\"]','HS-126-A0',0,18,0,1,0,3,1,0,112,NULL,NULL,NULL,17.00,16.00,13.00,800.00,NULL,0,'2022-08-25 18:52:39','2022-08-25 18:52:39','in_stock',0,'Botble\\ACL\\Models\\User',NULL),(81,'Black Glasses',NULL,NULL,'published','[\"products\\/22.jpg\"]','HS-176-A0',0,10,0,1,0,3,1,0,119,NULL,NULL,NULL,16.00,16.00,18.00,657.00,NULL,0,'2022-08-25 18:52:39','2022-08-25 18:52:39','in_stock',0,'Botble\\ACL\\Models\\User',NULL),(82,'Black Glasses',NULL,NULL,'published','[\"products\\/22-1.jpg\"]','HS-176-A0-A1',0,10,0,1,0,3,1,0,119,NULL,NULL,NULL,16.00,16.00,18.00,657.00,NULL,0,'2022-08-25 18:52:39','2022-08-25 18:52:39','in_stock',0,'Botble\\ACL\\Models\\User',NULL),(83,'Black Glasses',NULL,NULL,'published','[\"products\\/22.jpg\"]','HS-176-A0-A2',0,10,0,1,0,3,1,0,119,NULL,NULL,NULL,16.00,16.00,18.00,657.00,NULL,0,'2022-08-25 18:52:39','2022-08-25 18:52:39','in_stock',0,'Botble\\ACL\\Models\\User',NULL),(84,'Black Glasses',NULL,NULL,'published','[\"products\\/22.jpg\"]','HS-176-A0-A3',0,10,0,1,0,3,1,0,119,NULL,NULL,NULL,16.00,16.00,18.00,657.00,NULL,0,'2022-08-25 18:52:39','2022-08-25 18:52:39','in_stock',0,'Botble\\ACL\\Models\\User',NULL),(85,'Phillips Mouse',NULL,NULL,'published','[\"products\\/23.jpg\"]','HS-162-A0',0,15,0,1,0,4,1,0,128,NULL,NULL,NULL,13.00,12.00,18.00,639.00,NULL,0,'2022-08-25 18:52:40','2022-08-25 18:52:40','in_stock',0,'Botble\\ACL\\Models\\User',NULL),(86,'Phillips Mouse',NULL,NULL,'published','[\"products\\/23-1.jpg\"]','HS-162-A0-A1',0,15,0,1,0,4,1,0,128,NULL,NULL,NULL,13.00,12.00,18.00,639.00,NULL,0,'2022-08-25 18:52:40','2022-08-25 18:52:40','in_stock',0,'Botble\\ACL\\Models\\User',NULL),(87,'Phillips Mouse',NULL,NULL,'published','[\"products\\/23.jpg\"]','HS-162-A0-A2',0,15,0,1,0,4,1,0,128,NULL,NULL,NULL,13.00,12.00,18.00,639.00,NULL,0,'2022-08-25 18:52:40','2022-08-25 18:52:40','in_stock',0,'Botble\\ACL\\Models\\User',NULL),(88,'Phillips Mouse',NULL,NULL,'published','[\"products\\/23.jpg\"]','HS-162-A0-A3',0,15,0,1,0,4,1,0,128,NULL,NULL,NULL,13.00,12.00,18.00,639.00,NULL,0,'2022-08-25 18:52:40','2022-08-25 18:52:40','in_stock',0,'Botble\\ACL\\Models\\User',NULL),(89,'Phillips Mouse',NULL,NULL,'published','[\"products\\/23.jpg\"]','HS-162-A0-A4',0,15,0,1,0,4,1,0,128,NULL,NULL,NULL,13.00,12.00,18.00,639.00,NULL,0,'2022-08-25 18:52:40','2022-08-25 18:52:40','in_stock',0,'Botble\\ACL\\Models\\User',NULL),(90,'Gaming Keyboard',NULL,NULL,'published','[\"products\\/24.jpg\"]','HS-103-A0',0,15,0,1,0,6,1,0,123,87.33,NULL,NULL,19.00,15.00,19.00,752.00,NULL,0,'2022-08-25 18:52:40','2022-08-25 18:52:40','in_stock',0,'Botble\\ACL\\Models\\User',NULL);
/*!40000 ALTER TABLE `ec_products` ENABLE KEYS */;
UNLOCK TABLES;

--
-- Table structure for table `ec_products_translations`
--

DROP TABLE IF EXISTS `ec_products_translations`;
/*!40101 SET @saved_cs_client     = @@character_set_client */;
/*!50503 SET character_set_client = utf8mb4 */;
CREATE TABLE `ec_products_translations` (
  `lang_code` varchar(191) CHARACTER SET utf8mb4 COLLATE utf8mb4_unicode_ci NOT NULL,
  `ec_products_id` int NOT NULL,
  `name` varchar(191) CHARACTER SET utf8mb4 COLLATE utf8mb4_unicode_ci DEFAULT NULL,
  `description` text CHARACTER SET utf8mb4 COLLATE utf8mb4_unicode_ci,
  `content` text CHARACTER SET utf8mb4 COLLATE utf8mb4_unicode_ci,
  PRIMARY KEY (`lang_code`,`ec_products_id`)
) ENGINE=InnoDB DEFAULT CHARSET=utf8mb4 COLLATE=utf8mb4_unicode_ci;
/*!40101 SET character_set_client = @saved_cs_client */;

--
-- Dumping data for table `ec_products_translations`
--

LOCK TABLES `ec_products_translations` WRITE;
/*!40000 ALTER TABLE `ec_products_translations` DISABLE KEYS */;
INSERT INTO `ec_products_translations` VALUES ('vi',1,'Loa thông minh',NULL,NULL),('vi',2,'Tai nghe Ultra Bass',NULL,NULL),('vi',3,'Tai nghe Bluetooth',NULL,NULL),('vi',4,'Chikie - Loa Bluetooth',NULL,NULL),('vi',5,'Camera Hikvision HK-35VS8',NULL,NULL),('vi',6,'Camera Samsung SS-24',NULL,NULL),('vi',7,'Dây đeo đồng hồ da',NULL,NULL),('vi',8,'Điện thoại Apple iPhone 13 Plus',NULL,NULL),('vi',9,'Máy tính Macbook Pro 2015',NULL,NULL),('vi',10,'Máy tính Macbook Air 12 inch',NULL,NULL),('vi',11,'Đồng hồ Apple Serial 7',NULL,NULL),('vi',12,'Máy tính Macbook Pro 13 inch',NULL,NULL),('vi',13,'Bàn phím Apple',NULL,NULL),('vi',14,'Cục sạc MacSafe 80W',NULL,NULL),('vi',15,'Tay cầm chơi game',NULL,NULL),('vi',16,'Apple Airpods Serial 3',NULL,NULL),('vi',17,'Cool Smart Watches',NULL,NULL),('vi',18,'Black Smart Watches',NULL,NULL),('vi',19,'Leather Watch Band Serial 3',NULL,NULL),('vi',20,'Macbook Pro 2015 13 inch',NULL,NULL),('vi',21,'Đồng hồ báo thức cổ điển',NULL,NULL),('vi',22,'Kính đen cool ngầu',NULL,NULL),('vi',23,'Chuột máy tính Phillips',NULL,NULL),('vi',24,'Bàn phím chơi game',NULL,NULL),('vi',25,'Loa thông minh',NULL,NULL),('vi',26,'Loa thông minh',NULL,NULL),('vi',27,'Loa thông minh',NULL,NULL),('vi',28,'Tai nghe Ultra Bass',NULL,NULL),('vi',29,'Tai nghe Ultra Bass',NULL,NULL),('vi',30,'Tai nghe Bluetooth',NULL,NULL),('vi',31,'Tai nghe Bluetooth',NULL,NULL),('vi',32,'Tai nghe Bluetooth',NULL,NULL),('vi',33,'Tai nghe Bluetooth',NULL,NULL),('vi',34,'Chikie - Loa Bluetooth',NULL,NULL),('vi',35,'Chikie - Loa Bluetooth',NULL,NULL),('vi',36,'Chikie - Loa Bluetooth',NULL,NULL),('vi',37,'Camera Hikvision HK-35VS8',NULL,NULL),('vi',38,'Camera Samsung SS-24',NULL,NULL),('vi',39,'Camera Samsung SS-24',NULL,NULL),('vi',40,'Dây đeo đồng hồ da',NULL,NULL),('vi',41,'Dây đeo đồng hồ da',NULL,NULL),('vi',42,'Điện thoại Apple iPhone 13 Plus',NULL,NULL),('vi',43,'Điện thoại Apple iPhone 13 Plus',NULL,NULL),('vi',44,'Điện thoại Apple iPhone 13 Plus',NULL,NULL),('vi',45,'Điện thoại Apple iPhone 13 Plus',NULL,NULL),('vi',46,'Máy tính Macbook Pro 2015',NULL,NULL),('vi',47,'Máy tính Macbook Pro 2015',NULL,NULL),('vi',48,'Máy tính Macbook Pro 2015',NULL,NULL),('vi',49,'Máy tính Macbook Air 12 inch',NULL,NULL),('vi',50,'Đồng hồ Apple Serial 7',NULL,NULL),('vi',51,'Đồng hồ Apple Serial 7',NULL,NULL),('vi',52,'Máy tính Macbook Pro 13 inch',NULL,NULL),('vi',53,'Máy tính Macbook Pro 13 inch',NULL,NULL),('vi',54,'Máy tính Macbook Pro 13 inch',NULL,NULL),('vi',55,'Bàn phím Apple',NULL,NULL),('vi',56,'Bàn phím Apple',NULL,NULL),('vi',57,'Cục sạc MacSafe 80W',NULL,NULL),('vi',58,'Cục sạc MacSafe 80W',NULL,NULL),('vi',59,'Cục sạc MacSafe 80W',NULL,NULL),('vi',60,'Tay cầm chơi game',NULL,NULL),('vi',61,'Tay cầm chơi game',NULL,NULL),('vi',62,'Tay cầm chơi game',NULL,NULL),('vi',63,'Tay cầm chơi game',NULL,NULL),('vi',64,'Apple Airpods Serial 3',NULL,NULL),('vi',65,'Apple Airpods Serial 3',NULL,NULL),('vi',66,'Apple Airpods Serial 3',NULL,NULL),('vi',67,'Apple Airpods Serial 3',NULL,NULL),('vi',68,'Cool Smart Watches',NULL,NULL),('vi',69,'Black Smart Watches',NULL,NULL),('vi',70,'Black Smart Watches',NULL,NULL),('vi',71,'Black Smart Watches',NULL,NULL),('vi',72,'Black Smart Watches',NULL,NULL),('vi',73,'Leather Watch Band Serial 3',NULL,NULL),('vi',74,'Leather Watch Band Serial 3',NULL,NULL),('vi',75,'Macbook Pro 2015 13 inch',NULL,NULL),('vi',76,'Macbook Pro 2015 13 inch',NULL,NULL),('vi',77,'Macbook Pro 2015 13 inch',NULL,NULL),('vi',78,'Macbook Pro 2015 13 inch',NULL,NULL),('vi',79,'Macbook Pro 2015 13 inch',NULL,NULL),('vi',80,'Đồng hồ báo thức cổ điển',NULL,NULL),('vi',81,'Kính đen cool ngầu',NULL,NULL),('vi',82,'Kính đen cool ngầu',NULL,NULL),('vi',83,'Kính đen cool ngầu',NULL,NULL),('vi',84,'Kính đen cool ngầu',NULL,NULL),('vi',85,'Chuột máy tính Phillips',NULL,NULL),('vi',86,'Chuột máy tính Phillips',NULL,NULL),('vi',87,'Chuột máy tính Phillips',NULL,NULL),('vi',88,'Chuột máy tính Phillips',NULL,NULL),('vi',89,'Chuột máy tính Phillips',NULL,NULL),('vi',90,'Bàn phím chơi game',NULL,NULL);
/*!40000 ALTER TABLE `ec_products_translations` ENABLE KEYS */;
UNLOCK TABLES;

--
-- Table structure for table `ec_reviews`
--

DROP TABLE IF EXISTS `ec_reviews`;
/*!40101 SET @saved_cs_client     = @@character_set_client */;
/*!50503 SET character_set_client = utf8mb4 */;
CREATE TABLE `ec_reviews` (
  `id` bigint unsigned NOT NULL AUTO_INCREMENT,
  `customer_id` int unsigned NOT NULL,
  `product_id` int unsigned NOT NULL,
  `star` double(8,2) NOT NULL,
  `comment` text CHARACTER SET utf8mb4 COLLATE utf8mb4_unicode_ci NOT NULL,
  `status` varchar(60) CHARACTER SET utf8mb4 COLLATE utf8mb4_unicode_ci NOT NULL DEFAULT 'published',
  `created_at` timestamp NULL DEFAULT NULL,
  `updated_at` timestamp NULL DEFAULT NULL,
  `images` text CHARACTER SET utf8mb4 COLLATE utf8mb4_unicode_ci,
  PRIMARY KEY (`id`),
  KEY `ec_reviews_product_id_customer_id_status_created_at_index` (`product_id`,`customer_id`,`status`,`created_at`),
  KEY `ec_reviews_product_id_customer_id_status_index` (`product_id`,`customer_id`,`status`)
) ENGINE=InnoDB AUTO_INCREMENT=101 DEFAULT CHARSET=utf8mb4 COLLATE=utf8mb4_unicode_ci;
/*!40101 SET character_set_client = @saved_cs_client */;

--
-- Dumping data for table `ec_reviews`
--

LOCK TABLES `ec_reviews` WRITE;
/*!40000 ALTER TABLE `ec_reviews` DISABLE KEYS */;
INSERT INTO `ec_reviews` VALUES (1,1,18,2.00,'Best ecommerce CMS online store!','published','2022-08-25 18:52:45','2022-08-25 18:52:45','[\"products\\/1.jpg\",\"products\\/7.jpg\"]'),(2,3,19,2.00,'Those guys now what they are doing, the release such a good product that it\'s a pleasure to work with ! Even when I was stuck on the project, I created a ticket and the next day it was replied by the team. GOOD JOB guys. I love working with them :)','published','2022-08-25 18:52:45','2022-08-25 18:52:45','[\"products\\/4.jpg\"]'),(3,7,4,5.00,'Cool template. Excellent code quality. The support responds very quickly, which is very rare on themeforest and codecanyon.net, I buy a lot of templates, and everyone will have a response from technical support for two or three days. Thanks to tech support. I recommend to buy.','published','2022-08-25 18:52:45','2022-08-25 18:52:45','[\"products\\/3.jpg\",\"products\\/6.jpg\"]'),(4,9,23,5.00,'This script is well coded and is super fast. The support is pretty quick. Very patient and helpful team. I strongly recommend it and they deserve more than 5 stars.','published','2022-08-25 18:52:45','2022-08-25 18:52:45','[\"products\\/4.jpg\",\"products\\/5.jpg\"]'),(5,5,10,1.00,'Cool template. Excellent code quality. The support responds very quickly, which is very rare on themeforest and codecanyon.net, I buy a lot of templates, and everyone will have a response from technical support for two or three days. Thanks to tech support. I recommend to buy.','published','2022-08-25 18:52:45','2022-08-25 18:52:45','[\"products\\/4.jpg\"]'),(6,7,10,5.00,'Amazing code, amazing support. Overall, im really confident in Botble and im happy I made the right choice! Thank you so much guys for coding this masterpiece','published','2022-08-25 18:52:45','2022-08-25 18:52:45','{\"0\":\"products\\/1.jpg\",\"2\":\"products\\/19.jpg\"}'),(7,5,17,2.00,'The best ecommerce CMS! Excellent coding! best support service! Thank you so much..... I really like your hard work.','published','2022-08-25 18:52:45','2022-08-25 18:52:45','[\"products\\/4.jpg\",\"products\\/6.jpg\"]'),(8,1,19,3.00,'Solution is too robust for our purpose so we didn\'t use it at the end. But I appreciate customer support during initial configuration.','published','2022-08-25 18:52:45','2022-08-25 18:52:45','[\"products\\/4.jpg\",\"products\\/7.jpg\",\"products\\/21.jpg\"]'),(9,5,18,5.00,'We have received brilliant service support and will be expanding the features with the developer. Nice product!','published','2022-08-25 18:52:45','2022-08-25 18:52:45','[\"products\\/4.jpg\",\"products\\/5.jpg\"]'),(10,7,9,4.00,'Best ecommerce CMS online store!','published','2022-08-25 18:52:45','2022-08-25 18:52:45','[\"products\\/4.jpg\",\"products\\/5.jpg\"]'),(11,5,7,1.00,'Second or third time that I buy a Botble product, happy with the products and support. You guys do a good job :)','published','2022-08-25 18:52:45','2022-08-25 18:52:45','[\"products\\/4.jpg\",\"products\\/7.jpg\",\"products\\/14.jpg\"]'),(12,8,8,2.00,'Best ecommerce CMS online store!','published','2022-08-25 18:52:45','2022-08-25 18:52:45','[\"products\\/3.jpg\",\"products\\/6.jpg\"]'),(13,1,16,1.00,'Best ecommerce CMS online store!','published','2022-08-25 18:52:45','2022-08-25 18:52:45','[\"products\\/4.jpg\",\"products\\/7.jpg\",\"products\\/18.jpg\"]'),(14,10,2,5.00,'Great E-commerce system. And much more : Wonderful Customer Support.','published','2022-08-25 18:52:45','2022-08-25 18:52:45','[\"products\\/2.jpg\",\"products\\/6.jpg\"]'),(15,3,18,3.00,'The script is the best of its class, fast, easy to implement and work with , and the most important thing is the great support team , Recommend with no doubt.','published','2022-08-25 18:52:45','2022-08-25 18:52:45','[\"products\\/2.jpg\",\"products\\/7.jpg\"]'),(16,1,4,4.00,'It\'s not my first experience here on Codecanyon and I can honestly tell you all that Botble puts a LOT of effort into the support. They answer so fast, they helped me tons of times. REALLY by far THE BEST EXPERIENCE on Codecanyon. Those guys at Botble are so good that they deserve 5 stars. I recommend them, I trust them and I can\'t wait to see what they will sell in a near future. Thank you Botble :)','published','2022-08-25 18:52:45','2022-08-25 18:52:45','[\"products\\/2.jpg\",\"products\\/6.jpg\"]'),(17,10,21,4.00,'Best ecommerce CMS online store!','published','2022-08-25 18:52:45','2022-08-25 18:52:45','{\"0\":\"products\\/4.jpg\",\"2\":\"products\\/14.jpg\"}'),(18,4,7,5.00,'The best ecommerce CMS! Excellent coding! best support service! Thank you so much..... I really like your hard work.','published','2022-08-25 18:52:45','2022-08-25 18:52:45','[\"products\\/1.jpg\",\"products\\/6.jpg\",\"products\\/13.jpg\"]'),(19,4,1,3.00,'These guys are amazing! Responses immediately, amazing support and help... I immediately feel at ease after Purchasing..','published','2022-08-25 18:52:45','2022-08-25 18:52:45','[\"products\\/1.jpg\",\"products\\/5.jpg\"]'),(20,1,14,5.00,'It\'s not my first experience here on Codecanyon and I can honestly tell you all that Botble puts a LOT of effort into the support. They answer so fast, they helped me tons of times. REALLY by far THE BEST EXPERIENCE on Codecanyon. Those guys at Botble are so good that they deserve 5 stars. I recommend them, I trust them and I can\'t wait to see what they will sell in a near future. Thank you Botble :)','published','2022-08-25 18:52:45','2022-08-25 18:52:45','[\"products\\/4.jpg\",\"products\\/5.jpg\",\"products\\/22.jpg\"]'),(21,4,17,1.00,'Solution is too robust for our purpose so we didn\'t use it at the end. But I appreciate customer support during initial configuration.','published','2022-08-25 18:52:45','2022-08-25 18:52:45','[\"products\\/1.jpg\",\"products\\/7.jpg\",\"products\\/13.jpg\"]'),(22,3,22,1.00,'We have received brilliant service support and will be expanding the features with the developer. Nice product!','published','2022-08-25 18:52:45','2022-08-25 18:52:45','[\"products\\/3.jpg\",\"products\\/6.jpg\",\"products\\/24.jpg\"]'),(23,7,14,2.00,'Second or third time that I buy a Botble product, happy with the products and support. You guys do a good job :)','published','2022-08-25 18:52:45','2022-08-25 18:52:45','[\"products\\/1.jpg\",\"products\\/6.jpg\"]'),(24,6,13,2.00,'The code is good, in general, if you like it, can you give it 5 stars?','published','2022-08-25 18:52:45','2022-08-25 18:52:45','[\"products\\/1.jpg\",\"products\\/5.jpg\"]'),(25,3,17,2.00,'The code is good, in general, if you like it, can you give it 5 stars?','published','2022-08-25 18:52:45','2022-08-25 18:52:45','[\"products\\/3.jpg\",\"products\\/6.jpg\",\"products\\/18.jpg\"]'),(26,2,3,2.00,'As a developer I reviewed this script. This is really awesome ecommerce script. I have convinced when I noticed that it\'s built on fully WordPress concept.','published','2022-08-25 18:52:45','2022-08-25 18:52:45','[\"products\\/3.jpg\"]'),(27,6,17,2.00,'This web app is really good in design, code quality & features. Besides, the customer support provided by the Botble team was really fast & helpful. You guys are awesome!','published','2022-08-25 18:52:45','2022-08-25 18:52:45','[\"products\\/3.jpg\"]'),(28,3,2,1.00,'As a developer I reviewed this script. This is really awesome ecommerce script. I have convinced when I noticed that it\'s built on fully WordPress concept.','published','2022-08-25 18:52:45','2022-08-25 18:52:45','[\"products\\/2.jpg\",\"products\\/6.jpg\"]'),(29,7,5,2.00,'For me the best eCommerce script on Envato at this moment: modern, clean code, a lot of great features. The customer support is great too: I always get an answer within hours!','published','2022-08-25 18:52:45','2022-08-25 18:52:45','[\"products\\/1.jpg\"]'),(30,5,3,2.00,'Best ecommerce CMS online store!','published','2022-08-25 18:52:45','2022-08-25 18:52:45','[\"products\\/2.jpg\",\"products\\/6.jpg\"]'),(31,1,17,5.00,'The best ecommerce CMS! Excellent coding! best support service! Thank you so much..... I really like your hard work.','published','2022-08-25 18:52:45','2022-08-25 18:52:45','[\"products\\/3.jpg\",\"products\\/7.jpg\"]'),(32,7,21,5.00,'For me the best eCommerce script on Envato at this moment: modern, clean code, a lot of great features. The customer support is great too: I always get an answer within hours!','published','2022-08-25 18:52:45','2022-08-25 18:52:45','[\"products\\/3.jpg\"]'),(33,3,20,4.00,'This web app is really good in design, code quality & features. Besides, the customer support provided by the Botble team was really fast & helpful. You guys are awesome!','published','2022-08-25 18:52:45','2022-08-25 18:52:45','[\"products\\/3.jpg\"]'),(34,8,22,3.00,'We have received brilliant service support and will be expanding the features with the developer. Nice product!','published','2022-08-25 18:52:45','2022-08-25 18:52:45','[\"products\\/1.jpg\",\"products\\/7.jpg\",\"products\\/21.jpg\"]'),(35,4,19,1.00,'The best ecommerce CMS! Excellent coding! best support service! Thank you so much..... I really like your hard work.','published','2022-08-25 18:52:45','2022-08-25 18:52:45','{\"0\":\"products\\/4.jpg\",\"2\":\"products\\/19.jpg\"}'),(36,9,12,3.00,'The code is good, in general, if you like it, can you give it 5 stars?','published','2022-08-25 18:52:45','2022-08-25 18:52:45','[\"products\\/1.jpg\"]'),(37,9,24,1.00,'Amazing code, amazing support. Overall, im really confident in Botble and im happy I made the right choice! Thank you so much guys for coding this masterpiece','published','2022-08-25 18:52:45','2022-08-25 18:52:45','[\"products\\/1.jpg\"]'),(38,3,16,3.00,'The script is the best of its class, fast, easy to implement and work with , and the most important thing is the great support team , Recommend with no doubt.','published','2022-08-25 18:52:45','2022-08-25 18:52:45','[\"products\\/3.jpg\",\"products\\/5.jpg\",\"products\\/12.jpg\"]'),(39,7,10,3.00,'This script is well coded and is super fast. The support is pretty quick. Very patient and helpful team. I strongly recommend it and they deserve more than 5 stars.','published','2022-08-25 18:52:45','2022-08-25 18:52:45','[\"products\\/3.jpg\"]'),(40,6,19,3.00,'Amazing code, amazing support. Overall, im really confident in Botble and im happy I made the right choice! Thank you so much guys for coding this masterpiece','published','2022-08-25 18:52:45','2022-08-25 18:52:45','[\"products\\/4.jpg\",\"products\\/5.jpg\"]'),(41,8,16,2.00,'Good app, good backup service and support. Good documentation.','published','2022-08-25 18:52:45','2022-08-25 18:52:45','[\"products\\/2.jpg\",\"products\\/5.jpg\",\"products\\/24.jpg\"]'),(42,1,19,1.00,'Very enthusiastic support! Excellent code is written. It\'s a true pleasure working with.','published','2022-08-25 18:52:45','2022-08-25 18:52:45','{\"0\":\"products\\/3.jpg\",\"2\":\"products\\/18.jpg\"}'),(43,4,24,1.00,'Cool template. Excellent code quality. The support responds very quickly, which is very rare on themeforest and codecanyon.net, I buy a lot of templates, and everyone will have a response from technical support for two or three days. Thanks to tech support. I recommend to buy.','published','2022-08-25 18:52:45','2022-08-25 18:52:45','[\"products\\/2.jpg\",\"products\\/6.jpg\",\"products\\/11.jpg\"]'),(44,4,8,1.00,'These guys are amazing! Responses immediately, amazing support and help... I immediately feel at ease after Purchasing..','published','2022-08-25 18:52:45','2022-08-25 18:52:45','[\"products\\/1.jpg\",\"products\\/6.jpg\"]'),(45,5,4,1.00,'For me the best eCommerce script on Envato at this moment: modern, clean code, a lot of great features. The customer support is great too: I always get an answer within hours!','published','2022-08-25 18:52:45','2022-08-25 18:52:45','[\"products\\/1.jpg\"]'),(46,8,8,4.00,'The code is good, in general, if you like it, can you give it 5 stars?','published','2022-08-25 18:52:45','2022-08-25 18:52:45','{\"0\":\"products\\/3.jpg\",\"2\":\"products\\/24.jpg\"}'),(47,2,23,2.00,'We have received brilliant service support and will be expanding the features with the developer. Nice product!','published','2022-08-25 18:52:45','2022-08-25 18:52:45','[\"products\\/1.jpg\",\"products\\/7.jpg\",\"products\\/8.jpg\"]'),(48,10,24,5.00,'This script is well coded and is super fast. The support is pretty quick. Very patient and helpful team. I strongly recommend it and they deserve more than 5 stars.','published','2022-08-25 18:52:45','2022-08-25 18:52:45','[\"products\\/1.jpg\",\"products\\/6.jpg\"]'),(49,3,1,3.00,'Great E-commerce system. And much more : Wonderful Customer Support.','published','2022-08-25 18:52:45','2022-08-25 18:52:45','[\"products\\/1.jpg\",\"products\\/7.jpg\"]'),(50,6,1,1.00,'It\'s not my first experience here on Codecanyon and I can honestly tell you all that Botble puts a LOT of effort into the support. They answer so fast, they helped me tons of times. REALLY by far THE BEST EXPERIENCE on Codecanyon. Those guys at Botble are so good that they deserve 5 stars. I recommend them, I trust them and I can\'t wait to see what they will sell in a near future. Thank you Botble :)','published','2022-08-25 18:52:45','2022-08-25 18:52:45','[\"products\\/3.jpg\",\"products\\/5.jpg\",\"products\\/21.jpg\"]'),(51,8,19,4.00,'Great E-commerce system. And much more : Wonderful Customer Support.','published','2022-08-25 18:52:45','2022-08-25 18:52:45','[\"products\\/3.jpg\",\"products\\/6.jpg\",\"products\\/18.jpg\"]'),(52,6,12,2.00,'Solution is too robust for our purpose so we didn\'t use it at the end. But I appreciate customer support during initial configuration.','published','2022-08-25 18:52:45','2022-08-25 18:52:45','[\"products\\/1.jpg\",\"products\\/6.jpg\",\"products\\/19.jpg\"]'),(53,9,15,3.00,'Clean & perfect source code','published','2022-08-25 18:52:45','2022-08-25 18:52:45','[\"products\\/4.jpg\"]'),(54,3,6,2.00,'Best ecommerce CMS online store!','published','2022-08-25 18:52:45','2022-08-25 18:52:45','[\"products\\/4.jpg\"]'),(55,10,7,1.00,'Second or third time that I buy a Botble product, happy with the products and support. You guys do a good job :)','published','2022-08-25 18:52:45','2022-08-25 18:52:45','[\"products\\/4.jpg\",\"products\\/7.jpg\",\"products\\/18.jpg\"]'),(56,10,4,4.00,'The best store template! Excellent coding! Very good support! Thank you so much for all the help, I really appreciated.','published','2022-08-25 18:52:45','2022-08-25 18:52:45','[\"products\\/3.jpg\",\"products\\/5.jpg\"]'),(57,5,22,3.00,'Those guys now what they are doing, the release such a good product that it\'s a pleasure to work with ! Even when I was stuck on the project, I created a ticket and the next day it was replied by the team. GOOD JOB guys. I love working with them :)','published','2022-08-25 18:52:45','2022-08-25 18:52:45','[\"products\\/3.jpg\",\"products\\/5.jpg\",\"products\\/11.jpg\"]'),(58,6,6,1.00,'The code is good, in general, if you like it, can you give it 5 stars?','published','2022-08-25 18:52:45','2022-08-25 18:52:45','[\"products\\/2.jpg\",\"products\\/6.jpg\"]'),(59,2,10,3.00,'Cool template. Excellent code quality. The support responds very quickly, which is very rare on themeforest and codecanyon.net, I buy a lot of templates, and everyone will have a response from technical support for two or three days. Thanks to tech support. I recommend to buy.','published','2022-08-25 18:52:45','2022-08-25 18:52:45','[\"products\\/3.jpg\",\"products\\/5.jpg\",\"products\\/10.jpg\"]'),(60,6,2,1.00,'Amazing code, amazing support. Overall, im really confident in Botble and im happy I made the right choice! Thank you so much guys for coding this masterpiece','published','2022-08-25 18:52:45','2022-08-25 18:52:45','[\"products\\/2.jpg\",\"products\\/7.jpg\"]'),(61,9,13,4.00,'For me the best eCommerce script on Envato at this moment: modern, clean code, a lot of great features. The customer support is great too: I always get an answer within hours!','published','2022-08-25 18:52:45','2022-08-25 18:52:45','[\"products\\/1.jpg\",\"products\\/5.jpg\"]'),(62,9,21,1.00,'The best ecommerce CMS! Excellent coding! best support service! Thank you so much..... I really like your hard work.','published','2022-08-25 18:52:45','2022-08-25 18:52:45','[\"products\\/1.jpg\",\"products\\/5.jpg\"]'),(63,4,22,3.00,'The best store template! Excellent coding! Very good support! Thank you so much for all the help, I really appreciated.','published','2022-08-25 18:52:45','2022-08-25 18:52:45','{\"0\":\"products\\/4.jpg\",\"2\":\"products\\/18.jpg\"}'),(64,7,16,4.00,'The code is good, in general, if you like it, can you give it 5 stars?','published','2022-08-25 18:52:45','2022-08-25 18:52:45','[\"products\\/2.jpg\",\"products\\/6.jpg\"]'),(65,7,8,5.00,'Good app, good backup service and support. Good documentation.','published','2022-08-25 18:52:45','2022-08-25 18:52:45','{\"0\":\"products\\/2.jpg\",\"2\":\"products\\/11.jpg\"}'),(66,3,24,5.00,'Customer Support are grade (A*), however the code is a way too over engineered for it\'s purpose.','published','2022-08-25 18:52:45','2022-08-25 18:52:45','[\"products\\/2.jpg\",\"products\\/6.jpg\"]'),(67,2,1,4.00,'Great system, great support, good job Botble. I\'m looking forward to more great functional plugins.','published','2022-08-25 18:52:45','2022-08-25 18:52:45','[\"products\\/1.jpg\",\"products\\/7.jpg\",\"products\\/20.jpg\"]'),(68,1,22,4.00,'We have received brilliant service support and will be expanding the features with the developer. Nice product!','published','2022-08-25 18:52:45','2022-08-25 18:52:45','[\"products\\/1.jpg\",\"products\\/7.jpg\",\"products\\/17.jpg\"]'),(69,4,8,1.00,'Great E-commerce system. And much more : Wonderful Customer Support.','published','2022-08-25 18:52:45','2022-08-25 18:52:45','[\"products\\/3.jpg\",\"products\\/6.jpg\",\"products\\/20.jpg\"]'),(70,3,19,1.00,'This script is well coded and is super fast. The support is pretty quick. Very patient and helpful team. I strongly recommend it and they deserve more than 5 stars.','published','2022-08-25 18:52:45','2022-08-25 18:52:45','[\"products\\/4.jpg\",\"products\\/7.jpg\",\"products\\/8.jpg\"]'),(71,1,15,1.00,'It\'s not my first experience here on Codecanyon and I can honestly tell you all that Botble puts a LOT of effort into the support. They answer so fast, they helped me tons of times. REALLY by far THE BEST EXPERIENCE on Codecanyon. Those guys at Botble are so good that they deserve 5 stars. I recommend them, I trust them and I can\'t wait to see what they will sell in a near future. Thank you Botble :)','published','2022-08-25 18:52:45','2022-08-25 18:52:45','[\"products\\/2.jpg\",\"products\\/6.jpg\",\"products\\/22.jpg\"]'),(72,7,22,2.00,'Very enthusiastic support! Excellent code is written. It\'s a true pleasure working with.','published','2022-08-25 18:52:45','2022-08-25 18:52:45','[\"products\\/3.jpg\",\"products\\/5.jpg\",\"products\\/18.jpg\"]'),(73,1,23,1.00,'Great E-commerce system. And much more : Wonderful Customer Support.','published','2022-08-25 18:52:45','2022-08-25 18:52:45','[\"products\\/4.jpg\",\"products\\/5.jpg\"]'),(74,10,19,1.00,'This script is well coded and is super fast. The support is pretty quick. Very patient and helpful team. I strongly recommend it and they deserve more than 5 stars.','published','2022-08-25 18:52:45','2022-08-25 18:52:45','{\"0\":\"products\\/1.jpg\",\"2\":\"products\\/24.jpg\"}'),(75,9,14,2.00,'Solution is too robust for our purpose so we didn\'t use it at the end. But I appreciate customer support during initial configuration.','published','2022-08-25 18:52:45','2022-08-25 18:52:45','[\"products\\/1.jpg\"]'),(76,3,3,5.00,'Solution is too robust for our purpose so we didn\'t use it at the end. But I appreciate customer support during initial configuration.','published','2022-08-25 18:52:45','2022-08-25 18:52:45','[\"products\\/4.jpg\",\"products\\/6.jpg\",\"products\\/21.jpg\"]'),(77,9,22,2.00,'This script is well coded and is super fast. The support is pretty quick. Very patient and helpful team. I strongly recommend it and they deserve more than 5 stars.','published','2022-08-25 18:52:45','2022-08-25 18:52:45','[\"products\\/1.jpg\",\"products\\/5.jpg\"]'),(78,1,4,2.00,'As a developer I reviewed this script. This is really awesome ecommerce script. I have convinced when I noticed that it\'s built on fully WordPress concept.','published','2022-08-25 18:52:45','2022-08-25 18:52:45','[\"products\\/3.jpg\",\"products\\/7.jpg\"]'),(79,7,1,2.00,'The script is the best of its class, fast, easy to implement and work with , and the most important thing is the great support team , Recommend with no doubt.','published','2022-08-25 18:52:45','2022-08-25 18:52:45','[\"products\\/3.jpg\"]'),(80,9,24,1.00,'Ok good product. I have some issues in customizations. But its not correct to blame the developer. The product is good. Good luck for your business.','published','2022-08-25 18:52:45','2022-08-25 18:52:45','[\"products\\/3.jpg\",\"products\\/5.jpg\",\"products\\/8.jpg\"]'),(81,7,5,1.00,'The code is good, in general, if you like it, can you give it 5 stars?','published','2022-08-25 18:52:45','2022-08-25 18:52:45','[\"products\\/3.jpg\",\"products\\/6.jpg\"]'),(82,3,10,1.00,'Amazing code, amazing support. Overall, im really confident in Botble and im happy I made the right choice! Thank you so much guys for coding this masterpiece','published','2022-08-25 18:52:45','2022-08-25 18:52:45','[\"products\\/2.jpg\",\"products\\/5.jpg\"]'),(83,1,6,5.00,'As a developer I reviewed this script. This is really awesome ecommerce script. I have convinced when I noticed that it\'s built on fully WordPress concept.','published','2022-08-25 18:52:45','2022-08-25 18:52:45','[\"products\\/1.jpg\",\"products\\/5.jpg\"]'),(84,7,1,4.00,'Great E-commerce system. And much more : Wonderful Customer Support.','published','2022-08-25 18:52:45','2022-08-25 18:52:45','[\"products\\/3.jpg\",\"products\\/6.jpg\"]'),(85,6,8,2.00,'Great system, great support, good job Botble. I\'m looking forward to more great functional plugins.','published','2022-08-25 18:52:45','2022-08-25 18:52:45','[\"products\\/1.jpg\",\"products\\/7.jpg\"]'),(86,1,16,4.00,'The script is the best of its class, fast, easy to implement and work with , and the most important thing is the great support team , Recommend with no doubt.','published','2022-08-25 18:52:45','2022-08-25 18:52:45','[\"products\\/2.jpg\",\"products\\/6.jpg\"]'),(87,10,15,2.00,'Perfect +++++++++ i love it really also i get to fast ticket answers... Thanks Lot BOTBLE Teams','published','2022-08-25 18:52:45','2022-08-25 18:52:45','[\"products\\/1.jpg\",\"products\\/6.jpg\"]'),(88,2,7,5.00,'For me the best eCommerce script on Envato at this moment: modern, clean code, a lot of great features. The customer support is great too: I always get an answer within hours!','published','2022-08-25 18:52:45','2022-08-25 18:52:45','[\"products\\/3.jpg\"]'),(89,4,5,2.00,'Those guys now what they are doing, the release such a good product that it\'s a pleasure to work with ! Even when I was stuck on the project, I created a ticket and the next day it was replied by the team. GOOD JOB guys. I love working with them :)','published','2022-08-25 18:52:45','2022-08-25 18:52:45','[\"products\\/3.jpg\",\"products\\/7.jpg\",\"products\\/20.jpg\"]'),(90,7,17,4.00,'Amazing code, amazing support. Overall, im really confident in Botble and im happy I made the right choice! Thank you so much guys for coding this masterpiece','published','2022-08-25 18:52:45','2022-08-25 18:52:45','[\"products\\/1.jpg\"]'),(91,3,16,4.00,'The best ecommerce CMS! Excellent coding! best support service! Thank you so much..... I really like your hard work.','published','2022-08-25 18:52:45','2022-08-25 18:52:45','[\"products\\/3.jpg\",\"products\\/6.jpg\"]'),(92,10,23,3.00,'Second or third time that I buy a Botble product, happy with the products and support. You guys do a good job :)','published','2022-08-25 18:52:45','2022-08-25 18:52:45','[\"products\\/3.jpg\"]'),(93,6,6,5.00,'Very enthusiastic support! Excellent code is written. It\'s a true pleasure working with.','published','2022-08-25 18:52:45','2022-08-25 18:52:45','[\"products\\/2.jpg\",\"products\\/5.jpg\",\"products\\/14.jpg\"]'),(94,2,6,5.00,'Customer Support are grade (A*), however the code is a way too over engineered for it\'s purpose.','published','2022-08-25 18:52:45','2022-08-25 18:52:45','[\"products\\/3.jpg\",\"products\\/6.jpg\",\"products\\/14.jpg\"]'),(95,8,15,1.00,'Perfect +++++++++ i love it really also i get to fast ticket answers... Thanks Lot BOTBLE Teams','published','2022-08-25 18:52:45','2022-08-25 18:52:45','[\"products\\/2.jpg\",\"products\\/7.jpg\"]'),(96,1,19,5.00,'Those guys now what they are doing, the release such a good product that it\'s a pleasure to work with ! Even when I was stuck on the project, I created a ticket and the next day it was replied by the team. GOOD JOB guys. I love working with them :)','published','2022-08-25 18:52:45','2022-08-25 18:52:45','[\"products\\/2.jpg\",\"products\\/5.jpg\"]'),(97,6,24,5.00,'This web app is really good in design, code quality & features. Besides, the customer support provided by the Botble team was really fast & helpful. You guys are awesome!','published','2022-08-25 18:52:45','2022-08-25 18:52:45','[\"products\\/4.jpg\",\"products\\/5.jpg\"]'),(98,6,15,2.00,'The best store template! Excellent coding! Very good support! Thank you so much for all the help, I really appreciated.','published','2022-08-25 18:52:45','2022-08-25 18:52:45','[\"products\\/1.jpg\",\"products\\/6.jpg\"]'),(99,1,3,4.00,'Great system, great support, good job Botble. I\'m looking forward to more great functional plugins.','published','2022-08-25 18:52:45','2022-08-25 18:52:45','[\"products\\/4.jpg\",\"products\\/7.jpg\"]'),(100,10,18,2.00,'Customer Support are grade (A*), however the code is a way too over engineered for it\'s purpose.','published','2022-08-25 18:52:45','2022-08-25 18:52:45','[\"products\\/4.jpg\",\"products\\/5.jpg\"]');
/*!40000 ALTER TABLE `ec_reviews` ENABLE KEYS */;
UNLOCK TABLES;

--
-- Table structure for table `ec_shipment_histories`
--

DROP TABLE IF EXISTS `ec_shipment_histories`;
/*!40101 SET @saved_cs_client     = @@character_set_client */;
/*!50503 SET character_set_client = utf8mb4 */;
CREATE TABLE `ec_shipment_histories` (
  `id` bigint unsigned NOT NULL AUTO_INCREMENT,
  `action` varchar(120) CHARACTER SET utf8mb4 COLLATE utf8mb4_unicode_ci NOT NULL,
  `description` varchar(255) CHARACTER SET utf8mb4 COLLATE utf8mb4_unicode_ci NOT NULL,
  `user_id` int unsigned DEFAULT NULL,
  `shipment_id` int unsigned NOT NULL,
  `order_id` int unsigned NOT NULL,
  `created_at` timestamp NULL DEFAULT NULL,
  `updated_at` timestamp NULL DEFAULT NULL,
  PRIMARY KEY (`id`)
) ENGINE=InnoDB AUTO_INCREMENT=52 DEFAULT CHARSET=utf8mb4 COLLATE=utf8mb4_unicode_ci;
/*!40101 SET character_set_client = @saved_cs_client */;

--
-- Dumping data for table `ec_shipment_histories`
--

LOCK TABLES `ec_shipment_histories` WRITE;
/*!40000 ALTER TABLE `ec_shipment_histories` DISABLE KEYS */;
INSERT INTO `ec_shipment_histories` VALUES (1,'create_from_order','Shipping was created from order %order_id%',0,1,1,'2022-09-08 11:29:51','2022-09-08 11:29:51'),(2,'update_status','Changed status of shipping to: Approved. Updated by: %user_name%',0,1,1,'2022-09-08 11:29:51','2022-09-10 03:29:51'),(3,'update_status','Changed status of shipping to: Delivered. Updated by: %user_name%',0,1,1,'2022-09-10 03:29:51','2022-09-10 03:29:51'),(4,'create_from_order','Shipping was created from order %order_id%',0,2,2,'2022-08-26 21:29:51','2022-08-26 21:29:51'),(5,'update_status','Changed status of shipping to: Approved. Updated by: %user_name%',0,2,2,'2022-09-08 13:29:51','2022-09-10 03:29:51'),(6,'create_from_order','Shipping was created from order %order_id%',0,3,3,'2022-08-26 03:29:51','2022-08-26 03:29:51'),(7,'update_status','Changed status of shipping to: Approved. Updated by: %user_name%',0,3,3,'2022-09-08 15:29:51','2022-09-10 03:29:51'),(8,'create_from_order','Shipping was created from order %order_id%',0,4,4,'2022-08-28 09:29:51','2022-08-28 09:29:51'),(9,'update_status','Changed status of shipping to: Approved. Updated by: %user_name%',0,4,4,'2022-09-08 17:29:51','2022-09-10 03:29:51'),(10,'update_status','Changed status of shipping to: Delivered. Updated by: %user_name%',0,4,4,'2022-09-10 03:29:51','2022-09-10 03:29:51'),(11,'create_from_order','Shipping was created from order %order_id%',0,5,5,'2022-09-02 03:29:51','2022-09-02 03:29:51'),(12,'update_status','Changed status of shipping to: Approved. Updated by: %user_name%',0,5,5,'2022-09-08 19:29:51','2022-09-10 03:29:51'),(13,'create_from_order','Shipping was created from order %order_id%',0,6,6,'2022-09-01 09:29:51','2022-09-01 09:29:51'),(14,'update_status','Changed status of shipping to: Approved. Updated by: %user_name%',0,6,6,'2022-09-08 21:29:51','2022-09-10 03:29:51'),(15,'create_from_order','Shipping was created from order %order_id%',0,7,7,'2022-09-06 15:29:51','2022-09-06 15:29:51'),(16,'update_status','Changed status of shipping to: Approved. Updated by: %user_name%',0,7,7,'2022-09-08 23:29:51','2022-09-10 03:29:51'),(17,'update_cod_status','Updated COD status to Completed . Updated by: %user_name%',0,7,7,'2022-09-10 03:29:51','2022-09-10 03:29:51'),(18,'update_status','Changed status of shipping to: Delivered. Updated by: %user_name%',0,7,7,'2022-09-10 03:29:51','2022-09-10 03:29:51'),(19,'create_from_order','Shipping was created from order %order_id%',0,8,8,'2022-09-05 19:29:51','2022-09-05 19:29:51'),(20,'update_status','Changed status of shipping to: Approved. Updated by: %user_name%',0,8,8,'2022-09-09 01:29:51','2022-09-10 03:29:51'),(21,'update_status','Changed status of shipping to: Delivered. Updated by: %user_name%',0,8,8,'2022-09-10 03:29:51','2022-09-10 03:29:51'),(22,'create_from_order','Shipping was created from order %order_id%',0,9,9,'2022-09-09 03:29:51','2022-09-09 03:29:51'),(23,'update_status','Changed status of shipping to: Approved. Updated by: %user_name%',0,9,9,'2022-09-09 03:29:51','2022-09-10 03:29:51'),(24,'create_from_order','Shipping was created from order %order_id%',0,10,10,'2022-09-08 07:29:51','2022-09-08 07:29:51'),(25,'update_status','Changed status of shipping to: Approved. Updated by: %user_name%',0,10,10,'2022-09-09 05:29:51','2022-09-10 03:29:51'),(26,'create_from_order','Shipping was created from order %order_id%',0,11,11,'2022-09-03 11:29:51','2022-09-03 11:29:51'),(27,'update_status','Changed status of shipping to: Approved. Updated by: %user_name%',0,11,11,'2022-09-09 07:29:51','2022-09-10 03:29:51'),(28,'update_status','Changed status of shipping to: Delivered. Updated by: %user_name%',0,11,11,'2022-09-10 03:29:51','2022-09-10 03:29:51'),(29,'create_from_order','Shipping was created from order %order_id%',0,12,12,'2022-09-07 03:29:51','2022-09-07 03:29:51'),(30,'update_status','Changed status of shipping to: Approved. Updated by: %user_name%',0,12,12,'2022-09-09 09:29:51','2022-09-10 03:29:51'),(31,'create_from_order','Shipping was created from order %order_id%',0,13,13,'2022-09-08 19:29:51','2022-09-08 19:29:51'),(32,'update_status','Changed status of shipping to: Approved. Updated by: %user_name%',0,13,13,'2022-09-09 11:29:51','2022-09-10 03:29:51'),(33,'update_cod_status','Updated COD status to Completed . Updated by: %user_name%',0,13,13,'2022-09-10 03:29:51','2022-09-10 03:29:51'),(34,'update_status','Changed status of shipping to: Delivered. Updated by: %user_name%',0,13,13,'2022-09-10 03:29:51','2022-09-10 03:29:51'),(35,'create_from_order','Shipping was created from order %order_id%',0,14,14,'2022-09-06 15:29:51','2022-09-06 15:29:51'),(36,'update_status','Changed status of shipping to: Approved. Updated by: %user_name%',0,14,14,'2022-09-09 13:29:51','2022-09-10 03:29:51'),(37,'create_from_order','Shipping was created from order %order_id%',0,15,15,'2022-09-06 03:29:51','2022-09-06 03:29:51'),(38,'update_status','Changed status of shipping to: Approved. Updated by: %user_name%',0,15,15,'2022-09-09 15:29:51','2022-09-10 03:29:51'),(39,'update_cod_status','Updated COD status to Completed . Updated by: %user_name%',0,15,15,'2022-09-10 03:29:51','2022-09-10 03:29:51'),(40,'update_status','Changed status of shipping to: Delivered. Updated by: %user_name%',0,15,15,'2022-09-10 03:29:51','2022-09-10 03:29:51'),(41,'create_from_order','Shipping was created from order %order_id%',0,16,16,'2022-09-09 17:29:51','2022-09-09 17:29:51'),(42,'update_status','Changed status of shipping to: Approved. Updated by: %user_name%',0,16,16,'2022-09-09 17:29:51','2022-09-10 03:29:51'),(43,'create_from_order','Shipping was created from order %order_id%',0,17,17,'2022-09-07 19:29:51','2022-09-07 19:29:51'),(44,'update_status','Changed status of shipping to: Approved. Updated by: %user_name%',0,17,17,'2022-09-09 19:29:51','2022-09-10 03:29:51'),(45,'create_from_order','Shipping was created from order %order_id%',0,18,18,'2022-09-09 15:29:51','2022-09-09 15:29:51'),(46,'update_status','Changed status of shipping to: Approved. Updated by: %user_name%',0,18,18,'2022-09-09 21:29:51','2022-09-10 03:29:51'),(47,'update_status','Changed status of shipping to: Delivered. Updated by: %user_name%',0,18,18,'2022-09-10 03:29:51','2022-09-10 03:29:51'),(48,'create_from_order','Shipping was created from order %order_id%',0,19,19,'2022-09-08 23:29:51','2022-09-08 23:29:51'),(49,'update_status','Changed status of shipping to: Approved. Updated by: %user_name%',0,19,19,'2022-09-09 23:29:51','2022-09-10 03:29:51'),(50,'create_from_order','Shipping was created from order %order_id%',0,20,20,'2022-09-09 21:29:51','2022-09-09 21:29:51'),(51,'update_status','Changed status of shipping to: Approved. Updated by: %user_name%',0,20,20,'2022-09-10 01:29:51','2022-09-10 03:29:51');
/*!40000 ALTER TABLE `ec_shipment_histories` ENABLE KEYS */;
UNLOCK TABLES;

--
-- Table structure for table `ec_shipments`
--

DROP TABLE IF EXISTS `ec_shipments`;
/*!40101 SET @saved_cs_client     = @@character_set_client */;
/*!50503 SET character_set_client = utf8mb4 */;
CREATE TABLE `ec_shipments` (
  `id` bigint unsigned NOT NULL AUTO_INCREMENT,
  `order_id` int unsigned NOT NULL,
  `user_id` int unsigned DEFAULT NULL,
  `weight` double(8,2) DEFAULT '0.00',
  `shipment_id` varchar(120) CHARACTER SET utf8mb4 COLLATE utf8mb4_unicode_ci DEFAULT NULL,
  `note` varchar(120) CHARACTER SET utf8mb4 COLLATE utf8mb4_unicode_ci DEFAULT NULL,
  `status` varchar(120) CHARACTER SET utf8mb4 COLLATE utf8mb4_unicode_ci NOT NULL DEFAULT 'pending',
  `cod_amount` decimal(15,2) DEFAULT '0.00',
  `cod_status` varchar(60) CHARACTER SET utf8mb4 COLLATE utf8mb4_unicode_ci NOT NULL DEFAULT 'pending',
  `cross_checking_status` varchar(60) CHARACTER SET utf8mb4 COLLATE utf8mb4_unicode_ci NOT NULL DEFAULT 'pending',
  `price` decimal(15,2) DEFAULT '0.00',
  `store_id` int unsigned DEFAULT NULL,
  `created_at` timestamp NULL DEFAULT NULL,
  `updated_at` timestamp NULL DEFAULT NULL,
  `tracking_id` varchar(191) CHARACTER SET utf8mb4 COLLATE utf8mb4_unicode_ci DEFAULT NULL,
  `shipping_company_name` varchar(191) CHARACTER SET utf8mb4 COLLATE utf8mb4_unicode_ci DEFAULT NULL,
  `tracking_link` varchar(191) CHARACTER SET utf8mb4 COLLATE utf8mb4_unicode_ci DEFAULT NULL,
  `estimate_date_shipped` datetime DEFAULT NULL,
  `date_shipped` datetime DEFAULT NULL,
  PRIMARY KEY (`id`)
) ENGINE=InnoDB AUTO_INCREMENT=21 DEFAULT CHARSET=utf8mb4 COLLATE=utf8mb4_unicode_ci;
/*!40101 SET character_set_client = @saved_cs_client */;

--
-- Dumping data for table `ec_shipments`
--

LOCK TABLES `ec_shipments` WRITE;
/*!40000 ALTER TABLE `ec_shipments` DISABLE KEYS */;
INSERT INTO `ec_shipments` VALUES (1,1,NULL,5989.00,NULL,'','delivered',0.00,'completed','pending',0.00,0,'2022-09-10 03:29:51','2022-09-10 03:29:51','JJD0022739305','AliExpress','https://mydhl.express.dhl/us/en/tracking.html#/track-by-reference','2022-09-11 10:29:51','2022-09-10 10:29:51'),(2,2,NULL,4185.00,NULL,'','approved',0.00,'completed','pending',0.00,0,'2022-09-10 03:29:51','2022-09-10 03:29:51','JJD0051098114','GHN','https://mydhl.express.dhl/us/en/tracking.html#/track-by-reference','2022-09-20 10:29:51',NULL),(3,3,NULL,4256.00,NULL,'','approved',1289.40,'pending','pending',0.00,0,'2022-09-10 03:29:51','2022-09-10 03:29:51','JJD0068782515','FastShipping','https://mydhl.express.dhl/us/en/tracking.html#/track-by-reference','2022-09-14 10:29:51',NULL),(4,4,NULL,6279.00,NULL,'','delivered',0.00,'completed','pending',0.00,0,'2022-09-10 03:29:51','2022-09-10 03:29:51','JJD0058079329','AliExpress','https://mydhl.express.dhl/us/en/tracking.html#/track-by-reference','2022-09-14 10:29:51','2022-09-10 10:29:51'),(5,5,NULL,5052.00,NULL,'','approved',0.00,'completed','pending',0.00,0,'2022-09-10 03:29:51','2022-09-10 03:29:51','JJD003094211','GHN','https://mydhl.express.dhl/us/en/tracking.html#/track-by-reference','2022-09-13 10:29:51',NULL),(6,6,NULL,3378.00,NULL,'','approved',0.00,'completed','pending',0.00,0,'2022-09-10 03:29:51','2022-09-10 03:29:51','JJD0060953319','FastShipping','https://mydhl.express.dhl/us/en/tracking.html#/track-by-reference','2022-09-14 10:29:51',NULL),(7,7,NULL,7506.00,NULL,'','delivered',2188.60,'completed','pending',0.00,0,'2022-09-10 03:29:51','2022-09-10 03:29:51','JJD0063456792','FastShipping','https://mydhl.express.dhl/us/en/tracking.html#/track-by-reference','2022-09-18 10:29:51','2022-09-10 10:29:51'),(8,8,NULL,2181.00,NULL,'','delivered',0.00,'completed','pending',0.00,0,'2022-09-10 03:29:51','2022-09-10 03:29:51','JJD0094553793','FastShipping','https://mydhl.express.dhl/us/en/tracking.html#/track-by-reference','2022-09-12 10:29:51','2022-09-10 10:29:51'),(9,9,NULL,5510.00,NULL,'','approved',0.00,'completed','pending',0.00,0,'2022-09-10 03:29:51','2022-09-10 03:29:51','JJD0011243692','AliExpress','https://mydhl.express.dhl/us/en/tracking.html#/track-by-reference','2022-09-15 10:29:51',NULL),(10,10,NULL,4458.00,NULL,'','approved',0.00,'completed','pending',0.00,0,'2022-09-10 03:29:51','2022-09-10 03:29:51','JJD0068406347','FastShipping','https://mydhl.express.dhl/us/en/tracking.html#/track-by-reference','2022-09-18 10:29:51',NULL),(11,11,NULL,2166.00,NULL,'','delivered',0.00,'completed','pending',0.00,0,'2022-09-10 03:29:51','2022-09-10 03:29:51','JJD009741720','FastShipping','https://mydhl.express.dhl/us/en/tracking.html#/track-by-reference','2022-09-13 10:29:51','2022-09-10 10:29:51'),(12,12,NULL,3314.00,NULL,'','approved',0.00,'completed','pending',0.00,0,'2022-09-10 03:29:51','2022-09-10 03:29:51','JJD0084957830','FastShipping','https://mydhl.express.dhl/us/en/tracking.html#/track-by-reference','2022-09-12 10:29:51',NULL),(13,13,NULL,4575.00,NULL,'','delivered',984.50,'completed','pending',0.00,0,'2022-09-10 03:29:51','2022-09-10 03:29:51','JJD0041386561','GHN','https://mydhl.express.dhl/us/en/tracking.html#/track-by-reference','2022-09-17 10:29:51','2022-09-10 10:29:51'),(14,14,NULL,2262.00,NULL,'','approved',0.00,'completed','pending',0.00,0,'2022-09-10 03:29:51','2022-09-10 03:29:51','JJD0024547001','DHL','https://mydhl.express.dhl/us/en/tracking.html#/track-by-reference','2022-09-17 10:29:51',NULL),(15,15,NULL,4715.00,NULL,'','delivered',1046.60,'completed','pending',0.00,0,'2022-09-10 03:29:51','2022-09-10 03:29:51','JJD0010301053','GHN','https://mydhl.express.dhl/us/en/tracking.html#/track-by-reference','2022-09-14 10:29:51','2022-09-10 10:29:51'),(16,16,NULL,4885.00,NULL,'','approved',0.00,'completed','pending',0.00,0,'2022-09-10 03:29:51','2022-09-10 03:29:51','JJD0015918906','GHN','https://mydhl.express.dhl/us/en/tracking.html#/track-by-reference','2022-09-12 10:29:51',NULL),(17,17,NULL,4737.00,NULL,'','approved',0.00,'completed','pending',0.00,0,'2022-09-10 03:29:51','2022-09-10 03:29:51','JJD0097818027','DHL','https://mydhl.express.dhl/us/en/tracking.html#/track-by-reference','2022-09-14 10:29:51',NULL),(18,18,NULL,4639.00,NULL,'','delivered',0.00,'completed','pending',0.00,0,'2022-09-10 03:29:51','2022-09-10 03:29:51','JJD0094096421','GHN','https://mydhl.express.dhl/us/en/tracking.html#/track-by-reference','2022-09-17 10:29:51','2022-09-10 10:29:51'),(19,19,NULL,2336.00,NULL,'','approved',539.70,'pending','pending',0.00,0,'2022-09-10 03:29:51','2022-09-10 03:29:51','JJD0021363746','DHL','https://mydhl.express.dhl/us/en/tracking.html#/track-by-reference','2022-09-15 10:29:51',NULL),(20,20,NULL,2448.00,NULL,'','approved',932.40,'pending','pending',0.00,0,'2022-09-10 03:29:51','2022-09-10 03:29:51','JJD0071057615','FastShipping','https://mydhl.express.dhl/us/en/tracking.html#/track-by-reference','2022-09-16 10:29:51',NULL);
/*!40000 ALTER TABLE `ec_shipments` ENABLE KEYS */;
UNLOCK TABLES;

--
-- Table structure for table `ec_shipping`
--

DROP TABLE IF EXISTS `ec_shipping`;
/*!40101 SET @saved_cs_client     = @@character_set_client */;
/*!50503 SET character_set_client = utf8mb4 */;
CREATE TABLE `ec_shipping` (
  `id` bigint unsigned NOT NULL AUTO_INCREMENT,
  `title` varchar(191) CHARACTER SET utf8mb4 COLLATE utf8mb4_unicode_ci DEFAULT NULL,
  `country` varchar(120) CHARACTER SET utf8mb4 COLLATE utf8mb4_unicode_ci DEFAULT NULL,
  `created_at` timestamp NULL DEFAULT NULL,
  `updated_at` timestamp NULL DEFAULT NULL,
  PRIMARY KEY (`id`)
) ENGINE=InnoDB AUTO_INCREMENT=2 DEFAULT CHARSET=utf8mb4 COLLATE=utf8mb4_unicode_ci;
/*!40101 SET character_set_client = @saved_cs_client */;

--
-- Dumping data for table `ec_shipping`
--

LOCK TABLES `ec_shipping` WRITE;
/*!40000 ALTER TABLE `ec_shipping` DISABLE KEYS */;
INSERT INTO `ec_shipping` VALUES (1,'All',NULL,'2022-08-25 18:52:46','2022-08-25 18:52:46');
/*!40000 ALTER TABLE `ec_shipping` ENABLE KEYS */;
UNLOCK TABLES;

--
-- Table structure for table `ec_shipping_rule_items`
--

DROP TABLE IF EXISTS `ec_shipping_rule_items`;
/*!40101 SET @saved_cs_client     = @@character_set_client */;
/*!50503 SET character_set_client = utf8mb4 */;
CREATE TABLE `ec_shipping_rule_items` (
  `id` bigint unsigned NOT NULL AUTO_INCREMENT,
  `shipping_rule_id` int unsigned NOT NULL,
  `country` varchar(120) CHARACTER SET utf8mb4 COLLATE utf8mb4_unicode_ci DEFAULT NULL,
  `state` varchar(120) CHARACTER SET utf8mb4 COLLATE utf8mb4_unicode_ci DEFAULT NULL,
  `city` varchar(120) CHARACTER SET utf8mb4 COLLATE utf8mb4_unicode_ci DEFAULT NULL,
  `adjustment_price` decimal(15,2) DEFAULT '0.00',
  `is_enabled` tinyint(1) NOT NULL DEFAULT '1',
  `created_at` timestamp NULL DEFAULT NULL,
  `updated_at` timestamp NULL DEFAULT NULL,
  PRIMARY KEY (`id`)
) ENGINE=InnoDB DEFAULT CHARSET=utf8mb4 COLLATE=utf8mb4_unicode_ci;
/*!40101 SET character_set_client = @saved_cs_client */;

--
-- Dumping data for table `ec_shipping_rule_items`
--

LOCK TABLES `ec_shipping_rule_items` WRITE;
/*!40000 ALTER TABLE `ec_shipping_rule_items` DISABLE KEYS */;
/*!40000 ALTER TABLE `ec_shipping_rule_items` ENABLE KEYS */;
UNLOCK TABLES;

--
-- Table structure for table `ec_shipping_rules`
--

DROP TABLE IF EXISTS `ec_shipping_rules`;
/*!40101 SET @saved_cs_client     = @@character_set_client */;
/*!50503 SET character_set_client = utf8mb4 */;
CREATE TABLE `ec_shipping_rules` (
  `id` bigint unsigned NOT NULL AUTO_INCREMENT,
  `name` varchar(120) CHARACTER SET utf8mb4 COLLATE utf8mb4_unicode_ci NOT NULL,
  `shipping_id` int unsigned NOT NULL,
  `type` enum('base_on_price','base_on_weight') CHARACTER SET utf8mb4 COLLATE utf8mb4_unicode_ci DEFAULT 'base_on_price',
  `from` decimal(15,2) DEFAULT '0.00',
  `to` decimal(15,2) DEFAULT '0.00',
  `price` decimal(15,2) DEFAULT '0.00',
  `created_at` timestamp NULL DEFAULT NULL,
  `updated_at` timestamp NULL DEFAULT NULL,
  PRIMARY KEY (`id`)
) ENGINE=InnoDB AUTO_INCREMENT=4 DEFAULT CHARSET=utf8mb4 COLLATE=utf8mb4_unicode_ci;
/*!40101 SET character_set_client = @saved_cs_client */;

--
-- Dumping data for table `ec_shipping_rules`
--

LOCK TABLES `ec_shipping_rules` WRITE;
/*!40000 ALTER TABLE `ec_shipping_rules` DISABLE KEYS */;
INSERT INTO `ec_shipping_rules` VALUES (1,'Free shipping',1,'base_on_price',0.00,NULL,0.00,'2022-08-25 18:52:46','2022-08-25 18:52:46'),(2,'Local Pickup',1,'base_on_price',0.00,NULL,20.00,'2022-08-25 18:52:46','2022-08-25 18:52:46'),(3,'Flat Rate',1,'base_on_price',0.00,NULL,25.00,'2022-08-25 18:52:46','2022-08-25 18:52:46');
/*!40000 ALTER TABLE `ec_shipping_rules` ENABLE KEYS */;
UNLOCK TABLES;

--
-- Table structure for table `ec_store_locators`
--

DROP TABLE IF EXISTS `ec_store_locators`;
/*!40101 SET @saved_cs_client     = @@character_set_client */;
/*!50503 SET character_set_client = utf8mb4 */;
CREATE TABLE `ec_store_locators` (
  `id` bigint unsigned NOT NULL AUTO_INCREMENT,
  `name` varchar(60) CHARACTER SET utf8mb4 COLLATE utf8mb4_unicode_ci NOT NULL,
  `email` varchar(60) CHARACTER SET utf8mb4 COLLATE utf8mb4_unicode_ci DEFAULT NULL,
  `phone` varchar(20) CHARACTER SET utf8mb4 COLLATE utf8mb4_unicode_ci NOT NULL,
  `address` varchar(255) CHARACTER SET utf8mb4 COLLATE utf8mb4_unicode_ci NOT NULL,
  `country` varchar(120) CHARACTER SET utf8mb4 COLLATE utf8mb4_unicode_ci DEFAULT NULL,
  `state` varchar(120) CHARACTER SET utf8mb4 COLLATE utf8mb4_unicode_ci DEFAULT NULL,
  `city` varchar(120) CHARACTER SET utf8mb4 COLLATE utf8mb4_unicode_ci DEFAULT NULL,
  `is_primary` tinyint(1) DEFAULT '0',
  `is_shipping_location` tinyint(1) DEFAULT '1',
  `created_at` timestamp NULL DEFAULT NULL,
  `updated_at` timestamp NULL DEFAULT NULL,
  PRIMARY KEY (`id`)
) ENGINE=InnoDB AUTO_INCREMENT=2 DEFAULT CHARSET=utf8mb4 COLLATE=utf8mb4_unicode_ci;
/*!40101 SET character_set_client = @saved_cs_client */;

--
-- Dumping data for table `ec_store_locators`
--

LOCK TABLES `ec_store_locators` WRITE;
/*!40000 ALTER TABLE `ec_store_locators` DISABLE KEYS */;
INSERT INTO `ec_store_locators` VALUES (1,'Wowy','sales@botble.com','18006268','North Link Building, 10 Admiralty Street','SG','Singapore','Singapore',1,1,'2022-08-25 18:52:46','2022-08-25 18:52:46');
/*!40000 ALTER TABLE `ec_store_locators` ENABLE KEYS */;
UNLOCK TABLES;

--
-- Table structure for table `ec_taxes`
--

DROP TABLE IF EXISTS `ec_taxes`;
/*!40101 SET @saved_cs_client     = @@character_set_client */;
/*!50503 SET character_set_client = utf8mb4 */;
CREATE TABLE `ec_taxes` (
  `id` bigint unsigned NOT NULL AUTO_INCREMENT,
  `title` varchar(191) CHARACTER SET utf8mb4 COLLATE utf8mb4_unicode_ci DEFAULT NULL,
  `percentage` double(8,6) DEFAULT NULL,
  `priority` int DEFAULT NULL,
  `status` varchar(60) CHARACTER SET utf8mb4 COLLATE utf8mb4_unicode_ci NOT NULL DEFAULT 'published',
  `created_at` timestamp NULL DEFAULT NULL,
  `updated_at` timestamp NULL DEFAULT NULL,
  PRIMARY KEY (`id`)
) ENGINE=InnoDB AUTO_INCREMENT=3 DEFAULT CHARSET=utf8mb4 COLLATE=utf8mb4_unicode_ci;
/*!40101 SET character_set_client = @saved_cs_client */;

--
-- Dumping data for table `ec_taxes`
--

LOCK TABLES `ec_taxes` WRITE;
/*!40000 ALTER TABLE `ec_taxes` DISABLE KEYS */;
INSERT INTO `ec_taxes` VALUES (1,'VAT',10.000000,1,'published','2022-08-25 18:52:40','2022-08-25 18:52:40'),(2,'None',0.000000,2,'published','2022-08-25 18:52:40','2022-08-25 18:52:40');
/*!40000 ALTER TABLE `ec_taxes` ENABLE KEYS */;
UNLOCK TABLES;

--
-- Table structure for table `ec_wish_lists`
--

DROP TABLE IF EXISTS `ec_wish_lists`;
/*!40101 SET @saved_cs_client     = @@character_set_client */;
/*!50503 SET character_set_client = utf8mb4 */;
CREATE TABLE `ec_wish_lists` (
  `id` bigint unsigned NOT NULL AUTO_INCREMENT,
  `customer_id` int unsigned NOT NULL,
  `product_id` int unsigned NOT NULL,
  `created_at` timestamp NULL DEFAULT NULL,
  `updated_at` timestamp NULL DEFAULT NULL,
  PRIMARY KEY (`id`),
  KEY `ec_wish_lists_product_id_customer_id_index` (`product_id`,`customer_id`)
) ENGINE=InnoDB DEFAULT CHARSET=utf8mb4 COLLATE=utf8mb4_unicode_ci;
/*!40101 SET character_set_client = @saved_cs_client */;

--
-- Dumping data for table `ec_wish_lists`
--

LOCK TABLES `ec_wish_lists` WRITE;
/*!40000 ALTER TABLE `ec_wish_lists` DISABLE KEYS */;
/*!40000 ALTER TABLE `ec_wish_lists` ENABLE KEYS */;
UNLOCK TABLES;

--
-- Table structure for table `failed_jobs`
--

DROP TABLE IF EXISTS `failed_jobs`;
/*!40101 SET @saved_cs_client     = @@character_set_client */;
/*!50503 SET character_set_client = utf8mb4 */;
CREATE TABLE `failed_jobs` (
  `id` bigint unsigned NOT NULL AUTO_INCREMENT,
  `uuid` varchar(191) CHARACTER SET utf8mb4 COLLATE utf8mb4_unicode_ci NOT NULL,
  `connection` text CHARACTER SET utf8mb4 COLLATE utf8mb4_unicode_ci NOT NULL,
  `queue` text CHARACTER SET utf8mb4 COLLATE utf8mb4_unicode_ci NOT NULL,
  `payload` longtext CHARACTER SET utf8mb4 COLLATE utf8mb4_unicode_ci NOT NULL,
  `exception` longtext CHARACTER SET utf8mb4 COLLATE utf8mb4_unicode_ci NOT NULL,
  `failed_at` timestamp NOT NULL DEFAULT CURRENT_TIMESTAMP,
  PRIMARY KEY (`id`),
  UNIQUE KEY `failed_jobs_uuid_unique` (`uuid`)
) ENGINE=InnoDB DEFAULT CHARSET=utf8mb4 COLLATE=utf8mb4_unicode_ci;
/*!40101 SET character_set_client = @saved_cs_client */;

--
-- Dumping data for table `failed_jobs`
--

LOCK TABLES `failed_jobs` WRITE;
/*!40000 ALTER TABLE `failed_jobs` DISABLE KEYS */;
/*!40000 ALTER TABLE `failed_jobs` ENABLE KEYS */;
UNLOCK TABLES;

--
-- Table structure for table `faq_categories`
--

DROP TABLE IF EXISTS `faq_categories`;
/*!40101 SET @saved_cs_client     = @@character_set_client */;
/*!50503 SET character_set_client = utf8mb4 */;
CREATE TABLE `faq_categories` (
  `id` bigint unsigned NOT NULL AUTO_INCREMENT,
  `name` varchar(120) CHARACTER SET utf8mb4 COLLATE utf8mb4_unicode_ci NOT NULL,
  `order` tinyint NOT NULL DEFAULT '0',
  `status` varchar(60) CHARACTER SET utf8mb4 COLLATE utf8mb4_unicode_ci NOT NULL DEFAULT 'published',
  `created_at` timestamp NULL DEFAULT NULL,
  `updated_at` timestamp NULL DEFAULT NULL,
  PRIMARY KEY (`id`)
) ENGINE=InnoDB AUTO_INCREMENT=4 DEFAULT CHARSET=utf8mb4 COLLATE=utf8mb4_unicode_ci;
/*!40101 SET character_set_client = @saved_cs_client */;

--
-- Dumping data for table `faq_categories`
--

LOCK TABLES `faq_categories` WRITE;
/*!40000 ALTER TABLE `faq_categories` DISABLE KEYS */;
INSERT INTO `faq_categories` VALUES (1,'Shipping',0,'published','2022-08-25 18:53:08','2022-08-25 18:53:08'),(2,'Payment',1,'published','2022-08-25 18:53:08','2022-08-25 18:53:08'),(3,'Order & Returns',2,'published','2022-08-25 18:53:08','2022-08-25 18:53:08');
/*!40000 ALTER TABLE `faq_categories` ENABLE KEYS */;
UNLOCK TABLES;

--
-- Table structure for table `faq_categories_translations`
--

DROP TABLE IF EXISTS `faq_categories_translations`;
/*!40101 SET @saved_cs_client     = @@character_set_client */;
/*!50503 SET character_set_client = utf8mb4 */;
CREATE TABLE `faq_categories_translations` (
  `lang_code` varchar(191) CHARACTER SET utf8mb4 COLLATE utf8mb4_unicode_ci NOT NULL,
  `faq_categories_id` int NOT NULL,
  `name` varchar(120) CHARACTER SET utf8mb4 COLLATE utf8mb4_unicode_ci DEFAULT NULL,
  PRIMARY KEY (`lang_code`,`faq_categories_id`)
) ENGINE=InnoDB DEFAULT CHARSET=utf8mb4 COLLATE=utf8mb4_unicode_ci;
/*!40101 SET character_set_client = @saved_cs_client */;

--
-- Dumping data for table `faq_categories_translations`
--

LOCK TABLES `faq_categories_translations` WRITE;
/*!40000 ALTER TABLE `faq_categories_translations` DISABLE KEYS */;
INSERT INTO `faq_categories_translations` VALUES ('vi',1,'VẬN CHUYỂN'),('vi',2,'THANH TOÁN'),('vi',3,'ĐƠN HÀNG & HOÀN TRẢ');
/*!40000 ALTER TABLE `faq_categories_translations` ENABLE KEYS */;
UNLOCK TABLES;

--
-- Table structure for table `faqs`
--

DROP TABLE IF EXISTS `faqs`;
/*!40101 SET @saved_cs_client     = @@character_set_client */;
/*!50503 SET character_set_client = utf8mb4 */;
CREATE TABLE `faqs` (
  `id` bigint unsigned NOT NULL AUTO_INCREMENT,
  `question` text CHARACTER SET utf8mb4 COLLATE utf8mb4_unicode_ci NOT NULL,
  `answer` text CHARACTER SET utf8mb4 COLLATE utf8mb4_unicode_ci NOT NULL,
  `category_id` int unsigned NOT NULL,
  `status` varchar(60) CHARACTER SET utf8mb4 COLLATE utf8mb4_unicode_ci NOT NULL DEFAULT 'published',
  `created_at` timestamp NULL DEFAULT NULL,
  `updated_at` timestamp NULL DEFAULT NULL,
  PRIMARY KEY (`id`)
) ENGINE=InnoDB AUTO_INCREMENT=11 DEFAULT CHARSET=utf8mb4 COLLATE=utf8mb4_unicode_ci;
/*!40101 SET character_set_client = @saved_cs_client */;

--
-- Dumping data for table `faqs`
--

LOCK TABLES `faqs` WRITE;
/*!40000 ALTER TABLE `faqs` DISABLE KEYS */;
INSERT INTO `faqs` VALUES (1,'What Shipping Methods Are Available?','Ex Portland Pitchfork irure mustache. Eutra fap before they sold out literally. Aliquip ugh bicycle rights actually mlkshk, seitan squid craft beer tempor.',1,'published','2022-08-25 18:53:08','2022-08-25 18:53:08'),(2,'Do You Ship Internationally?','Hoodie tote bag mixtape tofu. Typewriter jean shorts wolf quinoa, messenger bag organic freegan cray.',1,'published','2022-08-25 18:53:08','2022-08-25 18:53:08'),(3,'How Long Will It Take To Get My Package?','Swag slow-carb quinoa VHS typewriter pork belly brunch, paleo single-origin coffee Wes Anderson. Flexitarian Pitchfork forage, literally paleo fap pour-over. Wes Anderson Pinterest YOLO fanny pack meggings, deep v XOXO chambray sustainable slow-carb raw denim church-key fap chillwave Etsy. +1 typewriter kitsch, American Apparel tofu Banksy Vice.',1,'published','2022-08-25 18:53:08','2022-08-25 18:53:08'),(4,'What Payment Methods Are Accepted?','Fashion axe DIY jean shorts, swag kale chips meh polaroid kogi butcher Wes Anderson chambray next level semiotics gentrify yr. Voluptate photo booth fugiat Vice. Austin sed Williamsburg, ea labore raw denim voluptate cred proident mixtape excepteur mustache. Twee chia photo booth readymade food truck, hoodie roof party swag keytar PBR DIY.',2,'published','2022-08-25 18:53:08','2022-08-25 18:53:08'),(5,'Is Buying On-Line Safe?','Art party authentic freegan semiotics jean shorts chia cred. Neutra Austin roof party Brooklyn, synth Thundercats swag 8-bit photo booth. Plaid letterpress leggings craft beer meh ethical Pinterest.',2,'published','2022-08-25 18:53:08','2022-08-25 18:53:08'),(6,'How do I place an Order?','Keytar cray slow-carb, Godard banh mi salvia pour-over. Slow-carb Odd Future seitan normcore. Master cleanse American Apparel gentrify flexitarian beard slow-carb next level. Raw denim polaroid paleo farm-to-table, put a bird on it lo-fi tattooed Wes Anderson Pinterest letterpress. Fingerstache McSweeney’s pour-over, letterpress Schlitz photo booth master cleanse bespoke hashtag chillwave gentrify.',3,'published','2022-08-25 18:53:08','2022-08-25 18:53:08'),(7,'How Can I Cancel Or Change My Order?','Plaid letterpress leggings craft beer meh ethical Pinterest. Art party authentic freegan semiotics jean shorts chia cred. Neutra Austin roof party Brooklyn, synth Thundercats swag 8-bit photo booth.',3,'published','2022-08-25 18:53:08','2022-08-25 18:53:08'),(8,'Do I need an account to place an order?','Thundercats swag 8-bit photo booth. Plaid letterpress leggings craft beer meh ethical Pinterest. Twee chia photo booth readymade food truck, hoodie roof party swag keytar PBR DIY. Cray ugh 3 wolf moon fap, fashion axe irony butcher cornhole typewriter chambray VHS banjo street art.',3,'published','2022-08-25 18:53:08','2022-08-25 18:53:08'),(9,'How Do I Track My Order?','Keytar cray slow-carb, Godard banh mi salvia pour-over. Slow-carb @Odd Future seitan normcore. Master cleanse American Apparel gentrify flexitarian beard slow-carb next level.',3,'published','2022-08-25 18:53:08','2022-08-25 18:53:08'),(10,'How Can I Return a Product?','Kale chips Truffaut Williamsburg, hashtag fixie Pinterest raw denim c hambray drinking vinegar Carles street art Bushwick gastropub. Wolf Tumblr paleo church-key. Plaid food truck Echo Park YOLO bitters hella, direct trade Thundercats leggings quinoa before they sold out. You probably haven’t heard of them wayfarers authentic umami drinking vinegar Pinterest Cosby sweater, fingerstache fap High Life.',3,'published','2022-08-25 18:53:08','2022-08-25 18:53:08');
/*!40000 ALTER TABLE `faqs` ENABLE KEYS */;
UNLOCK TABLES;

--
-- Table structure for table `faqs_translations`
--

DROP TABLE IF EXISTS `faqs_translations`;
/*!40101 SET @saved_cs_client     = @@character_set_client */;
/*!50503 SET character_set_client = utf8mb4 */;
CREATE TABLE `faqs_translations` (
  `lang_code` varchar(191) CHARACTER SET utf8mb4 COLLATE utf8mb4_unicode_ci NOT NULL,
  `faqs_id` int NOT NULL,
  `question` text CHARACTER SET utf8mb4 COLLATE utf8mb4_unicode_ci,
  `answer` text CHARACTER SET utf8mb4 COLLATE utf8mb4_unicode_ci,
  PRIMARY KEY (`lang_code`,`faqs_id`)
) ENGINE=InnoDB DEFAULT CHARSET=utf8mb4 COLLATE=utf8mb4_unicode_ci;
/*!40101 SET character_set_client = @saved_cs_client */;

--
-- Dumping data for table `faqs_translations`
--

LOCK TABLES `faqs_translations` WRITE;
/*!40000 ALTER TABLE `faqs_translations` DISABLE KEYS */;
INSERT INTO `faqs_translations` VALUES ('vi',1,'Có những phương thức vận chuyển nào?','Ex Portland Pitchfork irure ria mép. Eutra fap trước khi họ bán hết theo đúng nghĩa đen. Aliquip ugh quyền xe đạp thực sự mlkshk, rượu bia thủ công mực seitan. '),('vi',2,'Bạn có giao hàng quốc tế không?','Áo hoodie túi tote Tofu mixtape. Quần đùi jean đánh chữ Wolf quinoa, túi messenger hữu cơ freegan cray. '),('vi',3,'Mất bao lâu để nhận được gói hàng của tôi?','Bữa nửa buổi ăn sáng bằng bụng heo quay từ máy đánh chữ VHS, cà phê có nguồn gốc đơn Paleo, Wes Anderson. Khoan Pitchfork linh hoạt, theo nghĩa đen là đổ qua fap theo nghĩa đen. Wes Anderson Pinterest YOLO fanny pack meggings, deep v XOXO chambray bền vững slow-carb raw denim Church-key fap chillwave Etsy. +1 bộ dụng cụ đánh máy, đậu phụ Banksy Vice của American Apparel. '),('vi',4,'Phương thức thanh toán nào được chấp nhận?','Fashion Axe DIY jean shorts, swag kale chips meh polaroid kogi butcher Wes Anderson chambray next level semiotics gentrify yr. Quầy ảnh Voluptate fugiat Vice. Austin sed Williamsburg, ea labore raw denim voluptate cred proident mixtape excepteur ria mép. Twee chia gian hàng chụp ảnh xe bán đồ ăn sẵn, bữa tiệc trên mái áo hoodie swag keytar PBR DIY. '),('vi',5,'Mua trực tuyến có an toàn không?','Bữa tiệc nghệ thuật đích thực freegan semiotics jean shorts chia credit. Tiệc trên mái nhà Neutra Austin Brooklyn, Thundercats swag synth gian hàng ảnh 8-bit. Xà cạp letterpress kẻ sọc thủ công bia meh đạo đức Pinterest. '),('vi',6,'Làm cách nào để đặt hàng?','Keytar cray slow-carb, Godard banh mi salvia pour-over. Slow-carb Odd Định mức seitan trong tương lai. Master làm sạch American Apparel nhẹ nhàng làm sạch râu linh hoạt chậm carb cấp độ tiếp theo. Vải thô denim polaroid nhạt từ trang trại đến bàn, đặt một con chim trên đó hình xăm lo-fi Wes Anderson Pinterest letterpress. Bậc thầy gian hàng ảnh Schlitz của Fingerstache McSweeney đang làm sạch thẻ bắt đầu bằng hashtag theo yêu cầu riêng, chillwave gentrify. '),('vi',7,'Làm cách nào để tôi có thể hủy hoặc thay đổi đơn hàng của mình?','Xà cạp letterpress kẻ sọc thủ công bia meh đạo đức Pinterest. Bữa tiệc nghệ thuật đích thực freegan semiotics jean shorts chia tín. Tiệc trên mái nhà Neutra Austin ở Brooklyn, synth Thundercats có gian hàng ảnh 8-bit. '),('vi',8,'Tôi có cần tài khoản để đặt hàng không?','Thundercats làm lung lay gian hàng ảnh 8-bit. Xà cạp letterpress kẻ sọc thủ công bia meh đạo đức Pinterest. Twee chia ảnh gian hàng xe bán thức ăn làm sẵn, bữa tiệc trên mái áo hoodie swag keytar PBR DIY. Cray ugh 3 wolf moon fap, rìu thời trang mỉa mai người bán thịt máy đánh chữ chambray VHS banjo nghệ thuật đường phố. '),('vi',9,'Làm cách nào để theo dõi đơn hàng của tôi?','Keytar cray slow-carb, Godard banh mi salvia pour-over. Slow-carb @Odd Định mức seitan trong tương lai. Bậc thầy làm sạch American Apparel nhẹ nhàng làm sạch râu linh hoạt theo kiểu chậm carb cấp độ tiếp theo. '),('vi',10,'Làm cách nào để trả lại sản phẩm?','Kale chips Truffaut Williamsburg, fixie hashtag Pinterest raw denim c hambray uống giấm Carles street art Bushwick gastropub. Chìa khóa nhà thờ Wolf Tumblr. Xe tải thực phẩm kẻ sọc Echo Park YOLO cắn hella, giao dịch trực tiếp Thundercats legging quinoa trước khi bán hết. Có thể bạn chưa từng nghe nói về họ những người truyền bá vị umami đích thực uống giấm Pinterest Áo len Cosby, fingerstache fap High Life. ');
/*!40000 ALTER TABLE `faqs_translations` ENABLE KEYS */;
UNLOCK TABLES;

--
-- Table structure for table `jobs`
--

DROP TABLE IF EXISTS `jobs`;
/*!40101 SET @saved_cs_client     = @@character_set_client */;
/*!50503 SET character_set_client = utf8mb4 */;
CREATE TABLE `jobs` (
  `id` bigint unsigned NOT NULL AUTO_INCREMENT,
  `queue` varchar(191) CHARACTER SET utf8mb4 COLLATE utf8mb4_unicode_ci NOT NULL,
  `payload` longtext CHARACTER SET utf8mb4 COLLATE utf8mb4_unicode_ci NOT NULL,
  `attempts` tinyint unsigned NOT NULL,
  `reserved_at` int unsigned DEFAULT NULL,
  `available_at` int unsigned NOT NULL,
  `created_at` int unsigned NOT NULL,
  PRIMARY KEY (`id`),
  KEY `jobs_queue_index` (`queue`)
) ENGINE=InnoDB DEFAULT CHARSET=utf8mb4 COLLATE=utf8mb4_unicode_ci;
/*!40101 SET character_set_client = @saved_cs_client */;

--
-- Dumping data for table `jobs`
--

LOCK TABLES `jobs` WRITE;
/*!40000 ALTER TABLE `jobs` DISABLE KEYS */;
/*!40000 ALTER TABLE `jobs` ENABLE KEYS */;
UNLOCK TABLES;

--
-- Table structure for table `language_meta`
--

DROP TABLE IF EXISTS `language_meta`;
/*!40101 SET @saved_cs_client     = @@character_set_client */;
/*!50503 SET character_set_client = utf8mb4 */;
CREATE TABLE `language_meta` (
  `lang_meta_id` int unsigned NOT NULL AUTO_INCREMENT,
  `lang_meta_code` text CHARACTER SET utf8mb4 COLLATE utf8mb4_unicode_ci,
  `lang_meta_origin` varchar(255) CHARACTER SET utf8mb4 COLLATE utf8mb4_unicode_ci NOT NULL,
  `reference_id` int unsigned NOT NULL,
  `reference_type` varchar(120) CHARACTER SET utf8mb4 COLLATE utf8mb4_unicode_ci NOT NULL,
  PRIMARY KEY (`lang_meta_id`),
  KEY `language_meta_reference_id_index` (`reference_id`)
) ENGINE=InnoDB AUTO_INCREMENT=17 DEFAULT CHARSET=utf8mb4 COLLATE=utf8mb4_unicode_ci;
/*!40101 SET character_set_client = @saved_cs_client */;

--
-- Dumping data for table `language_meta`
--

LOCK TABLES `language_meta` WRITE;
/*!40000 ALTER TABLE `language_meta` DISABLE KEYS */;
INSERT INTO `language_meta` VALUES (1,'en_US','29216ad2fdd34c77f1c63b1614502ed3',1,'Botble\\SimpleSlider\\Models\\SimpleSlider'),(2,'en_US','a00b4fda44a180b8e644f0d9b50dc017',2,'Botble\\SimpleSlider\\Models\\SimpleSlider'),(3,'en_US','2ddb31b01b5355b3e58a2a2ed2564793',3,'Botble\\SimpleSlider\\Models\\SimpleSlider'),(4,'en_US','f06c0ddb68b0f27a86569b85fc63387c',4,'Botble\\SimpleSlider\\Models\\SimpleSlider'),(5,'vi','29216ad2fdd34c77f1c63b1614502ed3',5,'Botble\\SimpleSlider\\Models\\SimpleSlider'),(6,'vi','a00b4fda44a180b8e644f0d9b50dc017',6,'Botble\\SimpleSlider\\Models\\SimpleSlider'),(7,'vi','2ddb31b01b5355b3e58a2a2ed2564793',7,'Botble\\SimpleSlider\\Models\\SimpleSlider'),(8,'vi','f06c0ddb68b0f27a86569b85fc63387c',8,'Botble\\SimpleSlider\\Models\\SimpleSlider'),(9,'en_US','16b0d23a4d2b0bdade906d10a1f0dd08',1,'Botble\\Menu\\Models\\MenuLocation'),(10,'en_US','63bebe3185ebea8a7be734f3ab7f71c7',1,'Botble\\Menu\\Models\\Menu'),(11,'en_US','8146a164971cad43666402e47f0b5f05',2,'Botble\\Menu\\Models\\Menu'),(12,'en_US','073ca58a93946b775465fb4d6046fda5',3,'Botble\\Menu\\Models\\Menu'),(13,'vi','cfe1ccc027ca88a1c7d906fce15ec809',2,'Botble\\Menu\\Models\\MenuLocation'),(14,'vi','63bebe3185ebea8a7be734f3ab7f71c7',4,'Botble\\Menu\\Models\\Menu'),(15,'vi','8146a164971cad43666402e47f0b5f05',5,'Botble\\Menu\\Models\\Menu'),(16,'vi','073ca58a93946b775465fb4d6046fda5',6,'Botble\\Menu\\Models\\Menu');
/*!40000 ALTER TABLE `language_meta` ENABLE KEYS */;
UNLOCK TABLES;

--
-- Table structure for table `languages`
--

DROP TABLE IF EXISTS `languages`;
/*!40101 SET @saved_cs_client     = @@character_set_client */;
/*!50503 SET character_set_client = utf8mb4 */;
CREATE TABLE `languages` (
  `lang_id` int unsigned NOT NULL AUTO_INCREMENT,
  `lang_name` varchar(120) CHARACTER SET utf8mb4 COLLATE utf8mb4_unicode_ci NOT NULL,
  `lang_locale` varchar(20) CHARACTER SET utf8mb4 COLLATE utf8mb4_unicode_ci NOT NULL,
  `lang_code` varchar(20) CHARACTER SET utf8mb4 COLLATE utf8mb4_unicode_ci NOT NULL,
  `lang_flag` varchar(20) CHARACTER SET utf8mb4 COLLATE utf8mb4_unicode_ci DEFAULT NULL,
  `lang_is_default` tinyint unsigned NOT NULL DEFAULT '0',
  `lang_order` int NOT NULL DEFAULT '0',
  `lang_is_rtl` tinyint unsigned NOT NULL DEFAULT '0',
  PRIMARY KEY (`lang_id`)
) ENGINE=InnoDB AUTO_INCREMENT=3 DEFAULT CHARSET=utf8mb4 COLLATE=utf8mb4_unicode_ci;
/*!40101 SET character_set_client = @saved_cs_client */;

--
-- Dumping data for table `languages`
--

LOCK TABLES `languages` WRITE;
/*!40000 ALTER TABLE `languages` DISABLE KEYS */;
INSERT INTO `languages` VALUES (1,'English','en','en_US','us',1,0,0),(2,'Tiếng Việt','vi','vi','vn',0,0,0);
/*!40000 ALTER TABLE `languages` ENABLE KEYS */;
UNLOCK TABLES;

--
-- Table structure for table `media_files`
--

DROP TABLE IF EXISTS `media_files`;
/*!40101 SET @saved_cs_client     = @@character_set_client */;
/*!50503 SET character_set_client = utf8mb4 */;
CREATE TABLE `media_files` (
  `id` bigint unsigned NOT NULL AUTO_INCREMENT,
  `user_id` int unsigned NOT NULL,
  `name` varchar(255) CHARACTER SET utf8mb4 COLLATE utf8mb4_unicode_ci NOT NULL,
  `folder_id` int unsigned NOT NULL DEFAULT '0',
  `mime_type` varchar(120) CHARACTER SET utf8mb4 COLLATE utf8mb4_unicode_ci NOT NULL,
  `size` int NOT NULL,
  `url` varchar(255) CHARACTER SET utf8mb4 COLLATE utf8mb4_unicode_ci NOT NULL,
  `options` text CHARACTER SET utf8mb4 COLLATE utf8mb4_unicode_ci,
  `created_at` timestamp NULL DEFAULT NULL,
  `updated_at` timestamp NULL DEFAULT NULL,
  `deleted_at` timestamp NULL DEFAULT NULL,
  PRIMARY KEY (`id`),
  KEY `media_files_user_id_index` (`user_id`),
  KEY `media_files_index` (`folder_id`,`user_id`,`created_at`)
) ENGINE=InnoDB AUTO_INCREMENT=122 DEFAULT CHARSET=utf8mb4 COLLATE=utf8mb4_unicode_ci;
/*!40101 SET character_set_client = @saved_cs_client */;

--
-- Dumping data for table `media_files`
--

LOCK TABLES `media_files` WRITE;
/*!40000 ALTER TABLE `media_files` DISABLE KEYS */;
INSERT INTO `media_files` VALUES (1,0,'1',1,'image/png',1318,'brands/1.png','[]','2022-08-25 18:51:48','2022-08-25 18:51:48',NULL),(2,0,'2',1,'image/png',999,'brands/2.png','[]','2022-08-25 18:51:49','2022-08-25 18:51:49',NULL),(3,0,'3',1,'image/png',1251,'brands/3.png','[]','2022-08-25 18:51:49','2022-08-25 18:51:49',NULL),(4,0,'4',1,'image/png',1539,'brands/4.png','[]','2022-08-25 18:51:49','2022-08-25 18:51:49',NULL),(5,0,'5',1,'image/png',1058,'brands/5.png','[]','2022-08-25 18:51:49','2022-08-25 18:51:49',NULL),(6,0,'6',1,'image/png',4165,'brands/6.png','[]','2022-08-25 18:51:49','2022-08-25 18:51:49',NULL),(7,0,'7',1,'image/png',1260,'brands/7.png','[]','2022-08-25 18:51:50','2022-08-25 18:51:50',NULL),(8,0,'1',2,'image/jpeg',75180,'product-categories/1.jpg','[]','2022-08-25 18:51:51','2022-08-25 18:51:51',NULL),(9,0,'2',2,'image/jpeg',81345,'product-categories/2.jpg','[]','2022-08-25 18:51:51','2022-08-25 18:51:51',NULL),(10,0,'3',2,'image/jpeg',99137,'product-categories/3.jpg','[]','2022-08-25 18:51:51','2022-08-25 18:51:51',NULL),(11,0,'4',2,'image/jpeg',108690,'product-categories/4.jpg','[]','2022-08-25 18:51:51','2022-08-25 18:51:51',NULL),(12,0,'5',2,'image/jpeg',53952,'product-categories/5.jpg','[]','2022-08-25 18:51:52','2022-08-25 18:51:52',NULL),(13,0,'6',2,'image/jpeg',47088,'product-categories/6.jpg','[]','2022-08-25 18:51:52','2022-08-25 18:51:52',NULL),(14,0,'7',2,'image/jpeg',48248,'product-categories/7.jpg','[]','2022-08-25 18:51:52','2022-08-25 18:51:52',NULL),(15,0,'8',2,'image/jpeg',67235,'product-categories/8.jpg','[]','2022-08-25 18:51:52','2022-08-25 18:51:52',NULL),(16,0,'1-1',3,'image/jpeg',88437,'products/1-1.jpg','[]','2022-08-25 18:51:56','2022-08-25 18:51:56',NULL),(17,0,'1-2',3,'image/jpeg',122690,'products/1-2.jpg','[]','2022-08-25 18:51:57','2022-08-25 18:51:57',NULL),(18,0,'1-3',3,'image/jpeg',117296,'products/1-3.jpg','[]','2022-08-25 18:51:58','2022-08-25 18:51:58',NULL),(19,0,'1',3,'image/jpeg',139025,'products/1.jpg','[]','2022-08-25 18:51:58','2022-08-25 18:51:58',NULL),(20,0,'10-1',3,'image/jpeg',183491,'products/10-1.jpg','[]','2022-08-25 18:51:59','2022-08-25 18:51:59',NULL),(21,0,'10',3,'image/jpeg',150956,'products/10.jpg','[]','2022-08-25 18:51:59','2022-08-25 18:51:59',NULL),(22,0,'11-1',3,'image/jpeg',246200,'products/11-1.jpg','[]','2022-08-25 18:52:00','2022-08-25 18:52:00',NULL),(23,0,'11',3,'image/jpeg',279390,'products/11.jpg','[]','2022-08-25 18:52:00','2022-08-25 18:52:00',NULL),(24,0,'12-1',3,'image/jpeg',249712,'products/12-1.jpg','[]','2022-08-25 18:52:01','2022-08-25 18:52:01',NULL),(25,0,'12',3,'image/jpeg',172221,'products/12.jpg','[]','2022-08-25 18:52:01','2022-08-25 18:52:01',NULL),(26,0,'13-1',3,'image/jpeg',257021,'products/13-1.jpg','[]','2022-08-25 18:52:02','2022-08-25 18:52:02',NULL),(27,0,'13',3,'image/jpeg',232917,'products/13.jpg','[]','2022-08-25 18:52:02','2022-08-25 18:52:02',NULL),(28,0,'14-1',3,'image/jpeg',201773,'products/14-1.jpg','[]','2022-08-25 18:52:03','2022-08-25 18:52:03',NULL),(29,0,'14',3,'image/jpeg',287194,'products/14.jpg','[]','2022-08-25 18:52:04','2022-08-25 18:52:04',NULL),(30,0,'15-1',3,'image/jpeg',273720,'products/15-1.jpg','[]','2022-08-25 18:52:04','2022-08-25 18:52:04',NULL),(31,0,'15',3,'image/jpeg',114265,'products/15.jpg','[]','2022-08-25 18:52:05','2022-08-25 18:52:05',NULL),(32,0,'16',3,'image/jpeg',97174,'products/16.jpg','[]','2022-08-25 18:52:05','2022-08-25 18:52:05',NULL),(33,0,'17',3,'image/jpeg',70179,'products/17.jpg','[]','2022-08-25 18:52:06','2022-08-25 18:52:06',NULL),(34,0,'18-1',3,'image/jpeg',287835,'products/18-1.jpg','[]','2022-08-25 18:52:07','2022-08-25 18:52:07',NULL),(35,0,'18-2',3,'image/jpeg',454869,'products/18-2.jpg','[]','2022-08-25 18:52:08','2022-08-25 18:52:08',NULL),(36,0,'18',3,'image/jpeg',257331,'products/18.jpg','[]','2022-08-25 18:52:10','2022-08-25 18:52:10',NULL),(37,0,'19-1',3,'image/jpeg',144008,'products/19-1.jpg','[]','2022-08-25 18:52:11','2022-08-25 18:52:11',NULL),(38,0,'19',3,'image/jpeg',188821,'products/19.jpg','[]','2022-08-25 18:52:12','2022-08-25 18:52:12',NULL),(39,0,'2-1',3,'image/jpeg',138167,'products/2-1.jpg','[]','2022-08-25 18:52:12','2022-08-25 18:52:12',NULL),(40,0,'2-2',3,'image/jpeg',230552,'products/2-2.jpg','[]','2022-08-25 18:52:13','2022-08-25 18:52:13',NULL),(41,0,'2-3',3,'image/jpeg',179301,'products/2-3.jpg','[]','2022-08-25 18:52:13','2022-08-25 18:52:13',NULL),(42,0,'2',3,'image/jpeg',130048,'products/2.jpg','[]','2022-08-25 18:52:14','2022-08-25 18:52:14',NULL),(43,0,'20-1',3,'image/jpeg',249712,'products/20-1.jpg','[]','2022-08-25 18:52:14','2022-08-25 18:52:14',NULL),(44,0,'20',3,'image/jpeg',172221,'products/20.jpg','[]','2022-08-25 18:52:15','2022-08-25 18:52:15',NULL),(45,0,'21-1',3,'image/jpeg',260746,'products/21-1.jpg','[]','2022-08-25 18:52:16','2022-08-25 18:52:16',NULL),(46,0,'21',3,'image/jpeg',124244,'products/21.jpg','[]','2022-08-25 18:52:17','2022-08-25 18:52:17',NULL),(47,0,'22-1',3,'image/jpeg',213139,'products/22-1.jpg','[]','2022-08-25 18:52:17','2022-08-25 18:52:17',NULL),(48,0,'22',3,'image/jpeg',105409,'products/22.jpg','[]','2022-08-25 18:52:19','2022-08-25 18:52:19',NULL),(49,0,'23-1',3,'image/jpeg',105560,'products/23-1.jpg','[]','2022-08-25 18:52:19','2022-08-25 18:52:19',NULL),(50,0,'23',3,'image/jpeg',177362,'products/23.jpg','[]','2022-08-25 18:52:20','2022-08-25 18:52:20',NULL),(51,0,'24-1',3,'image/jpeg',239311,'products/24-1.jpg','[]','2022-08-25 18:52:21','2022-08-25 18:52:21',NULL),(52,0,'24',3,'image/jpeg',363853,'products/24.jpg','[]','2022-08-25 18:52:22','2022-08-25 18:52:22',NULL),(53,0,'3-1',3,'image/jpeg',135741,'products/3-1.jpg','[]','2022-08-25 18:52:23','2022-08-25 18:52:23',NULL),(54,0,'3-2',3,'image/jpeg',123069,'products/3-2.jpg','[]','2022-08-25 18:52:24','2022-08-25 18:52:24',NULL),(55,0,'3-3',3,'image/jpeg',98645,'products/3-3.jpg','[]','2022-08-25 18:52:25','2022-08-25 18:52:25',NULL),(56,0,'3',3,'image/jpeg',201722,'products/3.jpg','[]','2022-08-25 18:52:25','2022-08-25 18:52:25',NULL),(57,0,'4-1',3,'image/jpeg',205312,'products/4-1.jpg','[]','2022-08-25 18:52:26','2022-08-25 18:52:26',NULL),(58,0,'4-2',3,'image/jpeg',223903,'products/4-2.jpg','[]','2022-08-25 18:52:26','2022-08-25 18:52:26',NULL),(59,0,'4-3',3,'image/jpeg',106593,'products/4-3.jpg','[]','2022-08-25 18:52:27','2022-08-25 18:52:27',NULL),(60,0,'4',3,'image/jpeg',456134,'products/4.jpg','[]','2022-08-25 18:52:27','2022-08-25 18:52:27',NULL),(61,0,'5-1',3,'image/jpeg',110014,'products/5-1.jpg','[]','2022-08-25 18:52:28','2022-08-25 18:52:28',NULL),(62,0,'5-2',3,'image/jpeg',104934,'products/5-2.jpg','[]','2022-08-25 18:52:28','2022-08-25 18:52:28',NULL),(63,0,'5-3',3,'image/jpeg',131628,'products/5-3.jpg','[]','2022-08-25 18:52:29','2022-08-25 18:52:29',NULL),(64,0,'5',3,'image/jpeg',214767,'products/5.jpg','[]','2022-08-25 18:52:30','2022-08-25 18:52:30',NULL),(65,0,'6-1',3,'image/jpeg',128041,'products/6-1.jpg','[]','2022-08-25 18:52:31','2022-08-25 18:52:31',NULL),(66,0,'6',3,'image/jpeg',148485,'products/6.jpg','[]','2022-08-25 18:52:31','2022-08-25 18:52:31',NULL),(67,0,'7-1',3,'image/jpeg',144008,'products/7-1.jpg','[]','2022-08-25 18:52:32','2022-08-25 18:52:32',NULL),(68,0,'7',3,'image/jpeg',188821,'products/7.jpg','[]','2022-08-25 18:52:32','2022-08-25 18:52:32',NULL),(69,0,'8-1',3,'image/jpeg',274272,'products/8-1.jpg','[]','2022-08-25 18:52:32','2022-08-25 18:52:32',NULL),(70,0,'8',3,'image/jpeg',217862,'products/8.jpg','[]','2022-08-25 18:52:33','2022-08-25 18:52:33',NULL),(71,0,'9-1',3,'image/jpeg',65624,'products/9-1.jpg','[]','2022-08-25 18:52:33','2022-08-25 18:52:33',NULL),(72,0,'9',3,'image/jpeg',159636,'products/9.jpg','[]','2022-08-25 18:52:34','2022-08-25 18:52:34',NULL),(73,0,'1',4,'image/jpeg',274660,'customers/1.jpg','[]','2022-08-25 18:52:41','2022-08-25 18:52:41',NULL),(74,0,'2',4,'image/jpeg',295031,'customers/2.jpg','[]','2022-08-25 18:52:41','2022-08-25 18:52:41',NULL),(75,0,'3',4,'image/jpeg',183576,'customers/3.jpg','[]','2022-08-25 18:52:41','2022-08-25 18:52:41',NULL),(76,0,'4',4,'image/jpeg',245360,'customers/4.jpg','[]','2022-08-25 18:52:41','2022-08-25 18:52:41',NULL),(77,0,'5',4,'image/jpeg',262908,'customers/5.jpg','[]','2022-08-25 18:52:41','2022-08-25 18:52:41',NULL),(78,0,'6',4,'image/jpeg',109600,'customers/6.jpg','[]','2022-08-25 18:52:42','2022-08-25 18:52:42',NULL),(79,0,'7',4,'image/jpeg',159280,'customers/7.jpg','[]','2022-08-25 18:52:42','2022-08-25 18:52:42',NULL),(80,0,'8',4,'image/jpeg',99998,'customers/8.jpg','[]','2022-08-25 18:52:42','2022-08-25 18:52:42',NULL),(83,0,'1-1',6,'image/png',653539,'sliders/1-1.png','[]','2022-08-25 18:52:50','2022-08-25 18:52:50',NULL),(84,0,'1-2',6,'image/png',688883,'sliders/1-2.png','[]','2022-08-25 18:52:51','2022-08-25 18:52:51',NULL),(85,0,'1-3',6,'image/png',249966,'sliders/1-3.png','[]','2022-08-25 18:52:51','2022-08-25 18:52:51',NULL),(86,0,'2-1',6,'image/png',662495,'sliders/2-1.png','[]','2022-08-25 18:52:52','2022-08-25 18:52:52',NULL),(87,0,'2-2',6,'image/png',691309,'sliders/2-2.png','[]','2022-08-25 18:52:53','2022-08-25 18:52:53',NULL),(88,0,'2-3',6,'image/png',249966,'sliders/2-3.png','[]','2022-08-25 18:52:53','2022-08-25 18:52:53',NULL),(89,0,'3-1',6,'image/png',164134,'sliders/3-1.png','[]','2022-08-25 18:52:54','2022-08-25 18:52:54',NULL),(90,0,'3-2',6,'image/png',140217,'sliders/3-2.png','[]','2022-08-25 18:52:55','2022-08-25 18:52:55',NULL),(91,0,'4-1',6,'image/png',415854,'sliders/4-1.png','[]','2022-08-25 18:52:55','2022-08-25 18:52:55',NULL),(92,0,'4-2',6,'image/png',407249,'sliders/4-2.png','[]','2022-08-25 18:52:56','2022-08-25 18:52:56',NULL),(93,0,'4-3',6,'image/png',249966,'sliders/4-3.png','[]','2022-08-25 18:52:56','2022-08-25 18:52:56',NULL),(94,0,'1',7,'image/jpeg',533441,'news/1.jpg','[]','2022-08-25 18:52:58','2022-08-25 18:52:58',NULL),(95,0,'10',7,'image/jpeg',342651,'news/10.jpg','[]','2022-08-25 18:52:58','2022-08-25 18:52:58',NULL),(96,0,'11',7,'image/jpeg',296740,'news/11.jpg','[]','2022-08-25 18:52:59','2022-08-25 18:52:59',NULL),(97,0,'2',7,'image/jpeg',292594,'news/2.jpg','[]','2022-08-25 18:52:59','2022-08-25 18:52:59',NULL),(98,0,'3',7,'image/jpeg',382930,'news/3.jpg','[]','2022-08-25 18:53:00','2022-08-25 18:53:00',NULL),(99,0,'4',7,'image/jpeg',403060,'news/4.jpg','[]','2022-08-25 18:53:00','2022-08-25 18:53:00',NULL),(100,0,'5',7,'image/jpeg',727445,'news/5.jpg','[]','2022-08-25 18:53:01','2022-08-25 18:53:01',NULL),(101,0,'6',7,'image/jpeg',361958,'news/6.jpg','[]','2022-08-25 18:53:01','2022-08-25 18:53:01',NULL),(102,0,'7',7,'image/jpeg',904027,'news/7.jpg','[]','2022-08-25 18:53:02','2022-08-25 18:53:02',NULL),(103,0,'8',7,'image/jpeg',351088,'news/8.jpg','[]','2022-08-25 18:53:02','2022-08-25 18:53:02',NULL),(104,0,'9',7,'image/jpeg',353751,'news/9.jpg','[]','2022-08-25 18:53:03','2022-08-25 18:53:03',NULL),(105,0,'1',8,'image/png',66416,'promotion/1.png','[]','2022-08-25 18:53:04','2022-08-25 18:53:04',NULL),(106,0,'2',8,'image/png',70051,'promotion/2.png','[]','2022-08-25 18:53:05','2022-08-25 18:53:05',NULL),(107,0,'3',8,'image/png',66675,'promotion/3.png','[]','2022-08-25 18:53:05','2022-08-25 18:53:05',NULL),(108,0,'4',8,'image/png',61720,'promotion/4.png','[]','2022-08-25 18:53:06','2022-08-25 18:53:06',NULL),(109,0,'5',8,'image/png',25894,'promotion/5.png','[]','2022-08-25 18:53:06','2022-08-25 18:53:06',NULL),(110,0,'6',8,'image/png',528935,'promotion/6.png','[]','2022-08-25 18:53:07','2022-08-25 18:53:07',NULL),(111,0,'favicon',9,'image/png',2343,'general/favicon.png','[]','2022-08-25 18:53:08','2022-08-25 18:53:08',NULL),(112,0,'icon-bag',9,'image/png',15551,'general/icon-bag.png','[]','2022-08-25 18:53:09','2022-08-25 18:53:09',NULL),(113,0,'icon-operator',9,'image/png',23328,'general/icon-operator.png','[]','2022-08-25 18:53:09','2022-08-25 18:53:09',NULL),(114,0,'icon-purchase',9,'image/png',22947,'general/icon-purchase.png','[]','2022-08-25 18:53:09','2022-08-25 18:53:09',NULL),(115,0,'icon-truck',9,'image/png',17131,'general/icon-truck.png','[]','2022-08-25 18:53:10','2022-08-25 18:53:10',NULL),(116,0,'logo-light',9,'image/png',1938,'general/logo-light.png','[]','2022-08-25 18:53:10','2022-08-25 18:53:10',NULL),(117,0,'logo',9,'image/png',2494,'general/logo.png','[]','2022-08-25 18:53:10','2022-08-25 18:53:10',NULL),(118,0,'open-graph-image',9,'image/png',293189,'general/open-graph-image.png','[]','2022-08-25 18:53:10','2022-08-25 18:53:10',NULL),(119,0,'payment-methods',9,'image/png',10634,'general/payment-methods.png','[]','2022-08-25 18:53:11','2022-08-25 18:53:11',NULL),(120,0,'1',10,'image/jpeg',62921,'flash-sales/1.jpg','[]','2022-09-10 03:29:49','2022-09-10 03:29:49',NULL),(121,0,'2',10,'image/jpeg',74131,'flash-sales/2.jpg','[]','2022-09-10 03:29:49','2022-09-10 03:29:49',NULL);
/*!40000 ALTER TABLE `media_files` ENABLE KEYS */;
UNLOCK TABLES;

--
-- Table structure for table `media_folders`
--

DROP TABLE IF EXISTS `media_folders`;
/*!40101 SET @saved_cs_client     = @@character_set_client */;
/*!50503 SET character_set_client = utf8mb4 */;
CREATE TABLE `media_folders` (
  `id` bigint unsigned NOT NULL AUTO_INCREMENT,
  `user_id` int unsigned NOT NULL,
  `name` varchar(191) CHARACTER SET utf8mb4 COLLATE utf8mb4_unicode_ci DEFAULT NULL,
  `slug` varchar(191) CHARACTER SET utf8mb4 COLLATE utf8mb4_unicode_ci DEFAULT NULL,
  `parent_id` int NOT NULL DEFAULT '0',
  `created_at` timestamp NULL DEFAULT NULL,
  `updated_at` timestamp NULL DEFAULT NULL,
  `deleted_at` timestamp NULL DEFAULT NULL,
  PRIMARY KEY (`id`),
  KEY `media_folders_user_id_index` (`user_id`),
  KEY `media_folders_index` (`parent_id`,`user_id`,`created_at`)
) ENGINE=InnoDB AUTO_INCREMENT=11 DEFAULT CHARSET=utf8mb4 COLLATE=utf8mb4_unicode_ci;
/*!40101 SET character_set_client = @saved_cs_client */;

--
-- Dumping data for table `media_folders`
--

LOCK TABLES `media_folders` WRITE;
/*!40000 ALTER TABLE `media_folders` DISABLE KEYS */;
INSERT INTO `media_folders` VALUES (1,0,'brands','brands',0,'2022-08-25 18:51:48','2022-08-25 18:51:48',NULL),(2,0,'product-categories','product-categories',0,'2022-08-25 18:51:50','2022-08-25 18:51:50',NULL),(3,0,'products','products',0,'2022-08-25 18:51:56','2022-08-25 18:51:56',NULL),(4,0,'customers','customers',0,'2022-08-25 18:52:40','2022-08-25 18:52:40',NULL),(6,0,'sliders','sliders',0,'2022-08-25 18:52:50','2022-08-25 18:52:50',NULL),(7,0,'news','news',0,'2022-08-25 18:52:58','2022-08-25 18:52:58',NULL),(8,0,'promotion','promotion',0,'2022-08-25 18:53:04','2022-08-25 18:53:04',NULL),(9,0,'general','general',0,'2022-08-25 18:53:08','2022-08-25 18:53:08',NULL),(10,0,'flash-sales','flash-sales',0,'2022-09-10 03:29:49','2022-09-10 03:29:49',NULL);
/*!40000 ALTER TABLE `media_folders` ENABLE KEYS */;
UNLOCK TABLES;

--
-- Table structure for table `media_settings`
--

DROP TABLE IF EXISTS `media_settings`;
/*!40101 SET @saved_cs_client     = @@character_set_client */;
/*!50503 SET character_set_client = utf8mb4 */;
CREATE TABLE `media_settings` (
  `id` bigint unsigned NOT NULL AUTO_INCREMENT,
  `key` varchar(120) CHARACTER SET utf8mb4 COLLATE utf8mb4_unicode_ci NOT NULL,
  `value` text CHARACTER SET utf8mb4 COLLATE utf8mb4_unicode_ci,
  `media_id` int DEFAULT NULL,
  `user_id` int DEFAULT NULL,
  `created_at` timestamp NULL DEFAULT NULL,
  `updated_at` timestamp NULL DEFAULT NULL,
  PRIMARY KEY (`id`)
) ENGINE=InnoDB DEFAULT CHARSET=utf8mb4 COLLATE=utf8mb4_unicode_ci;
/*!40101 SET character_set_client = @saved_cs_client */;

--
-- Dumping data for table `media_settings`
--

LOCK TABLES `media_settings` WRITE;
/*!40000 ALTER TABLE `media_settings` DISABLE KEYS */;
/*!40000 ALTER TABLE `media_settings` ENABLE KEYS */;
UNLOCK TABLES;

--
-- Table structure for table `menu_locations`
--

DROP TABLE IF EXISTS `menu_locations`;
/*!40101 SET @saved_cs_client     = @@character_set_client */;
/*!50503 SET character_set_client = utf8mb4 */;
CREATE TABLE `menu_locations` (
  `id` bigint unsigned NOT NULL AUTO_INCREMENT,
  `menu_id` int unsigned NOT NULL,
  `location` varchar(120) CHARACTER SET utf8mb4 COLLATE utf8mb4_unicode_ci NOT NULL,
  `created_at` timestamp NULL DEFAULT NULL,
  `updated_at` timestamp NULL DEFAULT NULL,
  PRIMARY KEY (`id`),
  KEY `menu_locations_menu_id_created_at_index` (`menu_id`,`created_at`)
) ENGINE=InnoDB AUTO_INCREMENT=3 DEFAULT CHARSET=utf8mb4 COLLATE=utf8mb4_unicode_ci;
/*!40101 SET character_set_client = @saved_cs_client */;

--
-- Dumping data for table `menu_locations`
--

LOCK TABLES `menu_locations` WRITE;
/*!40000 ALTER TABLE `menu_locations` DISABLE KEYS */;
INSERT INTO `menu_locations` VALUES (1,1,'main-menu','2022-08-25 18:53:08','2022-08-25 18:53:08'),(2,4,'main-menu','2022-08-25 18:53:08','2022-08-25 18:53:08');
/*!40000 ALTER TABLE `menu_locations` ENABLE KEYS */;
UNLOCK TABLES;

--
-- Table structure for table `menu_nodes`
--

DROP TABLE IF EXISTS `menu_nodes`;
/*!40101 SET @saved_cs_client     = @@character_set_client */;
/*!50503 SET character_set_client = utf8mb4 */;
CREATE TABLE `menu_nodes` (
  `id` bigint unsigned NOT NULL AUTO_INCREMENT,
  `menu_id` int unsigned NOT NULL,
  `parent_id` int unsigned NOT NULL DEFAULT '0',
  `reference_id` int unsigned DEFAULT NULL,
  `reference_type` varchar(255) CHARACTER SET utf8mb4 COLLATE utf8mb4_unicode_ci DEFAULT NULL,
  `url` varchar(120) CHARACTER SET utf8mb4 COLLATE utf8mb4_unicode_ci DEFAULT NULL,
  `icon_font` varchar(50) CHARACTER SET utf8mb4 COLLATE utf8mb4_unicode_ci DEFAULT NULL,
  `position` tinyint unsigned NOT NULL DEFAULT '0',
  `title` varchar(120) CHARACTER SET utf8mb4 COLLATE utf8mb4_unicode_ci DEFAULT NULL,
  `css_class` varchar(120) CHARACTER SET utf8mb4 COLLATE utf8mb4_unicode_ci DEFAULT NULL,
  `target` varchar(20) CHARACTER SET utf8mb4 COLLATE utf8mb4_unicode_ci NOT NULL DEFAULT '_self',
  `has_child` tinyint unsigned NOT NULL DEFAULT '0',
  `created_at` timestamp NULL DEFAULT NULL,
  `updated_at` timestamp NULL DEFAULT NULL,
  PRIMARY KEY (`id`),
  KEY `menu_nodes_menu_id_index` (`menu_id`),
  KEY `menu_nodes_parent_id_index` (`parent_id`),
  KEY `reference_id` (`reference_id`),
  KEY `reference_type` (`reference_type`)
) ENGINE=InnoDB AUTO_INCREMENT=69 DEFAULT CHARSET=utf8mb4 COLLATE=utf8mb4_unicode_ci;
/*!40101 SET character_set_client = @saved_cs_client */;

--
-- Dumping data for table `menu_nodes`
--

LOCK TABLES `menu_nodes` WRITE;
/*!40000 ALTER TABLE `menu_nodes` DISABLE KEYS */;
INSERT INTO `menu_nodes` VALUES (1,1,0,NULL,NULL,'/',NULL,0,'Home',NULL,'_self',1,'2022-08-25 18:53:08','2022-08-25 18:53:08'),(2,1,1,1,'Botble\\Page\\Models\\Page','',NULL,0,'Home 1',NULL,'_self',0,'2022-08-25 18:53:08','2022-08-25 18:53:08'),(3,1,1,2,'Botble\\Page\\Models\\Page','/homepage-2',NULL,0,'Home 2',NULL,'_self',0,'2022-08-25 18:53:08','2022-08-25 18:53:08'),(4,1,1,3,'Botble\\Page\\Models\\Page','/homepage-3',NULL,0,'Home 3',NULL,'_self',0,'2022-08-25 18:53:08','2022-08-25 18:53:08'),(5,1,1,4,'Botble\\Page\\Models\\Page','/homepage-4',NULL,0,'Home 4',NULL,'_self',0,'2022-08-25 18:53:08','2022-08-25 18:53:08'),(6,1,0,NULL,NULL,'/products',NULL,0,'Shop',NULL,'_self',1,'2022-08-25 18:53:08','2022-08-25 18:53:08'),(7,1,6,NULL,NULL,'/products',NULL,0,'Shop Grid - Full Width',NULL,'_self',0,'2022-08-25 18:53:08','2022-08-25 18:53:08'),(8,1,6,NULL,NULL,'/products?layout=product-right-sidebar',NULL,0,'Shop Grid - Right Sidebar',NULL,'_self',0,'2022-08-25 18:53:08','2022-08-25 18:53:08'),(9,1,6,NULL,NULL,'/products?layout=product-left-sidebar',NULL,0,'Shop Grid - Left Sidebar',NULL,'_self',0,'2022-08-25 18:53:08','2022-08-25 18:53:08'),(10,1,6,1,'Botble\\Ecommerce\\Models\\ProductCategory','/product-categories/hot-promotions',NULL,0,'Products Of Category',NULL,'_self',0,'2022-08-25 18:53:08','2022-08-25 18:53:08'),(11,1,0,NULL,NULL,'#',NULL,0,'Product',NULL,'_self',1,'2022-08-25 18:53:08','2022-08-25 18:53:08'),(12,1,11,NULL,NULL,'/products/smart-home-speaker',NULL,0,'Product Right Sidebar',NULL,'_self',0,'2022-08-25 18:53:08','2022-08-25 18:53:08'),(13,1,11,NULL,NULL,'/products/headphone-ultra-bass',NULL,0,'Product Left Sidebar',NULL,'_self',0,'2022-08-25 18:53:08','2022-08-25 18:53:08'),(14,1,11,NULL,NULL,'/products/boxed-bluetooth-headphone',NULL,0,'Product Full Width',NULL,'_self',0,'2022-08-25 18:53:08','2022-08-25 18:53:08'),(15,1,0,5,'Botble\\Page\\Models\\Page','/blog',NULL,0,'Blog',NULL,'_self',1,'2022-08-25 18:53:08','2022-08-25 18:53:08'),(16,1,15,5,'Botble\\Page\\Models\\Page','/blog',NULL,0,'Blog Right Sidebar',NULL,'_self',0,'2022-08-25 18:53:08','2022-08-25 18:53:08'),(17,1,15,13,'Botble\\Page\\Models\\Page','/blog-left-sidebar',NULL,0,'Blog Left Sidebar',NULL,'_self',0,'2022-08-25 18:53:08','2022-08-25 18:53:08'),(18,1,15,NULL,NULL,'/blog/4-expert-tips-on-how-to-choose-the-right-mens-wallet',NULL,0,'Single Post Right Sidebar',NULL,'_self',0,'2022-08-25 18:53:08','2022-08-25 18:53:08'),(19,1,15,NULL,NULL,'/blog/sexy-clutches-how-to-buy-wear-a-designer-clutch-bag',NULL,0,'Single Post Left Sidebar',NULL,'_self',0,'2022-08-25 18:53:08','2022-08-25 18:53:08'),(20,1,15,NULL,NULL,'/blog/the-top-2020-handbag-trends-to-know',NULL,0,'Single Post Full Width',NULL,'_self',0,'2022-08-25 18:53:08','2022-08-25 18:53:08'),(21,1,15,NULL,NULL,'/blog/how-to-match-the-color-of-your-handbag-with-an-outfit',NULL,0,'Single Post with Product Listing',NULL,'_self',0,'2022-08-25 18:53:08','2022-08-25 18:53:08'),(22,1,0,14,'Botble\\Page\\Models\\Page','/faq',NULL,0,'FAQ',NULL,'_self',0,'2022-08-25 18:53:08','2022-08-25 18:53:08'),(23,1,0,6,'Botble\\Page\\Models\\Page','/contact',NULL,0,'Contact',NULL,'_self',0,'2022-08-25 18:53:08','2022-08-25 18:53:08'),(24,2,0,1,'Botble\\Ecommerce\\Models\\ProductCategory','/product-categories/hot-promotions',NULL,0,'Men',NULL,'_self',0,'2022-08-25 18:53:08','2022-08-25 18:53:08'),(25,2,0,2,'Botble\\Ecommerce\\Models\\ProductCategory','/product-categories/electronics',NULL,0,'Women',NULL,'_self',0,'2022-08-25 18:53:08','2022-08-25 18:53:08'),(26,2,0,3,'Botble\\Ecommerce\\Models\\ProductCategory','/product-categories/home-audio-theaters',NULL,0,'Accessories',NULL,'_self',0,'2022-08-25 18:53:08','2022-08-25 18:53:08'),(27,2,0,4,'Botble\\Ecommerce\\Models\\ProductCategory','/product-categories/tv-videos',NULL,0,'Shoes',NULL,'_self',0,'2022-08-25 18:53:08','2022-08-25 18:53:08'),(28,2,0,5,'Botble\\Ecommerce\\Models\\ProductCategory','/product-categories/camera-photos-videos',NULL,0,'Denim',NULL,'_self',0,'2022-08-25 18:53:08','2022-08-25 18:53:08'),(29,2,0,6,'Botble\\Ecommerce\\Models\\ProductCategory','/product-categories/cellphones-accessories',NULL,0,'Dress',NULL,'_self',0,'2022-08-25 18:53:08','2022-08-25 18:53:08'),(30,3,0,6,'Botble\\Page\\Models\\Page','/contact',NULL,0,'Contact Us',NULL,'_self',0,'2022-08-25 18:53:08','2022-08-25 18:53:08'),(31,3,0,8,'Botble\\Page\\Models\\Page','/cookie-policy',NULL,0,'About Us',NULL,'_self',0,'2022-08-25 18:53:08','2022-08-25 18:53:08'),(32,3,0,9,'Botble\\Page\\Models\\Page','/terms-conditions',NULL,0,'Terms & Conditions',NULL,'_self',0,'2022-08-25 18:53:08','2022-08-25 18:53:08'),(33,3,0,10,'Botble\\Page\\Models\\Page','/returns-exchanges',NULL,0,'Returns & Exchanges',NULL,'_self',0,'2022-08-25 18:53:08','2022-08-25 18:53:08'),(34,3,0,11,'Botble\\Page\\Models\\Page','/shipping-delivery',NULL,0,'Shipping & Delivery',NULL,'_self',0,'2022-08-25 18:53:08','2022-08-25 18:53:08'),(35,3,0,12,'Botble\\Page\\Models\\Page','/privacy-policy',NULL,0,'Privacy Policy',NULL,'_self',0,'2022-08-25 18:53:08','2022-08-25 18:53:08'),(36,4,0,NULL,NULL,'/',NULL,0,'Trang chủ',NULL,'_self',1,'2022-08-25 18:53:08','2022-08-25 18:53:08'),(37,4,36,1,'Botble\\Page\\Models\\Page','',NULL,0,'Trang chủ 1',NULL,'_self',0,'2022-08-25 18:53:08','2022-08-25 18:53:08'),(38,4,36,2,'Botble\\Page\\Models\\Page','/homepage-2',NULL,0,'Trang chủ 2',NULL,'_self',0,'2022-08-25 18:53:08','2022-08-25 18:53:08'),(39,4,36,3,'Botble\\Page\\Models\\Page','/homepage-3',NULL,0,'Trang chủ 3',NULL,'_self',0,'2022-08-25 18:53:08','2022-08-25 18:53:08'),(40,4,36,4,'Botble\\Page\\Models\\Page','/homepage-4',NULL,0,'Trang chủ 4',NULL,'_self',0,'2022-08-25 18:53:08','2022-08-25 18:53:08'),(41,4,0,NULL,NULL,'/products',NULL,0,'Bán hàng',NULL,'_self',1,'2022-08-25 18:53:08','2022-08-25 18:53:08'),(42,4,41,NULL,NULL,'/products',NULL,0,'Tất cả sản phẩm',NULL,'_self',0,'2022-08-25 18:53:08','2022-08-25 18:53:08'),(43,4,41,1,'Botble\\Ecommerce\\Models\\ProductCategory','/product-categories/hot-promotions',NULL,0,'Danh mục sản phẩm',NULL,'_self',0,'2022-08-25 18:53:08','2022-08-25 18:53:08'),(44,4,0,NULL,NULL,'#',NULL,0,'Sản phẩm',NULL,'_self',1,'2022-08-25 18:53:08','2022-08-25 18:53:08'),(45,4,44,NULL,NULL,'/products/smart-home-speaker',NULL,0,'Sản phẩm Sidebar phải',NULL,'_self',0,'2022-08-25 18:53:08','2022-08-25 18:53:08'),(46,4,44,NULL,NULL,'/products/headphone-ultra-bass',NULL,0,'Sản phẩm Sidebar trái',NULL,'_self',0,'2022-08-25 18:53:08','2022-08-25 18:53:08'),(47,4,44,NULL,NULL,'/products/boxed-bluetooth-headphone',NULL,0,'Sản phẩm full width',NULL,'_self',0,'2022-08-25 18:53:08','2022-08-25 18:53:08'),(48,4,0,5,'Botble\\Page\\Models\\Page','/blog',NULL,0,'Tin tức',NULL,'_self',1,'2022-08-25 18:53:08','2022-08-25 18:53:08'),(49,4,48,5,'Botble\\Page\\Models\\Page','/blog',NULL,0,'Tin tức Sidebar phải',NULL,'_self',0,'2022-08-25 18:53:08','2022-08-25 18:53:08'),(50,4,48,13,'Botble\\Page\\Models\\Page','/blog-left-sidebar',NULL,0,'Tin tức Sidebar trái',NULL,'_self',0,'2022-08-25 18:53:08','2022-08-25 18:53:08'),(51,4,48,NULL,NULL,'/blog/4-expert-tips-on-how-to-choose-the-right-mens-wallet',NULL,0,'Bài viết Sidebar phải',NULL,'_self',0,'2022-08-25 18:53:08','2022-08-25 18:53:08'),(52,4,48,NULL,NULL,'/blog/sexy-clutches-how-to-buy-wear-a-designer-clutch-bag',NULL,0,'Bài viết Sidebar trái',NULL,'_self',0,'2022-08-25 18:53:08','2022-08-25 18:53:08'),(53,4,48,NULL,NULL,'/blog/the-top-2020-handbag-trends-to-know',NULL,0,'Bài viết Full Width',NULL,'_self',0,'2022-08-25 18:53:08','2022-08-25 18:53:08'),(54,4,48,NULL,NULL,'/blog/how-to-match-the-color-of-your-handbag-with-an-outfit',NULL,0,'Bài viết with kèm sản phẩm',NULL,'_self',0,'2022-08-25 18:53:08','2022-08-25 18:53:08'),(55,4,0,14,'Botble\\Page\\Models\\Page','/faq',NULL,0,'FAQ',NULL,'_self',0,'2022-08-25 18:53:08','2022-08-25 18:53:08'),(56,4,0,6,'Botble\\Page\\Models\\Page','/contact',NULL,0,'Liên hệ',NULL,'_self',0,'2022-08-25 18:53:08','2022-08-25 18:53:08'),(57,5,0,1,'Botble\\Ecommerce\\Models\\ProductCategory','/product-categories/hot-promotions',NULL,0,'Dành cho nam',NULL,'_self',0,'2022-08-25 18:53:08','2022-08-25 18:53:08'),(58,5,0,2,'Botble\\Ecommerce\\Models\\ProductCategory','/product-categories/electronics',NULL,0,'Dành cho nữ',NULL,'_self',0,'2022-08-25 18:53:08','2022-08-25 18:53:08'),(59,5,0,3,'Botble\\Ecommerce\\Models\\ProductCategory','/product-categories/home-audio-theaters',NULL,0,'Phụ kiện',NULL,'_self',0,'2022-08-25 18:53:08','2022-08-25 18:53:08'),(60,5,0,4,'Botble\\Ecommerce\\Models\\ProductCategory','/product-categories/tv-videos',NULL,0,'Giày dép',NULL,'_self',0,'2022-08-25 18:53:08','2022-08-25 18:53:08'),(61,5,0,5,'Botble\\Ecommerce\\Models\\ProductCategory','/product-categories/camera-photos-videos',NULL,0,'Denim',NULL,'_self',0,'2022-08-25 18:53:08','2022-08-25 18:53:08'),(62,5,0,6,'Botble\\Ecommerce\\Models\\ProductCategory','/product-categories/cellphones-accessories',NULL,0,'Quần áo',NULL,'_self',0,'2022-08-25 18:53:08','2022-08-25 18:53:08'),(63,6,0,6,'Botble\\Page\\Models\\Page','/contact',NULL,0,'Liên hệ',NULL,'_self',0,'2022-08-25 18:53:08','2022-08-25 18:53:08'),(64,6,0,8,'Botble\\Page\\Models\\Page','/cookie-policy',NULL,0,'Về chúng tôi',NULL,'_self',0,'2022-08-25 18:53:08','2022-08-25 18:53:08'),(65,6,0,9,'Botble\\Page\\Models\\Page','/terms-conditions',NULL,0,'Điều khoản & quy định',NULL,'_self',0,'2022-08-25 18:53:08','2022-08-25 18:53:08'),(66,6,0,10,'Botble\\Page\\Models\\Page','/returns-exchanges',NULL,0,'Chính sách đổi trả',NULL,'_self',0,'2022-08-25 18:53:08','2022-08-25 18:53:08'),(67,6,0,11,'Botble\\Page\\Models\\Page','/shipping-delivery',NULL,0,'Chính sách vận chuyển',NULL,'_self',0,'2022-08-25 18:53:08','2022-08-25 18:53:08'),(68,6,0,12,'Botble\\Page\\Models\\Page','/privacy-policy',NULL,0,'Chính sách bảo mật',NULL,'_self',0,'2022-08-25 18:53:08','2022-08-25 18:53:08');
/*!40000 ALTER TABLE `menu_nodes` ENABLE KEYS */;
UNLOCK TABLES;

--
-- Table structure for table `menus`
--

DROP TABLE IF EXISTS `menus`;
/*!40101 SET @saved_cs_client     = @@character_set_client */;
/*!50503 SET character_set_client = utf8mb4 */;
CREATE TABLE `menus` (
  `id` bigint unsigned NOT NULL AUTO_INCREMENT,
  `name` varchar(120) CHARACTER SET utf8mb4 COLLATE utf8mb4_unicode_ci NOT NULL,
  `slug` varchar(120) CHARACTER SET utf8mb4 COLLATE utf8mb4_unicode_ci DEFAULT NULL,
  `status` varchar(60) CHARACTER SET utf8mb4 COLLATE utf8mb4_unicode_ci NOT NULL DEFAULT 'published',
  `created_at` timestamp NULL DEFAULT NULL,
  `updated_at` timestamp NULL DEFAULT NULL,
  PRIMARY KEY (`id`),
  UNIQUE KEY `menus_slug_unique` (`slug`)
) ENGINE=InnoDB AUTO_INCREMENT=7 DEFAULT CHARSET=utf8mb4 COLLATE=utf8mb4_unicode_ci;
/*!40101 SET character_set_client = @saved_cs_client */;

--
-- Dumping data for table `menus`
--

LOCK TABLES `menus` WRITE;
/*!40000 ALTER TABLE `menus` DISABLE KEYS */;
INSERT INTO `menus` VALUES (1,'Main menu','main-menu','published','2022-08-25 18:53:08','2022-08-25 18:53:08'),(2,'Product categories','product-categories','published','2022-08-25 18:53:08','2022-08-25 18:53:08'),(3,'Information','information','published','2022-08-25 18:53:08','2022-08-25 18:53:08'),(4,'Menu chính','menu-chinh','published','2022-08-25 18:53:08','2022-08-25 18:53:08'),(5,'Product categories','danh-muc-san-pham','published','2022-08-25 18:53:08','2022-08-25 18:53:08'),(6,'Information','thong-tin','published','2022-08-25 18:53:08','2022-08-25 18:53:08');
/*!40000 ALTER TABLE `menus` ENABLE KEYS */;
UNLOCK TABLES;

--
-- Table structure for table `meta_boxes`
--

DROP TABLE IF EXISTS `meta_boxes`;
/*!40101 SET @saved_cs_client     = @@character_set_client */;
/*!50503 SET character_set_client = utf8mb4 */;
CREATE TABLE `meta_boxes` (
  `id` bigint unsigned NOT NULL AUTO_INCREMENT,
  `meta_key` varchar(255) CHARACTER SET utf8mb4 COLLATE utf8mb4_unicode_ci NOT NULL,
  `meta_value` text CHARACTER SET utf8mb4 COLLATE utf8mb4_unicode_ci,
  `reference_id` int unsigned NOT NULL,
  `reference_type` varchar(120) CHARACTER SET utf8mb4 COLLATE utf8mb4_unicode_ci NOT NULL,
  `created_at` timestamp NULL DEFAULT NULL,
  `updated_at` timestamp NULL DEFAULT NULL,
  PRIMARY KEY (`id`),
  KEY `meta_boxes_reference_id_index` (`reference_id`)
) ENGINE=InnoDB AUTO_INCREMENT=162 DEFAULT CHARSET=utf8mb4 COLLATE=utf8mb4_unicode_ci;
/*!40101 SET character_set_client = @saved_cs_client */;

--
-- Dumping data for table `meta_boxes`
--

LOCK TABLES `meta_boxes` WRITE;
/*!40000 ALTER TABLE `meta_boxes` DISABLE KEYS */;
INSERT INTO `meta_boxes` VALUES (1,'icon','[\"far fa-star\"]',1,'Botble\\Ecommerce\\Models\\ProductCategory','2022-08-25 18:51:53','2022-08-25 18:51:53'),(2,'icon','[\"wowy-font-cpu\"]',2,'Botble\\Ecommerce\\Models\\ProductCategory','2022-08-25 18:51:53','2022-08-25 18:51:53'),(3,'icon','[\"wowy-font-tshirt\"]',11,'Botble\\Ecommerce\\Models\\ProductCategory','2022-08-25 18:51:54','2022-08-25 18:51:54'),(4,'icon','[\"wowy-font-desktop\"]',12,'Botble\\Ecommerce\\Models\\ProductCategory','2022-08-25 18:51:54','2022-08-25 18:51:54'),(5,'icon','[\"wowy-font-home\"]',17,'Botble\\Ecommerce\\Models\\ProductCategory','2022-08-25 18:51:54','2022-08-25 18:51:54'),(6,'icon','[\"wowy-font-dress\"]',18,'Botble\\Ecommerce\\Models\\ProductCategory','2022-08-25 18:51:54','2022-08-25 18:51:54'),(7,'icon','[\"wowy-font-diamond\"]',19,'Botble\\Ecommerce\\Models\\ProductCategory','2022-08-25 18:51:54','2022-08-25 18:51:54'),(8,'icon','[\"far fa-microchip\"]',20,'Botble\\Ecommerce\\Models\\ProductCategory','2022-08-25 18:51:54','2022-08-25 18:51:54'),(9,'icon','[\"wowy-font-smartphone\"]',25,'Botble\\Ecommerce\\Models\\ProductCategory','2022-08-25 18:51:54','2022-08-25 18:51:54'),(10,'icon','[\"wowy-font-teddy-bear\"]',26,'Botble\\Ecommerce\\Models\\ProductCategory','2022-08-25 18:51:54','2022-08-25 18:51:54'),(11,'icon','[\"wowy-font-kite\"]',27,'Botble\\Ecommerce\\Models\\ProductCategory','2022-08-25 18:51:54','2022-08-25 18:51:54'),(12,'icon','[\"far fa-book\"]',28,'Botble\\Ecommerce\\Models\\ProductCategory','2022-08-25 18:51:54','2022-08-25 18:51:54'),(13,'icon','[\"far fa-car\"]',29,'Botble\\Ecommerce\\Models\\ProductCategory','2022-08-25 18:51:54','2022-08-25 18:51:54'),(14,'icon','[\"wowy-font-home\"]',30,'Botble\\Ecommerce\\Models\\ProductCategory','2022-08-25 18:51:54','2022-08-25 18:51:54'),(15,'layout','[\"product-right-sidebar\"]',1,'Botble\\Ecommerce\\Models\\Product','2022-08-25 18:52:35','2022-08-25 18:52:35'),(16,'faq_schema_config','[[[{\"key\":\"question\",\"value\":\"What Shipping Methods Are Available?\"},{\"key\":\"answer\",\"value\":\"Ex Portland Pitchfork irure mustache. Eutra fap before they sold out literally. Aliquip ugh bicycle rights actually mlkshk, seitan squid craft beer tempor.\"}],[{\"key\":\"question\",\"value\":\"Do You Ship Internationally?\"},{\"key\":\"answer\",\"value\":\"Hoodie tote bag mixtape tofu. Typewriter jean shorts wolf quinoa, messenger bag organic freegan cray.\"}],[{\"key\":\"question\",\"value\":\"How Long Will It Take To Get My Package?\"},{\"key\":\"answer\",\"value\":\"Swag slow-carb quinoa VHS typewriter pork belly brunch, paleo single-origin coffee Wes Anderson. Flexitarian Pitchfork forage, literally paleo fap pour-over. Wes Anderson Pinterest YOLO fanny pack meggings, deep v XOXO chambray sustainable slow-carb raw denim church-key fap chillwave Etsy. +1 typewriter kitsch, American Apparel tofu Banksy Vice.\"}],[{\"key\":\"question\",\"value\":\"What Payment Methods Are Accepted?\"},{\"key\":\"answer\",\"value\":\"Fashion axe DIY jean shorts, swag kale chips meh polaroid kogi butcher Wes Anderson chambray next level semiotics gentrify yr. Voluptate photo booth fugiat Vice. Austin sed Williamsburg, ea labore raw denim voluptate cred proident mixtape excepteur mustache. Twee chia photo booth readymade food truck, hoodie roof party swag keytar PBR DIY.\"}],[{\"key\":\"question\",\"value\":\"Is Buying On-Line Safe?\"},{\"key\":\"answer\",\"value\":\"Art party authentic freegan semiotics jean shorts chia cred. Neutra Austin roof party Brooklyn, synth Thundercats swag 8-bit photo booth. Plaid letterpress leggings craft beer meh ethical Pinterest.\"}]]]',1,'Botble\\Ecommerce\\Models\\Product','2022-08-25 18:52:35','2022-08-25 18:52:35'),(17,'layout','[\"product-left-sidebar\"]',2,'Botble\\Ecommerce\\Models\\Product','2022-08-25 18:52:35','2022-08-25 18:52:35'),(18,'faq_schema_config','[[[{\"key\":\"question\",\"value\":\"What Shipping Methods Are Available?\"},{\"key\":\"answer\",\"value\":\"Ex Portland Pitchfork irure mustache. Eutra fap before they sold out literally. Aliquip ugh bicycle rights actually mlkshk, seitan squid craft beer tempor.\"}],[{\"key\":\"question\",\"value\":\"Do You Ship Internationally?\"},{\"key\":\"answer\",\"value\":\"Hoodie tote bag mixtape tofu. Typewriter jean shorts wolf quinoa, messenger bag organic freegan cray.\"}],[{\"key\":\"question\",\"value\":\"How Long Will It Take To Get My Package?\"},{\"key\":\"answer\",\"value\":\"Swag slow-carb quinoa VHS typewriter pork belly brunch, paleo single-origin coffee Wes Anderson. Flexitarian Pitchfork forage, literally paleo fap pour-over. Wes Anderson Pinterest YOLO fanny pack meggings, deep v XOXO chambray sustainable slow-carb raw denim church-key fap chillwave Etsy. +1 typewriter kitsch, American Apparel tofu Banksy Vice.\"}],[{\"key\":\"question\",\"value\":\"What Payment Methods Are Accepted?\"},{\"key\":\"answer\",\"value\":\"Fashion axe DIY jean shorts, swag kale chips meh polaroid kogi butcher Wes Anderson chambray next level semiotics gentrify yr. Voluptate photo booth fugiat Vice. Austin sed Williamsburg, ea labore raw denim voluptate cred proident mixtape excepteur mustache. Twee chia photo booth readymade food truck, hoodie roof party swag keytar PBR DIY.\"}],[{\"key\":\"question\",\"value\":\"Is Buying On-Line Safe?\"},{\"key\":\"answer\",\"value\":\"Art party authentic freegan semiotics jean shorts chia cred. Neutra Austin roof party Brooklyn, synth Thundercats swag 8-bit photo booth. Plaid letterpress leggings craft beer meh ethical Pinterest.\"}]]]',2,'Botble\\Ecommerce\\Models\\Product','2022-08-25 18:52:35','2022-08-25 18:52:35'),(19,'layout','[\"product-full-width\"]',3,'Botble\\Ecommerce\\Models\\Product','2022-08-25 18:52:35','2022-08-25 18:52:35'),(20,'faq_schema_config','[[[{\"key\":\"question\",\"value\":\"What Shipping Methods Are Available?\"},{\"key\":\"answer\",\"value\":\"Ex Portland Pitchfork irure mustache. Eutra fap before they sold out literally. Aliquip ugh bicycle rights actually mlkshk, seitan squid craft beer tempor.\"}],[{\"key\":\"question\",\"value\":\"Do You Ship Internationally?\"},{\"key\":\"answer\",\"value\":\"Hoodie tote bag mixtape tofu. Typewriter jean shorts wolf quinoa, messenger bag organic freegan cray.\"}],[{\"key\":\"question\",\"value\":\"How Long Will It Take To Get My Package?\"},{\"key\":\"answer\",\"value\":\"Swag slow-carb quinoa VHS typewriter pork belly brunch, paleo single-origin coffee Wes Anderson. Flexitarian Pitchfork forage, literally paleo fap pour-over. Wes Anderson Pinterest YOLO fanny pack meggings, deep v XOXO chambray sustainable slow-carb raw denim church-key fap chillwave Etsy. +1 typewriter kitsch, American Apparel tofu Banksy Vice.\"}],[{\"key\":\"question\",\"value\":\"What Payment Methods Are Accepted?\"},{\"key\":\"answer\",\"value\":\"Fashion axe DIY jean shorts, swag kale chips meh polaroid kogi butcher Wes Anderson chambray next level semiotics gentrify yr. Voluptate photo booth fugiat Vice. Austin sed Williamsburg, ea labore raw denim voluptate cred proident mixtape excepteur mustache. Twee chia photo booth readymade food truck, hoodie roof party swag keytar PBR DIY.\"}],[{\"key\":\"question\",\"value\":\"Is Buying On-Line Safe?\"},{\"key\":\"answer\",\"value\":\"Art party authentic freegan semiotics jean shorts chia cred. Neutra Austin roof party Brooklyn, synth Thundercats swag 8-bit photo booth. Plaid letterpress leggings craft beer meh ethical Pinterest.\"}]]]',3,'Botble\\Ecommerce\\Models\\Product','2022-08-25 18:52:35','2022-08-25 18:52:35'),(21,'faq_schema_config','[[[{\"key\":\"question\",\"value\":\"What Shipping Methods Are Available?\"},{\"key\":\"answer\",\"value\":\"Ex Portland Pitchfork irure mustache. Eutra fap before they sold out literally. Aliquip ugh bicycle rights actually mlkshk, seitan squid craft beer tempor.\"}],[{\"key\":\"question\",\"value\":\"Do You Ship Internationally?\"},{\"key\":\"answer\",\"value\":\"Hoodie tote bag mixtape tofu. Typewriter jean shorts wolf quinoa, messenger bag organic freegan cray.\"}],[{\"key\":\"question\",\"value\":\"How Long Will It Take To Get My Package?\"},{\"key\":\"answer\",\"value\":\"Swag slow-carb quinoa VHS typewriter pork belly brunch, paleo single-origin coffee Wes Anderson. Flexitarian Pitchfork forage, literally paleo fap pour-over. Wes Anderson Pinterest YOLO fanny pack meggings, deep v XOXO chambray sustainable slow-carb raw denim church-key fap chillwave Etsy. +1 typewriter kitsch, American Apparel tofu Banksy Vice.\"}],[{\"key\":\"question\",\"value\":\"What Payment Methods Are Accepted?\"},{\"key\":\"answer\",\"value\":\"Fashion axe DIY jean shorts, swag kale chips meh polaroid kogi butcher Wes Anderson chambray next level semiotics gentrify yr. Voluptate photo booth fugiat Vice. Austin sed Williamsburg, ea labore raw denim voluptate cred proident mixtape excepteur mustache. Twee chia photo booth readymade food truck, hoodie roof party swag keytar PBR DIY.\"}],[{\"key\":\"question\",\"value\":\"Is Buying On-Line Safe?\"},{\"key\":\"answer\",\"value\":\"Art party authentic freegan semiotics jean shorts chia cred. Neutra Austin roof party Brooklyn, synth Thundercats swag 8-bit photo booth. Plaid letterpress leggings craft beer meh ethical Pinterest.\"}]]]',4,'Botble\\Ecommerce\\Models\\Product','2022-08-25 18:52:35','2022-08-25 18:52:35'),(22,'faq_schema_config','[[[{\"key\":\"question\",\"value\":\"What Shipping Methods Are Available?\"},{\"key\":\"answer\",\"value\":\"Ex Portland Pitchfork irure mustache. Eutra fap before they sold out literally. Aliquip ugh bicycle rights actually mlkshk, seitan squid craft beer tempor.\"}],[{\"key\":\"question\",\"value\":\"Do You Ship Internationally?\"},{\"key\":\"answer\",\"value\":\"Hoodie tote bag mixtape tofu. Typewriter jean shorts wolf quinoa, messenger bag organic freegan cray.\"}],[{\"key\":\"question\",\"value\":\"How Long Will It Take To Get My Package?\"},{\"key\":\"answer\",\"value\":\"Swag slow-carb quinoa VHS typewriter pork belly brunch, paleo single-origin coffee Wes Anderson. Flexitarian Pitchfork forage, literally paleo fap pour-over. Wes Anderson Pinterest YOLO fanny pack meggings, deep v XOXO chambray sustainable slow-carb raw denim church-key fap chillwave Etsy. +1 typewriter kitsch, American Apparel tofu Banksy Vice.\"}],[{\"key\":\"question\",\"value\":\"What Payment Methods Are Accepted?\"},{\"key\":\"answer\",\"value\":\"Fashion axe DIY jean shorts, swag kale chips meh polaroid kogi butcher Wes Anderson chambray next level semiotics gentrify yr. Voluptate photo booth fugiat Vice. Austin sed Williamsburg, ea labore raw denim voluptate cred proident mixtape excepteur mustache. Twee chia photo booth readymade food truck, hoodie roof party swag keytar PBR DIY.\"}],[{\"key\":\"question\",\"value\":\"Is Buying On-Line Safe?\"},{\"key\":\"answer\",\"value\":\"Art party authentic freegan semiotics jean shorts chia cred. Neutra Austin roof party Brooklyn, synth Thundercats swag 8-bit photo booth. Plaid letterpress leggings craft beer meh ethical Pinterest.\"}]]]',5,'Botble\\Ecommerce\\Models\\Product','2022-08-25 18:52:35','2022-08-25 18:52:35'),(23,'faq_schema_config','[[[{\"key\":\"question\",\"value\":\"What Shipping Methods Are Available?\"},{\"key\":\"answer\",\"value\":\"Ex Portland Pitchfork irure mustache. Eutra fap before they sold out literally. Aliquip ugh bicycle rights actually mlkshk, seitan squid craft beer tempor.\"}],[{\"key\":\"question\",\"value\":\"Do You Ship Internationally?\"},{\"key\":\"answer\",\"value\":\"Hoodie tote bag mixtape tofu. Typewriter jean shorts wolf quinoa, messenger bag organic freegan cray.\"}],[{\"key\":\"question\",\"value\":\"How Long Will It Take To Get My Package?\"},{\"key\":\"answer\",\"value\":\"Swag slow-carb quinoa VHS typewriter pork belly brunch, paleo single-origin coffee Wes Anderson. Flexitarian Pitchfork forage, literally paleo fap pour-over. Wes Anderson Pinterest YOLO fanny pack meggings, deep v XOXO chambray sustainable slow-carb raw denim church-key fap chillwave Etsy. +1 typewriter kitsch, American Apparel tofu Banksy Vice.\"}],[{\"key\":\"question\",\"value\":\"What Payment Methods Are Accepted?\"},{\"key\":\"answer\",\"value\":\"Fashion axe DIY jean shorts, swag kale chips meh polaroid kogi butcher Wes Anderson chambray next level semiotics gentrify yr. Voluptate photo booth fugiat Vice. Austin sed Williamsburg, ea labore raw denim voluptate cred proident mixtape excepteur mustache. Twee chia photo booth readymade food truck, hoodie roof party swag keytar PBR DIY.\"}],[{\"key\":\"question\",\"value\":\"Is Buying On-Line Safe?\"},{\"key\":\"answer\",\"value\":\"Art party authentic freegan semiotics jean shorts chia cred. Neutra Austin roof party Brooklyn, synth Thundercats swag 8-bit photo booth. Plaid letterpress leggings craft beer meh ethical Pinterest.\"}]]]',6,'Botble\\Ecommerce\\Models\\Product','2022-08-25 18:52:35','2022-08-25 18:52:35'),(24,'faq_schema_config','[[[{\"key\":\"question\",\"value\":\"What Shipping Methods Are Available?\"},{\"key\":\"answer\",\"value\":\"Ex Portland Pitchfork irure mustache. Eutra fap before they sold out literally. Aliquip ugh bicycle rights actually mlkshk, seitan squid craft beer tempor.\"}],[{\"key\":\"question\",\"value\":\"Do You Ship Internationally?\"},{\"key\":\"answer\",\"value\":\"Hoodie tote bag mixtape tofu. Typewriter jean shorts wolf quinoa, messenger bag organic freegan cray.\"}],[{\"key\":\"question\",\"value\":\"How Long Will It Take To Get My Package?\"},{\"key\":\"answer\",\"value\":\"Swag slow-carb quinoa VHS typewriter pork belly brunch, paleo single-origin coffee Wes Anderson. Flexitarian Pitchfork forage, literally paleo fap pour-over. Wes Anderson Pinterest YOLO fanny pack meggings, deep v XOXO chambray sustainable slow-carb raw denim church-key fap chillwave Etsy. +1 typewriter kitsch, American Apparel tofu Banksy Vice.\"}],[{\"key\":\"question\",\"value\":\"What Payment Methods Are Accepted?\"},{\"key\":\"answer\",\"value\":\"Fashion axe DIY jean shorts, swag kale chips meh polaroid kogi butcher Wes Anderson chambray next level semiotics gentrify yr. Voluptate photo booth fugiat Vice. Austin sed Williamsburg, ea labore raw denim voluptate cred proident mixtape excepteur mustache. Twee chia photo booth readymade food truck, hoodie roof party swag keytar PBR DIY.\"}],[{\"key\":\"question\",\"value\":\"Is Buying On-Line Safe?\"},{\"key\":\"answer\",\"value\":\"Art party authentic freegan semiotics jean shorts chia cred. Neutra Austin roof party Brooklyn, synth Thundercats swag 8-bit photo booth. Plaid letterpress leggings craft beer meh ethical Pinterest.\"}]]]',7,'Botble\\Ecommerce\\Models\\Product','2022-08-25 18:52:35','2022-08-25 18:52:35'),(25,'faq_schema_config','[[[{\"key\":\"question\",\"value\":\"What Shipping Methods Are Available?\"},{\"key\":\"answer\",\"value\":\"Ex Portland Pitchfork irure mustache. Eutra fap before they sold out literally. Aliquip ugh bicycle rights actually mlkshk, seitan squid craft beer tempor.\"}],[{\"key\":\"question\",\"value\":\"Do You Ship Internationally?\"},{\"key\":\"answer\",\"value\":\"Hoodie tote bag mixtape tofu. Typewriter jean shorts wolf quinoa, messenger bag organic freegan cray.\"}],[{\"key\":\"question\",\"value\":\"How Long Will It Take To Get My Package?\"},{\"key\":\"answer\",\"value\":\"Swag slow-carb quinoa VHS typewriter pork belly brunch, paleo single-origin coffee Wes Anderson. Flexitarian Pitchfork forage, literally paleo fap pour-over. Wes Anderson Pinterest YOLO fanny pack meggings, deep v XOXO chambray sustainable slow-carb raw denim church-key fap chillwave Etsy. +1 typewriter kitsch, American Apparel tofu Banksy Vice.\"}],[{\"key\":\"question\",\"value\":\"What Payment Methods Are Accepted?\"},{\"key\":\"answer\",\"value\":\"Fashion axe DIY jean shorts, swag kale chips meh polaroid kogi butcher Wes Anderson chambray next level semiotics gentrify yr. Voluptate photo booth fugiat Vice. Austin sed Williamsburg, ea labore raw denim voluptate cred proident mixtape excepteur mustache. Twee chia photo booth readymade food truck, hoodie roof party swag keytar PBR DIY.\"}],[{\"key\":\"question\",\"value\":\"Is Buying On-Line Safe?\"},{\"key\":\"answer\",\"value\":\"Art party authentic freegan semiotics jean shorts chia cred. Neutra Austin roof party Brooklyn, synth Thundercats swag 8-bit photo booth. Plaid letterpress leggings craft beer meh ethical Pinterest.\"}]]]',8,'Botble\\Ecommerce\\Models\\Product','2022-08-25 18:52:35','2022-08-25 18:52:35'),(26,'faq_schema_config','[[[{\"key\":\"question\",\"value\":\"What Shipping Methods Are Available?\"},{\"key\":\"answer\",\"value\":\"Ex Portland Pitchfork irure mustache. Eutra fap before they sold out literally. Aliquip ugh bicycle rights actually mlkshk, seitan squid craft beer tempor.\"}],[{\"key\":\"question\",\"value\":\"Do You Ship Internationally?\"},{\"key\":\"answer\",\"value\":\"Hoodie tote bag mixtape tofu. Typewriter jean shorts wolf quinoa, messenger bag organic freegan cray.\"}],[{\"key\":\"question\",\"value\":\"How Long Will It Take To Get My Package?\"},{\"key\":\"answer\",\"value\":\"Swag slow-carb quinoa VHS typewriter pork belly brunch, paleo single-origin coffee Wes Anderson. Flexitarian Pitchfork forage, literally paleo fap pour-over. Wes Anderson Pinterest YOLO fanny pack meggings, deep v XOXO chambray sustainable slow-carb raw denim church-key fap chillwave Etsy. +1 typewriter kitsch, American Apparel tofu Banksy Vice.\"}],[{\"key\":\"question\",\"value\":\"What Payment Methods Are Accepted?\"},{\"key\":\"answer\",\"value\":\"Fashion axe DIY jean shorts, swag kale chips meh polaroid kogi butcher Wes Anderson chambray next level semiotics gentrify yr. Voluptate photo booth fugiat Vice. Austin sed Williamsburg, ea labore raw denim voluptate cred proident mixtape excepteur mustache. Twee chia photo booth readymade food truck, hoodie roof party swag keytar PBR DIY.\"}],[{\"key\":\"question\",\"value\":\"Is Buying On-Line Safe?\"},{\"key\":\"answer\",\"value\":\"Art party authentic freegan semiotics jean shorts chia cred. Neutra Austin roof party Brooklyn, synth Thundercats swag 8-bit photo booth. Plaid letterpress leggings craft beer meh ethical Pinterest.\"}]]]',9,'Botble\\Ecommerce\\Models\\Product','2022-08-25 18:52:35','2022-08-25 18:52:35'),(27,'faq_schema_config','[[[{\"key\":\"question\",\"value\":\"What Shipping Methods Are Available?\"},{\"key\":\"answer\",\"value\":\"Ex Portland Pitchfork irure mustache. Eutra fap before they sold out literally. Aliquip ugh bicycle rights actually mlkshk, seitan squid craft beer tempor.\"}],[{\"key\":\"question\",\"value\":\"Do You Ship Internationally?\"},{\"key\":\"answer\",\"value\":\"Hoodie tote bag mixtape tofu. Typewriter jean shorts wolf quinoa, messenger bag organic freegan cray.\"}],[{\"key\":\"question\",\"value\":\"How Long Will It Take To Get My Package?\"},{\"key\":\"answer\",\"value\":\"Swag slow-carb quinoa VHS typewriter pork belly brunch, paleo single-origin coffee Wes Anderson. Flexitarian Pitchfork forage, literally paleo fap pour-over. Wes Anderson Pinterest YOLO fanny pack meggings, deep v XOXO chambray sustainable slow-carb raw denim church-key fap chillwave Etsy. +1 typewriter kitsch, American Apparel tofu Banksy Vice.\"}],[{\"key\":\"question\",\"value\":\"What Payment Methods Are Accepted?\"},{\"key\":\"answer\",\"value\":\"Fashion axe DIY jean shorts, swag kale chips meh polaroid kogi butcher Wes Anderson chambray next level semiotics gentrify yr. Voluptate photo booth fugiat Vice. Austin sed Williamsburg, ea labore raw denim voluptate cred proident mixtape excepteur mustache. Twee chia photo booth readymade food truck, hoodie roof party swag keytar PBR DIY.\"}],[{\"key\":\"question\",\"value\":\"Is Buying On-Line Safe?\"},{\"key\":\"answer\",\"value\":\"Art party authentic freegan semiotics jean shorts chia cred. Neutra Austin roof party Brooklyn, synth Thundercats swag 8-bit photo booth. Plaid letterpress leggings craft beer meh ethical Pinterest.\"}]]]',10,'Botble\\Ecommerce\\Models\\Product','2022-08-25 18:52:36','2022-08-25 18:52:36'),(28,'faq_schema_config','[[[{\"key\":\"question\",\"value\":\"What Shipping Methods Are Available?\"},{\"key\":\"answer\",\"value\":\"Ex Portland Pitchfork irure mustache. Eutra fap before they sold out literally. Aliquip ugh bicycle rights actually mlkshk, seitan squid craft beer tempor.\"}],[{\"key\":\"question\",\"value\":\"Do You Ship Internationally?\"},{\"key\":\"answer\",\"value\":\"Hoodie tote bag mixtape tofu. Typewriter jean shorts wolf quinoa, messenger bag organic freegan cray.\"}],[{\"key\":\"question\",\"value\":\"How Long Will It Take To Get My Package?\"},{\"key\":\"answer\",\"value\":\"Swag slow-carb quinoa VHS typewriter pork belly brunch, paleo single-origin coffee Wes Anderson. Flexitarian Pitchfork forage, literally paleo fap pour-over. Wes Anderson Pinterest YOLO fanny pack meggings, deep v XOXO chambray sustainable slow-carb raw denim church-key fap chillwave Etsy. +1 typewriter kitsch, American Apparel tofu Banksy Vice.\"}],[{\"key\":\"question\",\"value\":\"What Payment Methods Are Accepted?\"},{\"key\":\"answer\",\"value\":\"Fashion axe DIY jean shorts, swag kale chips meh polaroid kogi butcher Wes Anderson chambray next level semiotics gentrify yr. Voluptate photo booth fugiat Vice. Austin sed Williamsburg, ea labore raw denim voluptate cred proident mixtape excepteur mustache. Twee chia photo booth readymade food truck, hoodie roof party swag keytar PBR DIY.\"}],[{\"key\":\"question\",\"value\":\"Is Buying On-Line Safe?\"},{\"key\":\"answer\",\"value\":\"Art party authentic freegan semiotics jean shorts chia cred. Neutra Austin roof party Brooklyn, synth Thundercats swag 8-bit photo booth. Plaid letterpress leggings craft beer meh ethical Pinterest.\"}]]]',11,'Botble\\Ecommerce\\Models\\Product','2022-08-25 18:52:36','2022-08-25 18:52:36'),(29,'faq_schema_config','[[[{\"key\":\"question\",\"value\":\"What Shipping Methods Are Available?\"},{\"key\":\"answer\",\"value\":\"Ex Portland Pitchfork irure mustache. Eutra fap before they sold out literally. Aliquip ugh bicycle rights actually mlkshk, seitan squid craft beer tempor.\"}],[{\"key\":\"question\",\"value\":\"Do You Ship Internationally?\"},{\"key\":\"answer\",\"value\":\"Hoodie tote bag mixtape tofu. Typewriter jean shorts wolf quinoa, messenger bag organic freegan cray.\"}],[{\"key\":\"question\",\"value\":\"How Long Will It Take To Get My Package?\"},{\"key\":\"answer\",\"value\":\"Swag slow-carb quinoa VHS typewriter pork belly brunch, paleo single-origin coffee Wes Anderson. Flexitarian Pitchfork forage, literally paleo fap pour-over. Wes Anderson Pinterest YOLO fanny pack meggings, deep v XOXO chambray sustainable slow-carb raw denim church-key fap chillwave Etsy. +1 typewriter kitsch, American Apparel tofu Banksy Vice.\"}],[{\"key\":\"question\",\"value\":\"What Payment Methods Are Accepted?\"},{\"key\":\"answer\",\"value\":\"Fashion axe DIY jean shorts, swag kale chips meh polaroid kogi butcher Wes Anderson chambray next level semiotics gentrify yr. Voluptate photo booth fugiat Vice. Austin sed Williamsburg, ea labore raw denim voluptate cred proident mixtape excepteur mustache. Twee chia photo booth readymade food truck, hoodie roof party swag keytar PBR DIY.\"}],[{\"key\":\"question\",\"value\":\"Is Buying On-Line Safe?\"},{\"key\":\"answer\",\"value\":\"Art party authentic freegan semiotics jean shorts chia cred. Neutra Austin roof party Brooklyn, synth Thundercats swag 8-bit photo booth. Plaid letterpress leggings craft beer meh ethical Pinterest.\"}]]]',12,'Botble\\Ecommerce\\Models\\Product','2022-08-25 18:52:36','2022-08-25 18:52:36'),(30,'faq_schema_config','[[[{\"key\":\"question\",\"value\":\"What Shipping Methods Are Available?\"},{\"key\":\"answer\",\"value\":\"Ex Portland Pitchfork irure mustache. Eutra fap before they sold out literally. Aliquip ugh bicycle rights actually mlkshk, seitan squid craft beer tempor.\"}],[{\"key\":\"question\",\"value\":\"Do You Ship Internationally?\"},{\"key\":\"answer\",\"value\":\"Hoodie tote bag mixtape tofu. Typewriter jean shorts wolf quinoa, messenger bag organic freegan cray.\"}],[{\"key\":\"question\",\"value\":\"How Long Will It Take To Get My Package?\"},{\"key\":\"answer\",\"value\":\"Swag slow-carb quinoa VHS typewriter pork belly brunch, paleo single-origin coffee Wes Anderson. Flexitarian Pitchfork forage, literally paleo fap pour-over. Wes Anderson Pinterest YOLO fanny pack meggings, deep v XOXO chambray sustainable slow-carb raw denim church-key fap chillwave Etsy. +1 typewriter kitsch, American Apparel tofu Banksy Vice.\"}],[{\"key\":\"question\",\"value\":\"What Payment Methods Are Accepted?\"},{\"key\":\"answer\",\"value\":\"Fashion axe DIY jean shorts, swag kale chips meh polaroid kogi butcher Wes Anderson chambray next level semiotics gentrify yr. Voluptate photo booth fugiat Vice. Austin sed Williamsburg, ea labore raw denim voluptate cred proident mixtape excepteur mustache. Twee chia photo booth readymade food truck, hoodie roof party swag keytar PBR DIY.\"}],[{\"key\":\"question\",\"value\":\"Is Buying On-Line Safe?\"},{\"key\":\"answer\",\"value\":\"Art party authentic freegan semiotics jean shorts chia cred. Neutra Austin roof party Brooklyn, synth Thundercats swag 8-bit photo booth. Plaid letterpress leggings craft beer meh ethical Pinterest.\"}]]]',13,'Botble\\Ecommerce\\Models\\Product','2022-08-25 18:52:36','2022-08-25 18:52:36'),(31,'faq_schema_config','[[[{\"key\":\"question\",\"value\":\"What Shipping Methods Are Available?\"},{\"key\":\"answer\",\"value\":\"Ex Portland Pitchfork irure mustache. Eutra fap before they sold out literally. Aliquip ugh bicycle rights actually mlkshk, seitan squid craft beer tempor.\"}],[{\"key\":\"question\",\"value\":\"Do You Ship Internationally?\"},{\"key\":\"answer\",\"value\":\"Hoodie tote bag mixtape tofu. Typewriter jean shorts wolf quinoa, messenger bag organic freegan cray.\"}],[{\"key\":\"question\",\"value\":\"How Long Will It Take To Get My Package?\"},{\"key\":\"answer\",\"value\":\"Swag slow-carb quinoa VHS typewriter pork belly brunch, paleo single-origin coffee Wes Anderson. Flexitarian Pitchfork forage, literally paleo fap pour-over. Wes Anderson Pinterest YOLO fanny pack meggings, deep v XOXO chambray sustainable slow-carb raw denim church-key fap chillwave Etsy. +1 typewriter kitsch, American Apparel tofu Banksy Vice.\"}],[{\"key\":\"question\",\"value\":\"What Payment Methods Are Accepted?\"},{\"key\":\"answer\",\"value\":\"Fashion axe DIY jean shorts, swag kale chips meh polaroid kogi butcher Wes Anderson chambray next level semiotics gentrify yr. Voluptate photo booth fugiat Vice. Austin sed Williamsburg, ea labore raw denim voluptate cred proident mixtape excepteur mustache. Twee chia photo booth readymade food truck, hoodie roof party swag keytar PBR DIY.\"}],[{\"key\":\"question\",\"value\":\"Is Buying On-Line Safe?\"},{\"key\":\"answer\",\"value\":\"Art party authentic freegan semiotics jean shorts chia cred. Neutra Austin roof party Brooklyn, synth Thundercats swag 8-bit photo booth. Plaid letterpress leggings craft beer meh ethical Pinterest.\"}]]]',14,'Botble\\Ecommerce\\Models\\Product','2022-08-25 18:52:36','2022-08-25 18:52:36'),(32,'faq_schema_config','[[[{\"key\":\"question\",\"value\":\"What Shipping Methods Are Available?\"},{\"key\":\"answer\",\"value\":\"Ex Portland Pitchfork irure mustache. Eutra fap before they sold out literally. Aliquip ugh bicycle rights actually mlkshk, seitan squid craft beer tempor.\"}],[{\"key\":\"question\",\"value\":\"Do You Ship Internationally?\"},{\"key\":\"answer\",\"value\":\"Hoodie tote bag mixtape tofu. Typewriter jean shorts wolf quinoa, messenger bag organic freegan cray.\"}],[{\"key\":\"question\",\"value\":\"How Long Will It Take To Get My Package?\"},{\"key\":\"answer\",\"value\":\"Swag slow-carb quinoa VHS typewriter pork belly brunch, paleo single-origin coffee Wes Anderson. Flexitarian Pitchfork forage, literally paleo fap pour-over. Wes Anderson Pinterest YOLO fanny pack meggings, deep v XOXO chambray sustainable slow-carb raw denim church-key fap chillwave Etsy. +1 typewriter kitsch, American Apparel tofu Banksy Vice.\"}],[{\"key\":\"question\",\"value\":\"What Payment Methods Are Accepted?\"},{\"key\":\"answer\",\"value\":\"Fashion axe DIY jean shorts, swag kale chips meh polaroid kogi butcher Wes Anderson chambray next level semiotics gentrify yr. Voluptate photo booth fugiat Vice. Austin sed Williamsburg, ea labore raw denim voluptate cred proident mixtape excepteur mustache. Twee chia photo booth readymade food truck, hoodie roof party swag keytar PBR DIY.\"}],[{\"key\":\"question\",\"value\":\"Is Buying On-Line Safe?\"},{\"key\":\"answer\",\"value\":\"Art party authentic freegan semiotics jean shorts chia cred. Neutra Austin roof party Brooklyn, synth Thundercats swag 8-bit photo booth. Plaid letterpress leggings craft beer meh ethical Pinterest.\"}]]]',15,'Botble\\Ecommerce\\Models\\Product','2022-08-25 18:52:36','2022-08-25 18:52:36'),(33,'faq_schema_config','[[[{\"key\":\"question\",\"value\":\"What Shipping Methods Are Available?\"},{\"key\":\"answer\",\"value\":\"Ex Portland Pitchfork irure mustache. Eutra fap before they sold out literally. Aliquip ugh bicycle rights actually mlkshk, seitan squid craft beer tempor.\"}],[{\"key\":\"question\",\"value\":\"Do You Ship Internationally?\"},{\"key\":\"answer\",\"value\":\"Hoodie tote bag mixtape tofu. Typewriter jean shorts wolf quinoa, messenger bag organic freegan cray.\"}],[{\"key\":\"question\",\"value\":\"How Long Will It Take To Get My Package?\"},{\"key\":\"answer\",\"value\":\"Swag slow-carb quinoa VHS typewriter pork belly brunch, paleo single-origin coffee Wes Anderson. Flexitarian Pitchfork forage, literally paleo fap pour-over. Wes Anderson Pinterest YOLO fanny pack meggings, deep v XOXO chambray sustainable slow-carb raw denim church-key fap chillwave Etsy. +1 typewriter kitsch, American Apparel tofu Banksy Vice.\"}],[{\"key\":\"question\",\"value\":\"What Payment Methods Are Accepted?\"},{\"key\":\"answer\",\"value\":\"Fashion axe DIY jean shorts, swag kale chips meh polaroid kogi butcher Wes Anderson chambray next level semiotics gentrify yr. Voluptate photo booth fugiat Vice. Austin sed Williamsburg, ea labore raw denim voluptate cred proident mixtape excepteur mustache. Twee chia photo booth readymade food truck, hoodie roof party swag keytar PBR DIY.\"}],[{\"key\":\"question\",\"value\":\"Is Buying On-Line Safe?\"},{\"key\":\"answer\",\"value\":\"Art party authentic freegan semiotics jean shorts chia cred. Neutra Austin roof party Brooklyn, synth Thundercats swag 8-bit photo booth. Plaid letterpress leggings craft beer meh ethical Pinterest.\"}]]]',16,'Botble\\Ecommerce\\Models\\Product','2022-08-25 18:52:36','2022-08-25 18:52:36'),(34,'faq_schema_config','[[[{\"key\":\"question\",\"value\":\"What Shipping Methods Are Available?\"},{\"key\":\"answer\",\"value\":\"Ex Portland Pitchfork irure mustache. Eutra fap before they sold out literally. Aliquip ugh bicycle rights actually mlkshk, seitan squid craft beer tempor.\"}],[{\"key\":\"question\",\"value\":\"Do You Ship Internationally?\"},{\"key\":\"answer\",\"value\":\"Hoodie tote bag mixtape tofu. Typewriter jean shorts wolf quinoa, messenger bag organic freegan cray.\"}],[{\"key\":\"question\",\"value\":\"How Long Will It Take To Get My Package?\"},{\"key\":\"answer\",\"value\":\"Swag slow-carb quinoa VHS typewriter pork belly brunch, paleo single-origin coffee Wes Anderson. Flexitarian Pitchfork forage, literally paleo fap pour-over. Wes Anderson Pinterest YOLO fanny pack meggings, deep v XOXO chambray sustainable slow-carb raw denim church-key fap chillwave Etsy. +1 typewriter kitsch, American Apparel tofu Banksy Vice.\"}],[{\"key\":\"question\",\"value\":\"What Payment Methods Are Accepted?\"},{\"key\":\"answer\",\"value\":\"Fashion axe DIY jean shorts, swag kale chips meh polaroid kogi butcher Wes Anderson chambray next level semiotics gentrify yr. Voluptate photo booth fugiat Vice. Austin sed Williamsburg, ea labore raw denim voluptate cred proident mixtape excepteur mustache. Twee chia photo booth readymade food truck, hoodie roof party swag keytar PBR DIY.\"}],[{\"key\":\"question\",\"value\":\"Is Buying On-Line Safe?\"},{\"key\":\"answer\",\"value\":\"Art party authentic freegan semiotics jean shorts chia cred. Neutra Austin roof party Brooklyn, synth Thundercats swag 8-bit photo booth. Plaid letterpress leggings craft beer meh ethical Pinterest.\"}]]]',17,'Botble\\Ecommerce\\Models\\Product','2022-08-25 18:52:36','2022-08-25 18:52:36'),(35,'faq_schema_config','[[[{\"key\":\"question\",\"value\":\"What Shipping Methods Are Available?\"},{\"key\":\"answer\",\"value\":\"Ex Portland Pitchfork irure mustache. Eutra fap before they sold out literally. Aliquip ugh bicycle rights actually mlkshk, seitan squid craft beer tempor.\"}],[{\"key\":\"question\",\"value\":\"Do You Ship Internationally?\"},{\"key\":\"answer\",\"value\":\"Hoodie tote bag mixtape tofu. Typewriter jean shorts wolf quinoa, messenger bag organic freegan cray.\"}],[{\"key\":\"question\",\"value\":\"How Long Will It Take To Get My Package?\"},{\"key\":\"answer\",\"value\":\"Swag slow-carb quinoa VHS typewriter pork belly brunch, paleo single-origin coffee Wes Anderson. Flexitarian Pitchfork forage, literally paleo fap pour-over. Wes Anderson Pinterest YOLO fanny pack meggings, deep v XOXO chambray sustainable slow-carb raw denim church-key fap chillwave Etsy. +1 typewriter kitsch, American Apparel tofu Banksy Vice.\"}],[{\"key\":\"question\",\"value\":\"What Payment Methods Are Accepted?\"},{\"key\":\"answer\",\"value\":\"Fashion axe DIY jean shorts, swag kale chips meh polaroid kogi butcher Wes Anderson chambray next level semiotics gentrify yr. Voluptate photo booth fugiat Vice. Austin sed Williamsburg, ea labore raw denim voluptate cred proident mixtape excepteur mustache. Twee chia photo booth readymade food truck, hoodie roof party swag keytar PBR DIY.\"}],[{\"key\":\"question\",\"value\":\"Is Buying On-Line Safe?\"},{\"key\":\"answer\",\"value\":\"Art party authentic freegan semiotics jean shorts chia cred. Neutra Austin roof party Brooklyn, synth Thundercats swag 8-bit photo booth. Plaid letterpress leggings craft beer meh ethical Pinterest.\"}]]]',18,'Botble\\Ecommerce\\Models\\Product','2022-08-25 18:52:36','2022-08-25 18:52:36'),(36,'faq_schema_config','[[[{\"key\":\"question\",\"value\":\"What Shipping Methods Are Available?\"},{\"key\":\"answer\",\"value\":\"Ex Portland Pitchfork irure mustache. Eutra fap before they sold out literally. Aliquip ugh bicycle rights actually mlkshk, seitan squid craft beer tempor.\"}],[{\"key\":\"question\",\"value\":\"Do You Ship Internationally?\"},{\"key\":\"answer\",\"value\":\"Hoodie tote bag mixtape tofu. Typewriter jean shorts wolf quinoa, messenger bag organic freegan cray.\"}],[{\"key\":\"question\",\"value\":\"How Long Will It Take To Get My Package?\"},{\"key\":\"answer\",\"value\":\"Swag slow-carb quinoa VHS typewriter pork belly brunch, paleo single-origin coffee Wes Anderson. Flexitarian Pitchfork forage, literally paleo fap pour-over. Wes Anderson Pinterest YOLO fanny pack meggings, deep v XOXO chambray sustainable slow-carb raw denim church-key fap chillwave Etsy. +1 typewriter kitsch, American Apparel tofu Banksy Vice.\"}],[{\"key\":\"question\",\"value\":\"What Payment Methods Are Accepted?\"},{\"key\":\"answer\",\"value\":\"Fashion axe DIY jean shorts, swag kale chips meh polaroid kogi butcher Wes Anderson chambray next level semiotics gentrify yr. Voluptate photo booth fugiat Vice. Austin sed Williamsburg, ea labore raw denim voluptate cred proident mixtape excepteur mustache. Twee chia photo booth readymade food truck, hoodie roof party swag keytar PBR DIY.\"}],[{\"key\":\"question\",\"value\":\"Is Buying On-Line Safe?\"},{\"key\":\"answer\",\"value\":\"Art party authentic freegan semiotics jean shorts chia cred. Neutra Austin roof party Brooklyn, synth Thundercats swag 8-bit photo booth. Plaid letterpress leggings craft beer meh ethical Pinterest.\"}]]]',19,'Botble\\Ecommerce\\Models\\Product','2022-08-25 18:52:36','2022-08-25 18:52:36'),(37,'faq_schema_config','[[[{\"key\":\"question\",\"value\":\"What Shipping Methods Are Available?\"},{\"key\":\"answer\",\"value\":\"Ex Portland Pitchfork irure mustache. Eutra fap before they sold out literally. Aliquip ugh bicycle rights actually mlkshk, seitan squid craft beer tempor.\"}],[{\"key\":\"question\",\"value\":\"Do You Ship Internationally?\"},{\"key\":\"answer\",\"value\":\"Hoodie tote bag mixtape tofu. Typewriter jean shorts wolf quinoa, messenger bag organic freegan cray.\"}],[{\"key\":\"question\",\"value\":\"How Long Will It Take To Get My Package?\"},{\"key\":\"answer\",\"value\":\"Swag slow-carb quinoa VHS typewriter pork belly brunch, paleo single-origin coffee Wes Anderson. Flexitarian Pitchfork forage, literally paleo fap pour-over. Wes Anderson Pinterest YOLO fanny pack meggings, deep v XOXO chambray sustainable slow-carb raw denim church-key fap chillwave Etsy. +1 typewriter kitsch, American Apparel tofu Banksy Vice.\"}],[{\"key\":\"question\",\"value\":\"What Payment Methods Are Accepted?\"},{\"key\":\"answer\",\"value\":\"Fashion axe DIY jean shorts, swag kale chips meh polaroid kogi butcher Wes Anderson chambray next level semiotics gentrify yr. Voluptate photo booth fugiat Vice. Austin sed Williamsburg, ea labore raw denim voluptate cred proident mixtape excepteur mustache. Twee chia photo booth readymade food truck, hoodie roof party swag keytar PBR DIY.\"}],[{\"key\":\"question\",\"value\":\"Is Buying On-Line Safe?\"},{\"key\":\"answer\",\"value\":\"Art party authentic freegan semiotics jean shorts chia cred. Neutra Austin roof party Brooklyn, synth Thundercats swag 8-bit photo booth. Plaid letterpress leggings craft beer meh ethical Pinterest.\"}]]]',20,'Botble\\Ecommerce\\Models\\Product','2022-08-25 18:52:36','2022-08-25 18:52:36'),(38,'faq_schema_config','[[[{\"key\":\"question\",\"value\":\"What Shipping Methods Are Available?\"},{\"key\":\"answer\",\"value\":\"Ex Portland Pitchfork irure mustache. Eutra fap before they sold out literally. Aliquip ugh bicycle rights actually mlkshk, seitan squid craft beer tempor.\"}],[{\"key\":\"question\",\"value\":\"Do You Ship Internationally?\"},{\"key\":\"answer\",\"value\":\"Hoodie tote bag mixtape tofu. Typewriter jean shorts wolf quinoa, messenger bag organic freegan cray.\"}],[{\"key\":\"question\",\"value\":\"How Long Will It Take To Get My Package?\"},{\"key\":\"answer\",\"value\":\"Swag slow-carb quinoa VHS typewriter pork belly brunch, paleo single-origin coffee Wes Anderson. Flexitarian Pitchfork forage, literally paleo fap pour-over. Wes Anderson Pinterest YOLO fanny pack meggings, deep v XOXO chambray sustainable slow-carb raw denim church-key fap chillwave Etsy. +1 typewriter kitsch, American Apparel tofu Banksy Vice.\"}],[{\"key\":\"question\",\"value\":\"What Payment Methods Are Accepted?\"},{\"key\":\"answer\",\"value\":\"Fashion axe DIY jean shorts, swag kale chips meh polaroid kogi butcher Wes Anderson chambray next level semiotics gentrify yr. Voluptate photo booth fugiat Vice. Austin sed Williamsburg, ea labore raw denim voluptate cred proident mixtape excepteur mustache. Twee chia photo booth readymade food truck, hoodie roof party swag keytar PBR DIY.\"}],[{\"key\":\"question\",\"value\":\"Is Buying On-Line Safe?\"},{\"key\":\"answer\",\"value\":\"Art party authentic freegan semiotics jean shorts chia cred. Neutra Austin roof party Brooklyn, synth Thundercats swag 8-bit photo booth. Plaid letterpress leggings craft beer meh ethical Pinterest.\"}]]]',21,'Botble\\Ecommerce\\Models\\Product','2022-08-25 18:52:36','2022-08-25 18:52:36'),(39,'faq_schema_config','[[[{\"key\":\"question\",\"value\":\"What Shipping Methods Are Available?\"},{\"key\":\"answer\",\"value\":\"Ex Portland Pitchfork irure mustache. Eutra fap before they sold out literally. Aliquip ugh bicycle rights actually mlkshk, seitan squid craft beer tempor.\"}],[{\"key\":\"question\",\"value\":\"Do You Ship Internationally?\"},{\"key\":\"answer\",\"value\":\"Hoodie tote bag mixtape tofu. Typewriter jean shorts wolf quinoa, messenger bag organic freegan cray.\"}],[{\"key\":\"question\",\"value\":\"How Long Will It Take To Get My Package?\"},{\"key\":\"answer\",\"value\":\"Swag slow-carb quinoa VHS typewriter pork belly brunch, paleo single-origin coffee Wes Anderson. Flexitarian Pitchfork forage, literally paleo fap pour-over. Wes Anderson Pinterest YOLO fanny pack meggings, deep v XOXO chambray sustainable slow-carb raw denim church-key fap chillwave Etsy. +1 typewriter kitsch, American Apparel tofu Banksy Vice.\"}],[{\"key\":\"question\",\"value\":\"What Payment Methods Are Accepted?\"},{\"key\":\"answer\",\"value\":\"Fashion axe DIY jean shorts, swag kale chips meh polaroid kogi butcher Wes Anderson chambray next level semiotics gentrify yr. Voluptate photo booth fugiat Vice. Austin sed Williamsburg, ea labore raw denim voluptate cred proident mixtape excepteur mustache. Twee chia photo booth readymade food truck, hoodie roof party swag keytar PBR DIY.\"}],[{\"key\":\"question\",\"value\":\"Is Buying On-Line Safe?\"},{\"key\":\"answer\",\"value\":\"Art party authentic freegan semiotics jean shorts chia cred. Neutra Austin roof party Brooklyn, synth Thundercats swag 8-bit photo booth. Plaid letterpress leggings craft beer meh ethical Pinterest.\"}]]]',22,'Botble\\Ecommerce\\Models\\Product','2022-08-25 18:52:36','2022-08-25 18:52:36'),(40,'faq_schema_config','[[[{\"key\":\"question\",\"value\":\"What Shipping Methods Are Available?\"},{\"key\":\"answer\",\"value\":\"Ex Portland Pitchfork irure mustache. Eutra fap before they sold out literally. Aliquip ugh bicycle rights actually mlkshk, seitan squid craft beer tempor.\"}],[{\"key\":\"question\",\"value\":\"Do You Ship Internationally?\"},{\"key\":\"answer\",\"value\":\"Hoodie tote bag mixtape tofu. Typewriter jean shorts wolf quinoa, messenger bag organic freegan cray.\"}],[{\"key\":\"question\",\"value\":\"How Long Will It Take To Get My Package?\"},{\"key\":\"answer\",\"value\":\"Swag slow-carb quinoa VHS typewriter pork belly brunch, paleo single-origin coffee Wes Anderson. Flexitarian Pitchfork forage, literally paleo fap pour-over. Wes Anderson Pinterest YOLO fanny pack meggings, deep v XOXO chambray sustainable slow-carb raw denim church-key fap chillwave Etsy. +1 typewriter kitsch, American Apparel tofu Banksy Vice.\"}],[{\"key\":\"question\",\"value\":\"What Payment Methods Are Accepted?\"},{\"key\":\"answer\",\"value\":\"Fashion axe DIY jean shorts, swag kale chips meh polaroid kogi butcher Wes Anderson chambray next level semiotics gentrify yr. Voluptate photo booth fugiat Vice. Austin sed Williamsburg, ea labore raw denim voluptate cred proident mixtape excepteur mustache. Twee chia photo booth readymade food truck, hoodie roof party swag keytar PBR DIY.\"}],[{\"key\":\"question\",\"value\":\"Is Buying On-Line Safe?\"},{\"key\":\"answer\",\"value\":\"Art party authentic freegan semiotics jean shorts chia cred. Neutra Austin roof party Brooklyn, synth Thundercats swag 8-bit photo booth. Plaid letterpress leggings craft beer meh ethical Pinterest.\"}]]]',23,'Botble\\Ecommerce\\Models\\Product','2022-08-25 18:52:36','2022-08-25 18:52:36'),(41,'faq_schema_config','[[[{\"key\":\"question\",\"value\":\"What Shipping Methods Are Available?\"},{\"key\":\"answer\",\"value\":\"Ex Portland Pitchfork irure mustache. Eutra fap before they sold out literally. Aliquip ugh bicycle rights actually mlkshk, seitan squid craft beer tempor.\"}],[{\"key\":\"question\",\"value\":\"Do You Ship Internationally?\"},{\"key\":\"answer\",\"value\":\"Hoodie tote bag mixtape tofu. Typewriter jean shorts wolf quinoa, messenger bag organic freegan cray.\"}],[{\"key\":\"question\",\"value\":\"How Long Will It Take To Get My Package?\"},{\"key\":\"answer\",\"value\":\"Swag slow-carb quinoa VHS typewriter pork belly brunch, paleo single-origin coffee Wes Anderson. Flexitarian Pitchfork forage, literally paleo fap pour-over. Wes Anderson Pinterest YOLO fanny pack meggings, deep v XOXO chambray sustainable slow-carb raw denim church-key fap chillwave Etsy. +1 typewriter kitsch, American Apparel tofu Banksy Vice.\"}],[{\"key\":\"question\",\"value\":\"What Payment Methods Are Accepted?\"},{\"key\":\"answer\",\"value\":\"Fashion axe DIY jean shorts, swag kale chips meh polaroid kogi butcher Wes Anderson chambray next level semiotics gentrify yr. Voluptate photo booth fugiat Vice. Austin sed Williamsburg, ea labore raw denim voluptate cred proident mixtape excepteur mustache. Twee chia photo booth readymade food truck, hoodie roof party swag keytar PBR DIY.\"}],[{\"key\":\"question\",\"value\":\"Is Buying On-Line Safe?\"},{\"key\":\"answer\",\"value\":\"Art party authentic freegan semiotics jean shorts chia cred. Neutra Austin roof party Brooklyn, synth Thundercats swag 8-bit photo booth. Plaid letterpress leggings craft beer meh ethical Pinterest.\"}]]]',24,'Botble\\Ecommerce\\Models\\Product','2022-08-25 18:52:36','2022-08-25 18:52:36'),(50,'button_text','[\"Shop now\"]',1,'Botble\\SimpleSlider\\Models\\SimpleSliderItem','2022-08-25 18:52:57','2022-08-25 18:52:57'),(51,'subtitle','[\"Trade-In Offer\"]',1,'Botble\\SimpleSlider\\Models\\SimpleSliderItem','2022-08-25 18:52:57','2022-08-25 18:52:57'),(52,'highlight_text','[\"On All Products\"]',1,'Botble\\SimpleSlider\\Models\\SimpleSliderItem','2022-08-25 18:52:57','2022-08-25 18:52:57'),(53,'button_text','[\"Discover now\"]',2,'Botble\\SimpleSlider\\Models\\SimpleSliderItem','2022-08-25 18:52:57','2022-08-25 18:52:57'),(54,'subtitle','[\"Tech Promotions\"]',2,'Botble\\SimpleSlider\\Models\\SimpleSliderItem','2022-08-25 18:52:57','2022-08-25 18:52:57'),(55,'highlight_text','[\"Great Collection\"]',2,'Botble\\SimpleSlider\\Models\\SimpleSliderItem','2022-08-25 18:52:57','2022-08-25 18:52:57'),(56,'button_text','[\"Shop now\"]',3,'Botble\\SimpleSlider\\Models\\SimpleSliderItem','2022-08-25 18:52:57','2022-08-25 18:52:57'),(57,'subtitle','[\"Upcoming Offer\"]',3,'Botble\\SimpleSlider\\Models\\SimpleSliderItem','2022-08-25 18:52:57','2022-08-25 18:52:57'),(58,'highlight_text','[\"Manufacturer\"]',3,'Botble\\SimpleSlider\\Models\\SimpleSliderItem','2022-08-25 18:52:57','2022-08-25 18:52:57'),(59,'simple_slider_style','[\"style-2\"]',2,'Botble\\SimpleSlider\\Models\\SimpleSlider','2022-08-25 18:52:57','2022-08-25 18:52:57'),(60,'button_text','[\"Shop now\"]',4,'Botble\\SimpleSlider\\Models\\SimpleSliderItem','2022-08-25 18:52:57','2022-08-25 18:52:57'),(61,'subtitle','[\"Trade-In Offer\"]',4,'Botble\\SimpleSlider\\Models\\SimpleSliderItem','2022-08-25 18:52:57','2022-08-25 18:52:57'),(62,'highlight_text','[\"On All Products\"]',4,'Botble\\SimpleSlider\\Models\\SimpleSliderItem','2022-08-25 18:52:57','2022-08-25 18:52:57'),(63,'button_text','[\"Discover now\"]',5,'Botble\\SimpleSlider\\Models\\SimpleSliderItem','2022-08-25 18:52:57','2022-08-25 18:52:57'),(64,'subtitle','[\"Tech Promotions\"]',5,'Botble\\SimpleSlider\\Models\\SimpleSliderItem','2022-08-25 18:52:57','2022-08-25 18:52:57'),(65,'highlight_text','[\"Great Collection\"]',5,'Botble\\SimpleSlider\\Models\\SimpleSliderItem','2022-08-25 18:52:57','2022-08-25 18:52:57'),(66,'button_text','[\"Shop now\"]',6,'Botble\\SimpleSlider\\Models\\SimpleSliderItem','2022-08-25 18:52:57','2022-08-25 18:52:57'),(67,'subtitle','[\"Upcoming Offer\"]',6,'Botble\\SimpleSlider\\Models\\SimpleSliderItem','2022-08-25 18:52:57','2022-08-25 18:52:57'),(68,'highlight_text','[\"Manufacturer\"]',6,'Botble\\SimpleSlider\\Models\\SimpleSliderItem','2022-08-25 18:52:57','2022-08-25 18:52:57'),(69,'simple_slider_style','[\"style-3\"]',3,'Botble\\SimpleSlider\\Models\\SimpleSlider','2022-08-25 18:52:57','2022-08-25 18:52:57'),(70,'button_text','[\"Shop now\"]',7,'Botble\\SimpleSlider\\Models\\SimpleSliderItem','2022-08-25 18:52:57','2022-08-25 18:52:57'),(71,'subtitle','[\"Trade-In Offer\"]',7,'Botble\\SimpleSlider\\Models\\SimpleSliderItem','2022-08-25 18:52:57','2022-08-25 18:52:57'),(72,'highlight_text','[\"On All Products\"]',7,'Botble\\SimpleSlider\\Models\\SimpleSliderItem','2022-08-25 18:52:57','2022-08-25 18:52:57'),(73,'button_text','[\"Discover now\"]',8,'Botble\\SimpleSlider\\Models\\SimpleSliderItem','2022-08-25 18:52:57','2022-08-25 18:52:57'),(74,'subtitle','[\"Tech Promotions\"]',8,'Botble\\SimpleSlider\\Models\\SimpleSliderItem','2022-08-25 18:52:57','2022-08-25 18:52:57'),(75,'highlight_text','[\"Great Collection\"]',8,'Botble\\SimpleSlider\\Models\\SimpleSliderItem','2022-08-25 18:52:57','2022-08-25 18:52:57'),(76,'simple_slider_style','[\"style-4\"]',4,'Botble\\SimpleSlider\\Models\\SimpleSlider','2022-08-25 18:52:57','2022-08-25 18:52:57'),(77,'button_text','[\"Shop now\"]',9,'Botble\\SimpleSlider\\Models\\SimpleSliderItem','2022-08-25 18:52:57','2022-08-25 18:52:57'),(78,'subtitle','[\"Trade-In Offer\"]',9,'Botble\\SimpleSlider\\Models\\SimpleSliderItem','2022-08-25 18:52:57','2022-08-25 18:52:57'),(79,'highlight_text','[\"On All Products\"]',9,'Botble\\SimpleSlider\\Models\\SimpleSliderItem','2022-08-25 18:52:57','2022-08-25 18:52:57'),(80,'button_text','[\"Discover now\"]',10,'Botble\\SimpleSlider\\Models\\SimpleSliderItem','2022-08-25 18:52:57','2022-08-25 18:52:57'),(81,'subtitle','[\"Tech Promotions\"]',10,'Botble\\SimpleSlider\\Models\\SimpleSliderItem','2022-08-25 18:52:57','2022-08-25 18:52:57'),(82,'highlight_text','[\"Great Collection\"]',10,'Botble\\SimpleSlider\\Models\\SimpleSliderItem','2022-08-25 18:52:57','2022-08-25 18:52:57'),(83,'button_text','[\"Shop now\"]',11,'Botble\\SimpleSlider\\Models\\SimpleSliderItem','2022-08-25 18:52:57','2022-08-25 18:52:57'),(84,'subtitle','[\"Upcoming Offer\"]',11,'Botble\\SimpleSlider\\Models\\SimpleSliderItem','2022-08-25 18:52:57','2022-08-25 18:52:57'),(85,'highlight_text','[\"Manufacturer\"]',11,'Botble\\SimpleSlider\\Models\\SimpleSliderItem','2022-08-25 18:52:57','2022-08-25 18:52:57'),(86,'button_text','[\"Mua ngay\"]',12,'Botble\\SimpleSlider\\Models\\SimpleSliderItem','2022-08-25 18:52:57','2022-08-25 18:52:57'),(87,'subtitle','[\"Khuy\\u1ebfn m\\u00e3i\"]',12,'Botble\\SimpleSlider\\Models\\SimpleSliderItem','2022-08-25 18:52:57','2022-08-25 18:52:57'),(88,'highlight_text','[\"T\\u1ea5t c\\u1ea3 s\\u1ea3n ph\\u1ea9m\"]',12,'Botble\\SimpleSlider\\Models\\SimpleSliderItem','2022-08-25 18:52:57','2022-08-25 18:52:57'),(89,'button_text','[\"Kh\\u00e1m ph\\u00e1 ngay\"]',13,'Botble\\SimpleSlider\\Models\\SimpleSliderItem','2022-08-25 18:52:57','2022-08-25 18:52:57'),(90,'subtitle','[\"Khuy\\u1ebfn m\\u00e3i s\\u1ea3n ph\\u1ea9m c\\u00f4ng ngh\\u1ec7\"]',13,'Botble\\SimpleSlider\\Models\\SimpleSliderItem','2022-08-25 18:52:57','2022-08-25 18:52:57'),(91,'highlight_text','[\"B\\u1ed9 s\\u01b0u t\\u1eadp t\\u1ed1t nh\\u1ea5t\"]',13,'Botble\\SimpleSlider\\Models\\SimpleSliderItem','2022-08-25 18:52:57','2022-08-25 18:52:57'),(92,'button_text','[\"Mua ngay\"]',14,'Botble\\SimpleSlider\\Models\\SimpleSliderItem','2022-08-25 18:52:57','2022-08-25 18:52:57'),(93,'subtitle','[\"Khuy\\u1ebfn m\\u00e3i s\\u1eafp t\\u1edbi\"]',14,'Botble\\SimpleSlider\\Models\\SimpleSliderItem','2022-08-25 18:52:57','2022-08-25 18:52:57'),(94,'highlight_text','[\"Nh\\u00e0 cung c\\u1ea5p\"]',14,'Botble\\SimpleSlider\\Models\\SimpleSliderItem','2022-08-25 18:52:57','2022-08-25 18:52:57'),(95,'simple_slider_style','[\"style-2\"]',6,'Botble\\SimpleSlider\\Models\\SimpleSlider','2022-08-25 18:52:57','2022-08-25 18:52:57'),(96,'button_text','[\"Mua ngay\"]',15,'Botble\\SimpleSlider\\Models\\SimpleSliderItem','2022-08-25 18:52:57','2022-08-25 18:52:57'),(97,'subtitle','[\"Khuy\\u1ebfn m\\u00e3i\"]',15,'Botble\\SimpleSlider\\Models\\SimpleSliderItem','2022-08-25 18:52:57','2022-08-25 18:52:57'),(98,'highlight_text','[\"T\\u1ea5t c\\u1ea3 s\\u1ea3n ph\\u1ea9m\"]',15,'Botble\\SimpleSlider\\Models\\SimpleSliderItem','2022-08-25 18:52:57','2022-08-25 18:52:57'),(99,'button_text','[\"Kh\\u00e1m ph\\u00e1 ngay\"]',16,'Botble\\SimpleSlider\\Models\\SimpleSliderItem','2022-08-25 18:52:57','2022-08-25 18:52:57'),(100,'subtitle','[\"Khuy\\u1ebfn m\\u00e3i s\\u1ea3n ph\\u1ea9m c\\u00f4ng ngh\\u1ec7\"]',16,'Botble\\SimpleSlider\\Models\\SimpleSliderItem','2022-08-25 18:52:57','2022-08-25 18:52:57'),(101,'highlight_text','[\"B\\u1ed9 s\\u01b0u t\\u1eadp t\\u1ed1t nh\\u1ea5t\"]',16,'Botble\\SimpleSlider\\Models\\SimpleSliderItem','2022-08-25 18:52:57','2022-08-25 18:52:57'),(102,'button_text','[\"Mua ngay\"]',17,'Botble\\SimpleSlider\\Models\\SimpleSliderItem','2022-08-25 18:52:57','2022-08-25 18:52:57'),(103,'subtitle','[\"Khuy\\u1ebfn m\\u00e3i s\\u1eafp t\\u1edbi\"]',17,'Botble\\SimpleSlider\\Models\\SimpleSliderItem','2022-08-25 18:52:57','2022-08-25 18:52:57'),(104,'highlight_text','[\"Nh\\u00e0 cung c\\u1ea5p\"]',17,'Botble\\SimpleSlider\\Models\\SimpleSliderItem','2022-08-25 18:52:57','2022-08-25 18:52:57'),(105,'simple_slider_style','[\"style-3\"]',7,'Botble\\SimpleSlider\\Models\\SimpleSlider','2022-08-25 18:52:57','2022-08-25 18:52:57'),(106,'button_text','[\"Mua ngay\"]',18,'Botble\\SimpleSlider\\Models\\SimpleSliderItem','2022-08-25 18:52:57','2022-08-25 18:52:57'),(107,'subtitle','[\"Khuy\\u1ebfn m\\u00e3i\"]',18,'Botble\\SimpleSlider\\Models\\SimpleSliderItem','2022-08-25 18:52:57','2022-08-25 18:52:57'),(108,'highlight_text','[\"T\\u1ea5t c\\u1ea3 s\\u1ea3n ph\\u1ea9m\"]',18,'Botble\\SimpleSlider\\Models\\SimpleSliderItem','2022-08-25 18:52:57','2022-08-25 18:52:57'),(109,'button_text','[\"Kh\\u00e1m ph\\u00e1 ngay\"]',19,'Botble\\SimpleSlider\\Models\\SimpleSliderItem','2022-08-25 18:52:57','2022-08-25 18:52:57'),(110,'subtitle','[\"Khuy\\u1ebfn m\\u00e3i s\\u1ea3n ph\\u1ea9m c\\u00f4ng ngh\\u1ec7\"]',19,'Botble\\SimpleSlider\\Models\\SimpleSliderItem','2022-08-25 18:52:57','2022-08-25 18:52:57'),(111,'highlight_text','[\"B\\u1ed9 s\\u01b0u t\\u1eadp t\\u1ed1t nh\\u1ea5t\"]',19,'Botble\\SimpleSlider\\Models\\SimpleSliderItem','2022-08-25 18:52:57','2022-08-25 18:52:57'),(112,'simple_slider_style','[\"style-4\"]',8,'Botble\\SimpleSlider\\Models\\SimpleSlider','2022-08-25 18:52:57','2022-08-25 18:52:57'),(113,'button_text','[\"Mua ngay\"]',20,'Botble\\SimpleSlider\\Models\\SimpleSliderItem','2022-08-25 18:52:57','2022-08-25 18:52:57'),(114,'subtitle','[\"Khuy\\u1ebfn m\\u00e3i\"]',20,'Botble\\SimpleSlider\\Models\\SimpleSliderItem','2022-08-25 18:52:57','2022-08-25 18:52:57'),(115,'highlight_text','[\"T\\u1ea5t c\\u1ea3 s\\u1ea3n ph\\u1ea9m\"]',20,'Botble\\SimpleSlider\\Models\\SimpleSliderItem','2022-08-25 18:52:57','2022-08-25 18:52:57'),(116,'button_text','[\"Kh\\u00e1m ph\\u00e1 ngay\"]',21,'Botble\\SimpleSlider\\Models\\SimpleSliderItem','2022-08-25 18:52:57','2022-08-25 18:52:57'),(117,'subtitle','[\"Khuy\\u1ebfn m\\u00e3i s\\u1ea3n ph\\u1ea9m c\\u00f4ng ngh\\u1ec7\"]',21,'Botble\\SimpleSlider\\Models\\SimpleSliderItem','2022-08-25 18:52:58','2022-08-25 18:52:58'),(118,'highlight_text','[\"B\\u1ed9 s\\u01b0u t\\u1eadp t\\u1ed1t nh\\u1ea5t\"]',21,'Botble\\SimpleSlider\\Models\\SimpleSliderItem','2022-08-25 18:52:58','2022-08-25 18:52:58'),(119,'button_text','[\"Mua ngay\"]',22,'Botble\\SimpleSlider\\Models\\SimpleSliderItem','2022-08-25 18:52:58','2022-08-25 18:52:58'),(120,'subtitle','[\"Khuy\\u1ebfn m\\u00e3i s\\u1eafp t\\u1edbi\"]',22,'Botble\\SimpleSlider\\Models\\SimpleSliderItem','2022-08-25 18:52:58','2022-08-25 18:52:58'),(121,'highlight_text','[\"Nh\\u00e0 cung c\\u1ea5p\"]',22,'Botble\\SimpleSlider\\Models\\SimpleSliderItem','2022-08-25 18:52:58','2022-08-25 18:52:58'),(122,'layout','[\"blog-post-right-sidebar\"]',1,'Botble\\Blog\\Models\\Post','2022-08-25 18:53:03','2022-08-25 18:53:03'),(123,'layout','[\"blog-post-left-sidebar\"]',2,'Botble\\Blog\\Models\\Post','2022-08-25 18:53:03','2022-08-25 18:53:03'),(124,'layout','[\"blog-post-full-width\"]',3,'Botble\\Blog\\Models\\Post','2022-08-25 18:53:03','2022-08-25 18:53:03'),(125,'layout','[\"blog-post-full-width\"]',4,'Botble\\Blog\\Models\\Post','2022-08-25 18:53:03','2022-08-25 18:53:03'),(126,'header_style','[\"header-style-2\"]',2,'Botble\\Page\\Models\\Page','2022-08-25 18:53:04','2022-08-25 18:53:04'),(127,'expanding_product_categories_on_the_homepage','[\"yes\"]',2,'Botble\\Page\\Models\\Page','2022-08-25 18:53:04','2022-08-25 18:53:04'),(128,'header_style','[\"header-style-3\"]',3,'Botble\\Page\\Models\\Page','2022-08-25 18:53:04','2022-08-25 18:53:04'),(129,'header_style','[\"header-style-4\"]',4,'Botble\\Page\\Models\\Page','2022-08-25 18:53:04','2022-08-25 18:53:04'),(130,'button_text','[\"Shop now\"]',1,'Botble\\Ads\\Models\\Ads','2022-08-25 18:53:07','2022-08-25 18:53:07'),(131,'subtitle','[\"Save 20% on\\niPhone 12\"]',1,'Botble\\Ads\\Models\\Ads','2022-08-25 18:53:07','2022-08-25 18:53:07'),(132,'button_text','[\"Shop now\"]',2,'Botble\\Ads\\Models\\Ads','2022-08-25 18:53:07','2022-08-25 18:53:07'),(133,'subtitle','[\"Great Camera\\nCollection\"]',2,'Botble\\Ads\\Models\\Ads','2022-08-25 18:53:07','2022-08-25 18:53:07'),(134,'button_text','[\"Shop now\"]',3,'Botble\\Ads\\Models\\Ads','2022-08-25 18:53:07','2022-08-25 18:53:07'),(135,'subtitle','[\"Shop Today\\u2019s\\nDeals & Offers\"]',3,'Botble\\Ads\\Models\\Ads','2022-08-25 18:53:07','2022-08-25 18:53:07'),(136,'button_text','[\"Shop now\"]',4,'Botble\\Ads\\Models\\Ads','2022-08-25 18:53:07','2022-08-25 18:53:07'),(137,'subtitle','[\"Save 17% on\\nAssus Laptop\"]',4,'Botble\\Ads\\Models\\Ads','2022-08-25 18:53:07','2022-08-25 18:53:07'),(138,'button_text','[\"Shop now\"]',5,'Botble\\Ads\\Models\\Ads','2022-08-25 18:53:07','2022-08-25 18:53:07'),(139,'subtitle','[\"Save 20% on\\niPhone 12\"]',5,'Botble\\Ads\\Models\\Ads','2022-08-25 18:53:07','2022-08-25 18:53:07'),(140,'button_text','[\"Learn more\"]',6,'Botble\\Ads\\Models\\Ads','2022-08-25 18:53:07','2022-08-25 18:53:07'),(141,'subtitle','[\"We\'re an Apple\\nAuthorised Service Provider\"]',6,'Botble\\Ads\\Models\\Ads','2022-08-25 18:53:07','2022-08-25 18:53:07'),(142,'vi_subtitle','[\"Save 20% on\\niPhone 12\"]',1,'Botble\\Ads\\Models\\Ads','2022-08-25 18:53:07','2022-08-25 18:53:07'),(143,'vi_button_text','[\"Shop now\"]',1,'Botble\\Ads\\Models\\Ads','2022-08-25 18:53:07','2022-08-25 18:53:07'),(144,'vi_subtitle','[\"Great Camera\\nCollection\"]',2,'Botble\\Ads\\Models\\Ads','2022-08-25 18:53:07','2022-08-25 18:53:07'),(145,'vi_button_text','[\"Shop now\"]',2,'Botble\\Ads\\Models\\Ads','2022-08-25 18:53:07','2022-08-25 18:53:07'),(146,'vi_subtitle','[\"Shop Today\\u2019s\\nDeals & Offers\"]',3,'Botble\\Ads\\Models\\Ads','2022-08-25 18:53:07','2022-08-25 18:53:07'),(147,'vi_button_text','[\"Shop now\"]',3,'Botble\\Ads\\Models\\Ads','2022-08-25 18:53:07','2022-08-25 18:53:07'),(148,'vi_subtitle','[\"Save 17% on\\nAssus Laptop\"]',4,'Botble\\Ads\\Models\\Ads','2022-08-25 18:53:07','2022-08-25 18:53:07'),(149,'vi_button_text','[\"Shop now\"]',4,'Botble\\Ads\\Models\\Ads','2022-08-25 18:53:07','2022-08-25 18:53:07'),(150,'vi_subtitle','[\"Save 20% on\\niPhone 12\"]',5,'Botble\\Ads\\Models\\Ads','2022-08-25 18:53:07','2022-08-25 18:53:07'),(151,'vi_button_text','[\"Shop now\"]',5,'Botble\\Ads\\Models\\Ads','2022-08-25 18:53:07','2022-08-25 18:53:07'),(152,'vi_subtitle','[\"We\'re an Apple\\nAuthorised Service Provider\"]',6,'Botble\\Ads\\Models\\Ads','2022-08-25 18:53:07','2022-08-25 18:53:07'),(153,'vi_button_text','[\"Learn more\"]',6,'Botble\\Ads\\Models\\Ads','2022-08-25 18:53:07','2022-08-25 18:53:07'),(154,'subtitle','[\"Limited quantities.\"]',1,'Botble\\Ecommerce\\Models\\FlashSale','2022-09-10 03:29:49','2022-09-10 03:29:49'),(155,'image','[\"flash-sales\\/1.jpg\"]',1,'Botble\\Ecommerce\\Models\\FlashSale','2022-09-10 03:29:49','2022-09-10 03:29:49'),(156,'subtitle','[\"Computers & Laptop\"]',2,'Botble\\Ecommerce\\Models\\FlashSale','2022-09-10 03:29:49','2022-09-10 03:29:49'),(157,'image','[\"flash-sales\\/2.jpg\"]',2,'Botble\\Ecommerce\\Models\\FlashSale','2022-09-10 03:29:49','2022-09-10 03:29:49'),(158,'vi_subtitle','[\"Gi\\u1edbi h\\u1ea1n s\\u1ed1 l\\u01b0\\u1ee3ng\"]',1,'Botble\\Ecommerce\\Models\\FlashSale','2022-09-10 03:29:49','2022-09-10 03:29:49'),(159,'vi_image','[\"flash-sales\\/1.jpg\"]',1,'Botble\\Ecommerce\\Models\\FlashSale','2022-09-10 03:29:49','2022-09-10 03:29:49'),(160,'vi_subtitle','[\"M\\u00e1y t\\u00ednh b\\u00e0n & Laptop\"]',2,'Botble\\Ecommerce\\Models\\FlashSale','2022-09-10 03:29:49','2022-09-10 03:29:49'),(161,'vi_image','[\"flash-sales\\/2.jpg\"]',2,'Botble\\Ecommerce\\Models\\FlashSale','2022-09-10 03:29:49','2022-09-10 03:29:49');
/*!40000 ALTER TABLE `meta_boxes` ENABLE KEYS */;
UNLOCK TABLES;

--
-- Table structure for table `migrations`
--

DROP TABLE IF EXISTS `migrations`;
/*!40101 SET @saved_cs_client     = @@character_set_client */;
/*!50503 SET character_set_client = utf8mb4 */;
CREATE TABLE `migrations` (
  `id` int unsigned NOT NULL AUTO_INCREMENT,
  `migration` varchar(191) CHARACTER SET utf8mb4 COLLATE utf8mb4_unicode_ci NOT NULL,
  `batch` int NOT NULL,
  PRIMARY KEY (`id`)
) ENGINE=InnoDB AUTO_INCREMENT=83 DEFAULT CHARSET=utf8mb4 COLLATE=utf8mb4_unicode_ci;
/*!40101 SET character_set_client = @saved_cs_client */;

--
-- Dumping data for table `migrations`
--

LOCK TABLES `migrations` WRITE;
/*!40000 ALTER TABLE `migrations` DISABLE KEYS */;
INSERT INTO `migrations` VALUES (1,'2013_04_09_032329_create_base_tables',1),(2,'2013_04_09_062329_create_revisions_table',1),(3,'2014_10_12_000000_create_users_table',1),(4,'2014_10_12_100000_create_password_resets_table',1),(5,'2015_06_18_033822_create_blog_table',1),(6,'2015_06_29_025744_create_audit_history',1),(7,'2016_06_10_230148_create_acl_tables',1),(8,'2016_06_14_230857_create_menus_table',1),(9,'2016_06_17_091537_create_contacts_table',1),(10,'2016_06_28_221418_create_pages_table',1),(11,'2016_10_03_032336_create_languages_table',1),(12,'2016_10_05_074239_create_setting_table',1),(13,'2016_10_07_193005_create_translations_table',1),(14,'2016_11_28_032840_create_dashboard_widget_tables',1),(15,'2016_12_16_084601_create_widgets_table',1),(16,'2017_05_09_070343_create_media_tables',1),(17,'2017_05_18_080441_create_payment_tables',1),(18,'2017_07_11_140018_create_simple_slider_table',1),(19,'2017_10_24_154832_create_newsletter_table',1),(20,'2017_11_03_070450_create_slug_table',1),(21,'2018_07_09_221238_create_faq_table',1),(22,'2019_01_05_053554_create_jobs_table',1),(23,'2019_08_19_000000_create_failed_jobs_table',1),(24,'2019_11_18_061011_create_country_table',1),(25,'2019_12_14_000001_create_personal_access_tokens_table',1),(26,'2020_03_05_041139_create_ecommerce_tables',1),(27,'2020_11_18_150916_ads_create_ads_table',1),(28,'2021_01_01_044147_ecommerce_create_flash_sale_table',1),(29,'2021_01_17_082713_add_column_is_featured_to_product_collections_table',1),(30,'2021_01_18_024333_add_zip_code_into_table_customer_addresses',1),(31,'2021_02_16_092633_remove_default_value_for_author_type',1),(32,'2021_02_18_073505_update_table_ec_reviews',1),(33,'2021_03_10_024419_add_column_confirmed_at_to_table_ec_customers',1),(34,'2021_03_10_025153_change_column_tax_amount',1),(35,'2021_03_20_033103_add_column_availability_to_table_ec_products',1),(36,'2021_03_27_144913_add_customer_type_into_table_payments',1),(37,'2021_04_28_074008_ecommerce_create_product_label_table',1),(38,'2021_05_24_034720_make_column_currency_nullable',1),(39,'2021_05_31_173037_ecommerce_create_ec_products_translations',1),(40,'2021_06_28_153141_correct_slugs_data',1),(41,'2021_08_02_084121_fix_old_shortcode',1),(42,'2021_08_09_161302_add_metadata_column_to_payments_table',1),(43,'2021_08_17_105016_remove_column_currency_id_in_some_tables',1),(44,'2021_08_30_142128_add_images_column_to_ec_reviews_table',1),(45,'2021_09_01_115151_remove_unused_fields_in_ec_products',1),(46,'2021_10_04_030050_add_column_created_by_to_table_ec_products',1),(47,'2021_10_05_122616_add_status_column_to_ec_customers_table',1),(48,'2021_10_19_020859_update_metadata_field',1),(49,'2021_10_25_021023_fix-priority-load-for-language-advanced',1),(50,'2021_11_03_025806_nullable_phone_number_in_ec_customer_addresses',1),(51,'2021_11_23_071403_correct_languages_for_product_variations',1),(52,'2021_11_28_031808_add_product_tags_translations',1),(53,'2021_12_01_031123_add_featured_image_to_ec_products',1),(54,'2021_12_02_035301_add_ads_translations_table',1),(55,'2021_12_03_030600_create_blog_translations',1),(56,'2021_12_03_075608_create_page_translations',1),(57,'2021_12_03_082134_create_faq_translations',1),(58,'2021_12_03_084118_create_location_translations',1),(59,'2021_12_03_094518_migrate_old_location_data',1),(60,'2021_12_10_034440_switch_plugin_location_to_use_language_advanced',1),(61,'2022_01_01_033107_update_table_ec_shipments',1),(62,'2022_01_16_085908_improve_plugin_location',1),(63,'2022_02_16_042457_improve_product_attribute_sets',1),(64,'2022_03_22_075758_correct_product_name',1),(65,'2022_04_19_113334_add_index_to_ec_products',1),(66,'2022_04_19_113923_add_index_to_table_posts',1),(67,'2022_04_20_100851_add_index_to_media_table',1),(68,'2022_04_20_101046_add_index_to_menu_table',1),(69,'2022_04_28_144405_remove_unused_table',1),(70,'2022_05_05_115015_create_ec_customer_recently_viewed_products_table',1),(71,'2022_05_18_143720_add_index_to_table_ec_product_categories',1),(72,'2022_06_16_095633_add_index_to_some_tables',1),(73,'2022_06_28_151901_activate_paypal_stripe_plugin',1),(74,'2022_06_30_035148_create_order_referrals_table',1),(75,'2022_07_07_153354_update_charge_id_in_table_payments',1),(76,'2022_07_10_034813_move_lang_folder_to_root',1),(77,'2022_08_04_051940_add_missing_column_expires_at',1),(78,'2022_08_04_052122_delete_location_backup_tables',1),(79,'2022_08_15_040324_add_billing_address',1),(80,'2022_07_24_153815_add_completed_at_to_ec_orders_table',2),(81,'2022_08_14_032836_create_ec_order_returns_table',2),(82,'2022_08_14_033554_create_ec_order_return_items_table',2);
/*!40000 ALTER TABLE `migrations` ENABLE KEYS */;
UNLOCK TABLES;

--
-- Table structure for table `newsletters`
--

DROP TABLE IF EXISTS `newsletters`;
/*!40101 SET @saved_cs_client     = @@character_set_client */;
/*!50503 SET character_set_client = utf8mb4 */;
CREATE TABLE `newsletters` (
  `id` bigint unsigned NOT NULL AUTO_INCREMENT,
  `email` varchar(120) CHARACTER SET utf8mb4 COLLATE utf8mb4_unicode_ci NOT NULL,
  `name` varchar(120) CHARACTER SET utf8mb4 COLLATE utf8mb4_unicode_ci DEFAULT NULL,
  `status` varchar(60) CHARACTER SET utf8mb4 COLLATE utf8mb4_unicode_ci NOT NULL DEFAULT 'subscribed',
  `created_at` timestamp NULL DEFAULT NULL,
  `updated_at` timestamp NULL DEFAULT NULL,
  PRIMARY KEY (`id`)
) ENGINE=InnoDB DEFAULT CHARSET=utf8mb4 COLLATE=utf8mb4_unicode_ci;
/*!40101 SET character_set_client = @saved_cs_client */;

--
-- Dumping data for table `newsletters`
--

LOCK TABLES `newsletters` WRITE;
/*!40000 ALTER TABLE `newsletters` DISABLE KEYS */;
/*!40000 ALTER TABLE `newsletters` ENABLE KEYS */;
UNLOCK TABLES;

--
-- Table structure for table `pages`
--

DROP TABLE IF EXISTS `pages`;
/*!40101 SET @saved_cs_client     = @@character_set_client */;
/*!50503 SET character_set_client = utf8mb4 */;
CREATE TABLE `pages` (
  `id` bigint unsigned NOT NULL AUTO_INCREMENT,
  `name` varchar(120) CHARACTER SET utf8mb4 COLLATE utf8mb4_unicode_ci NOT NULL,
  `content` longtext CHARACTER SET utf8mb4 COLLATE utf8mb4_unicode_ci,
  `user_id` int NOT NULL,
  `image` varchar(255) CHARACTER SET utf8mb4 COLLATE utf8mb4_unicode_ci DEFAULT NULL,
  `template` varchar(60) CHARACTER SET utf8mb4 COLLATE utf8mb4_unicode_ci DEFAULT NULL,
  `is_featured` tinyint NOT NULL DEFAULT '0',
  `description` varchar(400) CHARACTER SET utf8mb4 COLLATE utf8mb4_unicode_ci DEFAULT NULL,
  `status` varchar(60) CHARACTER SET utf8mb4 COLLATE utf8mb4_unicode_ci NOT NULL DEFAULT 'published',
  `created_at` timestamp NULL DEFAULT NULL,
  `updated_at` timestamp NULL DEFAULT NULL,
  PRIMARY KEY (`id`)
) ENGINE=InnoDB AUTO_INCREMENT=15 DEFAULT CHARSET=utf8mb4 COLLATE=utf8mb4_unicode_ci;
/*!40101 SET character_set_client = @saved_cs_client */;

--
-- Dumping data for table `pages`
--

LOCK TABLES `pages` WRITE;
/*!40000 ALTER TABLE `pages` DISABLE KEYS */;
INSERT INTO `pages` VALUES (1,'Homepage','<div>[simple-slider key=\"home-slider-1\" is_autoplay=\"yes\" autoplay_speed=\"5000\"][/simple-slider]</div><div>[site-features icon1=\"general/icon-truck.png\" title1=\"Free Shipping\" subtitle1=\"Orders $50 or more\" icon2=\"general/icon-purchase.png\" title2=\"Free Returns\" subtitle2=\"Within 30 days\" icon3=\"general/icon-bag.png\" title3=\"Get 20% Off 1 Item\" subtitle3=\"When you sign up\" icon4=\"general/icon-operator.png\" title4=\"Support Center\" subtitle4=\"24/7 amazing services\"][/site-features]</div><div>[featured-product-categories title=\"Top Categories\"][/featured-product-categories]</div><div>[product-collections title=\"Exclusive Products\"][/product-collections]</div><div>[theme-ads ads_1=\"IZ6WU8KUALYD\" ads_2=\"ILSFJVYFGCPZ\" ads_3=\"ILSDKVYFGXPH\"][/theme-ads]</div><div>[featured-products title=\"Featured products\"][/featured-products]</div><div>[flash-sale show_popup=\"yes\"][/flash-sale]</div><div>[featured-brands title=\"Featured Brands\"][/featured-brands]</div><div>[product-category-products category_id=\"17\"][/product-category-products]</div><div>[featured-news title=\"Visit Our Blog\"][/featured-news]</div>',1,NULL,'homepage',0,NULL,'published','2022-08-25 18:53:04','2022-08-25 18:53:04'),(2,'Homepage 2','<div>[simple-slider key=\"home-slider-2\" is_autoplay=\"yes\" autoplay_speed=\"5000\"][/simple-slider]</div><div>[theme-ads ads_1=\"IZ6WU8KUALYD\" ads_2=\"ILSFJVYFGCPZ\" ads_3=\"ILSDKVYFGXPH\"][/theme-ads]</div><div>[product-collections title=\"Exclusive Products\"][/product-collections]</div><div>[theme-ads ads_1=\"IZ6WU8KUALYF\"][/theme-ads]</div><div>[featured-products title=\"Featured products\"][/featured-products]</div><div>[flash-sale show_popup=\"yes\"][/flash-sale]</div><div>[featured-brands title=\"Featured Brands\"][/featured-brands]</div><div>[featured-product-categories title=\"Top Categories\"][/featured-product-categories]</div><div>[product-category-products category_id=\"17\"][/product-category-products]</div><div>[featured-news title=\"Visit Our Blog\"][/featured-news]</div><div>[site-features icon1=\"general/icon-truck.png\" title1=\"Free Shipping\" subtitle1=\"Orders $50 or more\" icon2=\"general/icon-purchase.png\" title2=\"Free Returns\" subtitle2=\"Within 30 days\" icon3=\"general/icon-bag.png\" title3=\"Get 20% Off 1 Item\" subtitle3=\"When you sign up\" icon4=\"general/icon-operator.png\" title4=\"Support Center\" subtitle4=\"24/7 amazing services\"][/site-features]</div>',1,NULL,'homepage',0,NULL,'published','2022-08-25 18:53:04','2022-08-25 18:53:04'),(3,'Homepage 3','<div>[simple-slider key=\"home-slider-3\" ads_1=\"ILSDKVYFGXPJ\" ads_2=\"IZ6WU8KUALYE\" is_autoplay=\"yes\" autoplay_speed=\"5000\"][/simple-slider]</div><div>[product-collections title=\"Exclusive Products\"][/product-collections]</div><div>[theme-ads ads_1=\"IZ6WU8KUALYD\" ads_2=\"ILSFJVYFGCPZ\" ads_3=\"ILSDKVYFGXPH\"][/theme-ads]</div><div>[site-features icon1=\"general/icon-truck.png\" title1=\"Free Shipping\" subtitle1=\"Orders $50 or more\" icon2=\"general/icon-purchase.png\" title2=\"Free Returns\" subtitle2=\"Within 30 days\" icon3=\"general/icon-bag.png\" title3=\"Get 20% Off 1 Item\" subtitle3=\"When you sign up\" icon4=\"general/icon-operator.png\" title4=\"Support Center\" subtitle4=\"24/7 amazing services\"][/site-features]</div><div>[featured-product-categories title=\"Top Categories\"][/featured-product-categories]</div><div>[featured-products title=\"Featured products\"][/featured-products]</div><div>[flash-sale show_popup=\"yes\"][/flash-sale]</div><div>[theme-ads ads_1=\"IZ6WU8KUALYF\"][/theme-ads]</div><div>[featured-brands title=\"Featured Brands\"][/featured-brands]</div><div>[product-category-products category_id=\"17\"][/product-category-products]</div><div>[featured-news title=\"Visit Our Blog\"][/featured-news]</div>',1,NULL,'homepage',0,NULL,'published','2022-08-25 18:53:04','2022-08-25 18:53:04'),(4,'Homepage 4','<div>[simple-slider key=\"home-slider-4\" is_autoplay=\"yes\" autoplay_speed=\"5000\"][/simple-slider]</div><div>[site-features icon1=\"general/icon-truck.png\" title1=\"Free Shipping\" subtitle1=\"Orders $50 or more\" icon2=\"general/icon-purchase.png\" title2=\"Free Returns\" subtitle2=\"Within 30 days\" icon3=\"general/icon-bag.png\" title3=\"Get 20% Off 1 Item\" subtitle3=\"When you sign up\" icon4=\"general/icon-operator.png\" title4=\"Support Center\" subtitle4=\"24/7 amazing services\"][/site-features]</div><div>[product-collections title=\"Exclusive Products\"][/product-collections]</div><div>[featured-product-categories title=\"Top Categories\"][/featured-product-categories]</div><div>[theme-ads ads_1=\"IZ6WU8KUALYD\" ads_2=\"ILSFJVYFGCPZ\" ads_3=\"ILSDKVYFGXPH\"][/theme-ads]</div><div>[theme-ads ads_1=\"IZ6WU8KUALYF\"][/theme-ads]</div><div>[featured-products title=\"Featured products\"][/featured-products]</div><div>[flash-sale show_popup=\"yes\"][/flash-sale]</div><div>[featured-brands title=\"Featured Brands\"][/featured-brands]</div><div>[product-category-products category_id=\"17\"][/product-category-products]</div><div>[featured-news title=\"Visit Our Blog\"][/featured-news]</div>',1,NULL,'homepage',0,NULL,'published','2022-08-25 18:53:04','2022-08-25 18:53:04'),(5,'Blog','<p>---</p>',1,NULL,'blog-right-sidebar',0,NULL,'published','2022-08-25 18:53:04','2022-08-25 18:53:04'),(6,'Contact','<p>[google-map]502 New Street, Brighton VIC, Australia[/google-map]</p><p>[our-offices][/our-offices]</p><p>[contact-form][/contact-form]</p>',1,NULL,'default',0,NULL,'published','2022-08-25 18:53:04','2022-08-25 18:53:04'),(7,'About us','<p>I got up in spite of all the players, except the Lizard, who seemed to be trampled under its feet, \'I move that the mouse doesn\'t get out.\" Only I don\'t want YOU with us!\"\' \'They were obliged to have no answers.\' \'If you didn\'t like cats.\' \'Not like cats!\' cried the Gryphon, before Alice could hardly hear the name of nearly everything there. \'That\'s the judge,\' she said to the Duchess: \'and the moral of that dark hall, and close to her chin in salt water. Her first idea was that it was good.</p><p>However, everything is to-day! And yesterday things went on \'And how do you know I\'m mad?\' said Alice. \'I\'ve tried the effect of lying down with her friend. When she got into it), and handed back to the law, And argued each case with my wife; And the Eaglet bent down its head down, and the moon, and memory, and muchness--you know you say \"What a pity!\"?\' the Rabbit was no one could possibly hear you.\' And certainly there was no \'One, two, three, and away,\' but they were getting extremely small.</p><p>Mock Turtle sighed deeply, and began, in a pleased tone. \'Pray don\'t trouble yourself to say but \'It belongs to the door, staring stupidly up into a doze; but, on being pinched by the hand, it hurried off, without waiting for turns, quarrelling all the children she knew that were of the mushroom, and crawled away in the sand with wooden spades, then a row of lodging houses, and behind them a railway station.) However, she soon found out that part.\' \'Well, at any rate, the Dormouse went on, \'I.</p><p>I don\'t know what a dear quiet thing,\' Alice went on, \'I must be getting somewhere near the door of the tail, and ending with the Queen,\' and she was coming back to the table, but there was generally a ridge or furrow in the last concert!\' on which the cook was busily stirring the soup, and seemed not to be afraid of interrupting him,) \'I\'ll give him sixpence. _I_ don\'t believe there\'s an atom of meaning in it.\' The jury all brightened up again.) \'Please your Majesty,\' the Hatter said, turning.</p>',1,NULL,'default',0,NULL,'published','2022-08-25 18:53:04','2022-08-25 18:53:04'),(8,'Cookie Policy','<h3>EU Cookie Consent</h3><p>To use this website we are using Cookies and collecting some data. To be compliant with the EU GDPR we give you to choose if you allow us to use certain Cookies and to collect some Data.</p><h4>Essential Data</h4><p>The Essential Data is needed to run the Site you are visiting technically. You can not deactivate them.</p><p>- Session Cookie: PHP uses a Cookie to identify user sessions. Without this Cookie the Website is not working.</p><p>- XSRF-Token Cookie: Laravel automatically generates a CSRF \"token\" for each active user session managed by the application. This token is used to verify that the authenticated user is the one actually making the requests to the application.</p>',1,NULL,'default',0,NULL,'published','2022-08-25 18:53:04','2022-08-25 18:53:04'),(9,'Terms & Conditions','<p>Alice said nothing; she had got so much already, that it felt quite relieved to see what the name again!\' \'I won\'t have any rules in particular; at least, if there were a Duck and a scroll of parchment in the common way. So they went up to the other, trying every door, she ran across the garden, called out as loud as she could. \'The Dormouse is asleep again,\' said the Gryphon. \'We can do without lobsters, you know. Come on!\' So they got thrown out to be sure; but I can\'t see you?\' She was.</p><p>Hatter. \'It isn\'t mine,\' said the Mock Turtle. \'Hold your tongue, Ma!\' said the Caterpillar. \'Well, perhaps your feelings may be different,\' said Alice; \'it\'s laid for a minute or two, and the executioner went off like an honest man.\' There was a very curious sensation, which puzzled her too much, so she bore it as you go on? It\'s by far the most confusing thing I know. Silence all round, if you only kept on puzzling about it while the rest were quite dry again, the cook tulip-roots instead of.</p><p>March Hare. \'He denies it,\' said Alice. \'Nothing WHATEVER?\' persisted the King. \'Nearly two miles high,\' added the Queen. \'Can you play croquet with the name \'W. RABBIT\' engraved upon it. She felt that it would be QUITE as much as she could. \'The Dormouse is asleep again,\' said the Duchess, who seemed to follow, except a little faster?\" said a sleepy voice behind her. \'Collar that Dormouse,\' the Queen jumped up on tiptoe, and peeped over the jury-box with the Queen left off, quite out of the.</p><p>How she longed to change them--\' when she had felt quite strange at first; but she did not wish to offend the Dormouse indignantly. However, he consented to go near the right thing to nurse--and she\'s such a nice little dog near our house I should like to be ashamed of yourself for asking such a dear quiet thing,\' Alice went timidly up to her ear, and whispered \'She\'s under sentence of execution. Then the Queen put on his knee, and the fall NEVER come to the heads of the legs of the way.</p>',1,NULL,'default',0,NULL,'published','2022-08-25 18:53:04','2022-08-25 18:53:04'),(10,'Returns & Exchanges','<p>Now I growl when I\'m angry. Therefore I\'m mad.\' \'I call it purring, not growling,\' said Alice. \'Well, I should be like then?\' And she began again. \'I wonder if I\'ve been changed several times since then.\' \'What do you call him Tortoise, if he thought it would,\' said the Cat, and vanished. Alice was not a regular rule: you invented it just now.\' \'It\'s the oldest rule in the middle, being held up by two guinea-pigs, who were lying on the whole she thought at first she thought it must be on the.</p><p>Alice remained looking thoughtfully at the flowers and those cool fountains, but she added, to herself, \'to be going messages for a minute or two, which gave the Pigeon in a melancholy way, being quite unable to move. She soon got it out again, and said, very gravely, \'I think, you ought to go near the house if it had come to the end: then stop.\' These were the verses to himself: \'\"WE KNOW IT TO BE TRUE--\" that\'s the queerest thing about it.\' \'She\'s in prison,\' the Queen jumped up on to her.</p><p>Alice thought to herself, \'in my going out altogether, like a thunderstorm. \'A fine day, your Majesty!\' the soldiers shouted in reply. \'Idiot!\' said the youth, \'as I mentioned before, And have grown most uncommonly fat; Yet you balanced an eel on the stairs. Alice knew it was over at last: \'and I wish I hadn\'t drunk quite so much!\' Alas! it was good practice to say it any longer than that,\' said the Mock Turtle had just begun to repeat it, when a sharp hiss made her look up in great disgust.</p><p>Alice thought to herself. At this moment the King, \'unless it was written to nobody, which isn\'t usual, you know.\' \'And what an ignorant little girl or a watch to take the hint; but the wise little Alice was beginning to grow here,\' said the young lady tells us a story.\' \'I\'m afraid I\'ve offended it again!\' For the Mouse only growled in reply. \'Please come back with the Queen shrieked out. \'Behead that Dormouse! Turn that Dormouse out of the court,\" and I never heard it say to this: so she.</p>',1,NULL,'default',0,NULL,'published','2022-08-25 18:53:04','2022-08-25 18:53:04'),(11,'Shipping & Delivery','<p>Alice could see it quite plainly through the wood. \'If it had struck her foot! She was close behind us, and he\'s treading on her lap as if it thought that SOMEBODY ought to have him with them,\' the Mock Turtle went on. \'I do,\' Alice said nothing: she had put on one knee. \'I\'m a poor man, your Majesty,\' said the Queen, turning purple. \'I won\'t!\' said Alice. \'And where HAVE my shoulders got to? And oh, I wish I could shut up like a frog; and both the hedgehogs were out of court! Suppress him!.</p><p>Alice put down the hall. After a while, finding that nothing more happened, she decided to remain where she was now about two feet high, and was just possible it had a large pool all round the hall, but they all spoke at once, and ran off, thinking while she was up to her ear. \'You\'re thinking about something, my dear, and that makes them bitter--and--and barley-sugar and such things that make children sweet-tempered. I only wish people knew that: then they both sat silent for a rabbit! I.</p><p>I am now? That\'ll be a person of authority over Alice. \'Stand up and repeat something now. Tell her to carry it further. So she set off at once set to work very carefully, remarking, \'I really must be kind to them,\' thought Alice, \'shall I NEVER get any older than I am very tired of sitting by her sister was reading, but it had been. But her sister on the second thing is to give the hedgehog to, and, as she could, \'If you didn\'t sign it,\' said Alice. \'Oh, don\'t bother ME,\' said Alice in a.</p><p>I don\'t keep the same thing,\' said the Hatter began, in a helpless sort of chance of getting her hands up to them she heard a little more conversation with her face brightened up at the picture.) \'Up, lazy thing!\' said Alice, \'I\'ve often seen them so shiny?\' Alice looked all round the refreshments!\' But there seemed to be a great letter, nearly as she went on at last, with a little recovered from the shock of being such a tiny golden key, and when Alice had no pictures or conversations?\' So.</p>',1,NULL,'default',0,NULL,'published','2022-08-25 18:53:04','2022-08-25 18:53:04'),(12,'Privacy Policy','<p>Hatter. \'I told you that.\' \'If I\'d been the whiting,\' said Alice, whose thoughts were still running on the look-out for serpents night and day! Why, I haven\'t been invited yet.\' \'You\'ll see me there,\' said the White Rabbit, \'and that\'s a fact.\' Alice did not see anything that looked like the Queen?\' said the King added in an undertone to the part about her and to her full size by this time, and was in March.\' As she said to the King, looking round the hall, but they were nowhere to be ashamed.</p><p>WAS a curious dream!\' said Alice, \'it\'s very easy to know when the White Rabbit, who was beginning to write with one eye; but to her very earnestly, \'Now, Dinah, tell me who YOU are, first.\' \'Why?\' said the voice. \'Fetch me my gloves this moment!\' Then came a little pattering of feet on the ground as she could even make out who was beginning to feel very queer indeed:-- \'\'Tis the voice of thunder, and people began running when they liked, and left foot, so as to size,\' Alice hastily replied.</p><p>Alice, as she leant against a buttercup to rest herself, and once again the tiny hands were clasped upon her knee, and the three gardeners instantly jumped up, and began singing in its sleep \'Twinkle, twinkle, twinkle, twinkle--\' and went in. The door led right into a pig, my dear,\' said Alice, in a great hurry. \'You did!\' said the Caterpillar. \'Is that the Mouse had changed his mind, and was surprised to see you any more!\' And here poor Alice began to repeat it, when a cry of \'The trial\'s.</p><p>King, the Queen, and Alice thought she might as well say,\' added the March Hare will be the right distance--but then I wonder if I would talk on such a rule at processions; \'and besides, what would be QUITE as much as serpents do, you know.\' It was, no doubt: only Alice did not venture to go down--Here, Bill! the master says you\'re to go nearer till she was ready to agree to everything that was said, and went back to yesterday, because I was sent for.\' \'You ought to go through next walking.</p>',1,NULL,'default',0,NULL,'published','2022-08-25 18:53:04','2022-08-25 18:53:04'),(13,'Blog Left Sidebar','<p>[blog-posts paginate=\"12\"][/blog-posts]</p>',1,NULL,'blog-left-sidebar',0,NULL,'published','2022-08-25 18:53:04','2022-08-25 18:53:04'),(14,'FAQ','<div>[faqs][/faqs]</div>',1,NULL,'default',0,NULL,'published','2022-08-25 18:53:04','2022-08-25 18:53:04');
/*!40000 ALTER TABLE `pages` ENABLE KEYS */;
UNLOCK TABLES;

--
-- Table structure for table `pages_translations`
--

DROP TABLE IF EXISTS `pages_translations`;
/*!40101 SET @saved_cs_client     = @@character_set_client */;
/*!50503 SET character_set_client = utf8mb4 */;
CREATE TABLE `pages_translations` (
  `lang_code` varchar(191) CHARACTER SET utf8mb4 COLLATE utf8mb4_unicode_ci NOT NULL,
  `pages_id` int NOT NULL,
  `name` varchar(255) CHARACTER SET utf8mb4 COLLATE utf8mb4_unicode_ci DEFAULT NULL,
  `description` varchar(400) CHARACTER SET utf8mb4 COLLATE utf8mb4_unicode_ci DEFAULT NULL,
  `content` longtext CHARACTER SET utf8mb4 COLLATE utf8mb4_unicode_ci,
  PRIMARY KEY (`lang_code`,`pages_id`)
) ENGINE=InnoDB DEFAULT CHARSET=utf8mb4 COLLATE=utf8mb4_unicode_ci;
/*!40101 SET character_set_client = @saved_cs_client */;

--
-- Dumping data for table `pages_translations`
--

LOCK TABLES `pages_translations` WRITE;
/*!40000 ALTER TABLE `pages_translations` DISABLE KEYS */;
INSERT INTO `pages_translations` VALUES ('vi',1,'Trang chủ',NULL,'<div>[simple-slider key=\"slider-trang-chu-1\" is_autoplay=\"yes\" autoplay_speed=\"5000\"][/simple-slider]</div><div>[site-features icon1=\"general/icon-truck.png\" title1=\"Miễn phí vận chuyển\" subtitle1=\"Cho đơn hàng từ $50\" icon2=\"general/icon-purchase.png\" title2=\"Miễn phí đổi trả\" subtitle2=\"Trong vòng 30 ngày\" icon3=\"general/icon-bag.png\" title3=\"Giảm 20% mỗi 1 sản phẩm\" subtitle3=\"Khi bạn đăng ký thành viên\" icon4=\"general/icon-operator.png\" title4=\"Hỗ trợ\" subtitle4=\"24/7 dịch vụ tuyệt vời\"][/site-features]</div><div>[featured-product-categories title=\"Danh mục nổi bật\"][/featured-product-categories]</div><div>[product-collections title=\"Sản phẩm độc quyền\"][/product-collections]</div><div>[theme-ads ads_1=\"IZ6WU8KUALYD\" ads_2=\"ILSFJVYFGCPZ\" ads_3=\"ILSDKVYFGXPH\"][/theme-ads]</div><div>[featured-products title=\"Sản phẩm nổi bật\"][/featured-products]</div><div>[flash-sale show_popup=\"yes\"][/flash-sale]</div><div>[featured-brands title=\"Thương hiệu nổi bật\"][/featured-brands]</div><div>[product-category-products category_id=\"17\"][/product-category-products]</div><div>[featured-news title=\"Tin tức mới nhất\"][/featured-news]</div>'),('vi',2,'Trang chủ 2',NULL,'<div>[simple-slider key=\"slider-trang-chu-2\" is_autoplay=\"yes\" autoplay_speed=\"5000\"][/simple-slider]</div><div>[theme-ads ads_1=\"IZ6WU8KUALYD\" ads_2=\"ILSFJVYFGCPZ\" ads_3=\"ILSDKVYFGXPH\"][/theme-ads]</div><div>[product-collections title=\"Sản phẩm độc quyền\"][/product-collections]</div><div>[theme-ads ads_1=\"IZ6WU8KUALYF\"][/theme-ads]</div><div>[featured-products title=\"Sản phẩm nổi bật\"][/featured-products]</div><div>[flash-sale show_popup=\"yes\"][/flash-sale]</div><div>[featured-brands title=\"Thương hiệu nổi bật\"][/featured-brands]</div><div>[featured-product-categories title=\"Danh mục nổi bật\"][/featured-product-categories]</div><div>[product-category-products category_id=\"17\"][/product-category-products]</div><div>[featured-news title=\"Tin tức mới nhất\"][/featured-news]</div><div>[site-features icon1=\"general/icon-truck.png\" title1=\"Miễn phí vận chuyển\" subtitle1=\"Cho đơn hàng từ $50\" icon2=\"general/icon-purchase.png\" title2=\"Miễn phí đổi trả\" subtitle2=\"Trong vòng 30 ngày\" icon3=\"general/icon-bag.png\" title3=\"Giảm 20% mỗi 1 sản phẩm\" subtitle3=\"Khi bạn đăng ký thành viên\" icon4=\"general/icon-operator.png\" title4=\"Hỗ trợ\" subtitle4=\"24/7 dịch vụ tuyệt vời\"][/site-features]</div>'),('vi',3,'Trang chủ 3',NULL,'<div>[simple-slider key=\"slider-trang-chu-3\" ads_1=\"ILSDKVYFGXPJ\" ads_2=\"IZ6WU8KUALYE\" is_autoplay=\"yes\" autoplay_speed=\"5000\"][/simple-slider]</div><div>[product-collections title=\"Sản phẩm độc quyền\"][/product-collections]</div><div>[theme-ads ads_1=\"IZ6WU8KUALYD\" ads_2=\"ILSFJVYFGCPZ\" ads_3=\"ILSDKVYFGXPH\"][/theme-ads]</div><div>[site-features icon1=\"general/icon-truck.png\" title1=\"Miễn phí vận chuyển\" subtitle1=\"Cho đơn hàng từ $50\" icon2=\"general/icon-purchase.png\" title2=\"Miễn phí đổi trả\" subtitle2=\"Trong vòng 30 ngày\" icon3=\"general/icon-bag.png\" title3=\"Giảm 20% mỗi 1 sản phẩm\" subtitle3=\"Khi bạn đăng ký thành viên\" icon4=\"general/icon-operator.png\" title4=\"Hỗ trợ\" subtitle4=\"24/7 dịch vụ tuyệt vời\"][/site-features]</div><div>[featured-product-categories title=\"Danh mục nổi bật\"][/featured-product-categories]</div><div>[featured-products title=\"Sản phẩm nổi bật\"][/featured-products]</div><div>[flash-sale show_popup=\"yes\"][/flash-sale]</div><div>[theme-ads ads_1=\"IZ6WU8KUALYF\"][/theme-ads]</div><div>[featured-brands title=\"Thương hiệu nổi bật\"][/featured-brands]</div><div>[product-category-products category_id=\"17\"][/product-category-products]</div><div>[featured-news title=\"Tin tức mới nhất\"][/featured-news]</div>'),('vi',4,'Trang chủ 4',NULL,'<div>[simple-slider key=\"slider-trang-chu-4\" is_autoplay=\"yes\" autoplay_speed=\"5000\"][/simple-slider]</div><div>[site-features icon1=\"general/icon-truck.png\" title1=\"Miễn phí vận chuyển\" subtitle1=\"Cho đơn hàng từ $50\" icon2=\"general/icon-purchase.png\" title2=\"Miễn phí đổi trả\" subtitle2=\"Trong vòng 30 ngày\" icon3=\"general/icon-bag.png\" title3=\"Giảm 20% mỗi 1 sản phẩm\" subtitle3=\"Khi bạn đăng ký thành viên\" icon4=\"general/icon-operator.png\" title4=\"Hỗ trợ\" subtitle4=\"24/7 dịch vụ tuyệt vời\"][/site-features]</div><div>[product-collections title=\"Sản phẩm độc quyền\"][/product-collections]</div><div>[featured-product-categories title=\"Danh mục nổi bật\"][/featured-product-categories]</div><div>[theme-ads ads_1=\"IZ6WU8KUALYD\" ads_2=\"ILSFJVYFGCPZ\" ads_3=\"ILSDKVYFGXPH\"][/theme-ads]</div><div>[theme-ads ads_1=\"IZ6WU8KUALYF\"][/theme-ads]</div><div>[featured-products title=\"Sản phẩm nổi bật\"][/featured-products]</div><div>[flash-sale show_popup=\"yes\"][/flash-sale]</div><div>[featured-brands title=\"Thương hiệu nổi bật\"][/featured-brands]</div><div>[product-category-products category_id=\"17\"][/product-category-products]</div><div>[featured-news title=\"Tin tức mới nhất\"][/featured-news]</div>'),('vi',5,'Tin tức',NULL,'<p>---</p>'),('vi',6,'Liên hệ',NULL,'<p>[google-map]502 New Street, Brighton VIC, Australia[/google-map]</p><p>[our-offices][/our-offices]</p><p>[contact-form][/contact-form]</p>'),('vi',7,'Về chúng tôi',NULL,'<p>I had to double themselves up and leave the court; but on second thoughts she decided on going into the court, without even waiting to put everything upon Bill! I wouldn\'t be so proud as all that.\' \'With extras?\' asked the Gryphon, \'you first form into a graceful zigzag, and was coming to, but it is.\' \'I quite forgot you didn\'t sign it,\' said Alice, (she had grown in the pictures of him), while the rest waited in silence. Alice noticed with some severity; \'it\'s very easy to know your history.</p><p>Lizard, who seemed too much overcome to do it! Oh dear! I\'d nearly forgotten that I\'ve got to come upon them THIS size: why, I should have liked teaching it tricks very much, if--if I\'d only been the whiting,\' said the Queen, and in another moment, splash! she was nine feet high. \'Whoever lives there,\' thought Alice, and, after folding his arms and frowning at the top with its eyelids, so he did,\' said the Gryphon. \'The reason is,\' said the Caterpillar. Alice thought she had but to open it.</p><p>Gryphon. \'Turn a somersault in the pictures of him), while the rest of my life.\' \'You are old,\' said the Cat, and vanished. Alice was more and more puzzled, but she gained courage as she was quite tired and out of sight. Alice remained looking thoughtfully at the bottom of a dance is it?\' \'Why,\' said the cook. \'Treacle,\' said the Hatter. \'It isn\'t directed at all,\' said Alice: \'I don\'t know much,\' said Alice, as the Caterpillar decidedly, and there was the King; and as it lasted.) \'Then the.</p><p>What happened to you? Tell us all about as much as serpents do, you know.\' \'I don\'t see any wine,\' she remarked. \'There isn\'t any,\' said the Mock Turtle. \'Seals, turtles, salmon, and so on.\' \'What a curious croquet-ground in her head, she tried another question. \'What sort of present!\' thought Alice. \'I don\'t even know what \"it\" means.\' \'I know what they\'re about!\' \'Read them,\' said the Mouse. \'--I proceed. \"Edwin and Morcar, the earls of Mercia and Northumbria--\"\' \'Ugh!\' said the Queen, and.</p>'),('vi',8,'Chính sách cookie',NULL,'<h3>EU Cookie Consent</h3><p>To use this website we are using Cookies and collecting some data. To be compliant with the EU GDPR we give you to choose if you allow us to use certain Cookies and to collect some Data.</p><h4>Essential Data</h4><p>The Essential Data is needed to run the Site you are visiting technically. You can not deactivate them.</p><p>- Session Cookie: PHP uses a Cookie to identify user sessions. Without this Cookie the Website is not working.</p><p>- XSRF-Token Cookie: Laravel automatically generates a CSRF \"token\" for each active user session managed by the application. This token is used to verify that the authenticated user is the one actually making the requests to the application.</p>'),('vi',9,'Điều kiện và điều khoản',NULL,'<p>While the Duchess said to herself, \'because of his shrill little voice, the name \'Alice!\' CHAPTER XII. Alice\'s Evidence \'Here!\' cried Alice, with a little while, however, she waited for some time in silence: at last she spread out her hand, watching the setting sun, and thinking of little Alice herself, and once she remembered the number of changes she had looked under it, and talking over its head. \'Very uncomfortable for the rest of the water, and seemed to Alice to find her in an offended.</p><p>HERE.\' \'But then,\' thought she, \'if people had all to lie down on one knee as he found it made Alice quite jumped; but she could not tell whether they were trying which word sounded best. Some of the legs of the earth. Let me see: that would be quite absurd for her to carry it further. So she began shrinking directly. As soon as look at all comfortable, and it was good manners for her to carry it further. So she began: \'O Mouse, do you like to show you! A little bright-eyed terrier, you know.</p><p>Alice. \'Of course not,\' said Alice very humbly: \'you had got its head down, and felt quite relieved to see what was the cat.) \'I hope they\'ll remember her saucer of milk at tea-time. Dinah my dear! Let this be a book written about me, that there was a queer-shaped little creature, and held out its arms and frowning at the number of changes she had never forgotten that, if you were all crowded together at one end of his Normans--\" How are you getting on now, my dear?\' it continued, turning to.</p><p>The hedgehog was engaged in a deep, hollow tone: \'sit down, both of you, and must know better\'; and this Alice thought the whole pack of cards, after all. \"--SAID I COULD NOT SWIM--\" you can\'t take more.\' \'You mean you can\'t help that,\' said the Duchess; \'and that\'s a fact.\' Alice did not see anything that looked like the name: however, it only grinned when it saw mine coming!\' \'How do you call it purring, not growling,\' said Alice. \'Of course you know why it\'s called a whiting?\' \'I never saw.</p>'),('vi',10,'Chính sách trả hàng',NULL,'<p>Footman went on growing, and, as the door between us. For instance, if you only kept on good terms with him, he\'d do almost anything you liked with the game,\' the Queen never left off quarrelling with the next verse.\' \'But about his toes?\' the Mock Turtle: \'nine the next, and so on; then, when you\'ve cleared all the rest of the bill, \"French, music, AND WASHING--extra.\"\' \'You couldn\'t have done that?\' she thought. \'But everything\'s curious today. I think I could, if I was, I shouldn\'t want.</p><p>Cat\'s head with great emphasis, looking hard at Alice for some time after the others. \'Are their heads downward! The Antipathies, I think--\' (she was obliged to say \'I once tasted--\' but checked herself hastily. \'I thought it would be only rustling in the window?\' \'Sure, it\'s an arm, yer honour!\' \'Digging for apples, yer honour!\' \'Digging for apples, indeed!\' said the Dormouse, and repeated her question. \'Why did they live on?\' said Alice, in a sulky tone; \'Seven jogged my elbow.\' On which.</p><p>Queen was close behind us, and he\'s treading on her spectacles, and began to cry again. \'You ought to have him with them,\' the Mock Turtle. Alice was thoroughly puzzled. \'Does the boots and shoes!\' she repeated in a trembling voice, \'--and I hadn\'t gone down that rabbit-hole--and yet--and yet--it\'s rather curious, you know, with oh, such long curly brown hair! And it\'ll fetch things when you come and join the dance?\"\' \'Thank you, it\'s a set of verses.\' \'Are they in the after-time, be herself a.</p><p>The Footman seemed to be beheaded!\' said Alice, rather doubtfully, as she could not help thinking there MUST be more to do so. \'Shall we try another figure of the thing at all. \'But perhaps it was labelled \'ORANGE MARMALADE\', but to her ear, and whispered \'She\'s under sentence of execution. Then the Queen in front of them, and then the Mock Turtle. \'Hold your tongue!\' said the Duchess: you\'d better leave off,\' said the Duck: \'it\'s generally a frog or a watch to take out of a well--\' \'What did.</p>'),('vi',11,'Chính sách vận chuyển',NULL,'<p>King, \'that only makes the matter worse. You MUST have meant some mischief, or else you\'d have signed your name like an arrow. The Cat\'s head with great emphasis, looking hard at Alice for some time busily writing in his note-book, cackled out \'Silence!\' and read out from his book, \'Rule Forty-two. ALL PERSONS MORE THAN A MILE HIGH TO LEAVE THE COURT.\' Everybody looked at her, and said, \'It WAS a curious feeling!\' said Alice; \'it\'s laid for a minute or two, and the fall NEVER come to the.</p><p>She soon got it out to sea. So they got their tails fast in their mouths. So they had been wandering, when a cry of \'The trial\'s beginning!\' was heard in the morning, just time to begin at HIS time of life. The King\'s argument was, that she was now more than nine feet high. \'Whoever lives there,\' thought Alice, \'to pretend to be seen: she found herself in a tone of great dismay, and began singing in its hurry to change the subject of conversation. \'Are you--are you fond--of--of dogs?\' The.</p><p>March Hare and the other bit. Her chin was pressed hard against it, that attempt proved a failure. Alice heard the Queen put on her spectacles, and began picking them up again with a sigh. \'I only took the regular course.\' \'What was that?\' inquired Alice. \'Reeling and Writhing, of course, I meant,\' the King said to the jury, and the baby was howling so much already, that it was perfectly round, she came up to the Queen. \'Their heads are gone, if it had been. But her sister kissed her, and she.</p><p>Alice replied, rather shyly, \'I--I hardly know, sir, just at present--at least I mean what I get\" is the reason of that?\' \'In my youth,\' said his father, \'I took to the Queen. \'You make me larger, it must be getting somewhere near the house opened, and a piece of it in asking riddles that have no sort of chance of her childhood: and how she would get up and leave the court; but on the hearth and grinning from ear to ear. \'Please would you like to have wondered at this, that she still held the.</p>'),('vi',12,'Chính sách bảo mật',NULL,'<p>Hatter: \'I\'m on the OUTSIDE.\' He unfolded the paper as he spoke, \'we were trying--\' \'I see!\' said the Duchess, digging her sharp little chin. \'I\'ve a right to grow here,\' said the Mock Turtle sang this, very slowly and sadly:-- \'\"Will you walk a little of her skirt, upsetting all the jurymen are back in their paws. \'And how many miles I\'ve fallen by this time?\' she said these words her foot slipped, and in THAT direction,\' the Cat went on, \'that they\'d let Dinah stop in the distance, and she.</p><p>But she waited for some way of keeping up the other, saying, in a dreamy sort of knot, and then she looked up and walking away. \'You insult me by talking such nonsense!\' \'I didn\'t write it, and kept doubling itself up and say \"How doth the little passage: and THEN--she found herself in a low voice, \'Your Majesty must cross-examine the next verse.\' \'But about his toes?\' the Mock Turtle in a Little Bill It was as steady as ever; Yet you balanced an eel on the back. However, it was addressed to.</p><p>Alice felt a violent shake at the Hatter, and he went on in a great many teeth, so she helped herself to some tea and bread-and-butter, and then added them up, and began smoking again. This time Alice waited patiently until it chose to speak with. Alice waited a little, and then turned to the table to measure herself by it, and finding it very much,\' said Alice, a little shriek and a Long Tale They were indeed a queer-looking party that assembled on the whole cause, and condemn you to leave.</p><p>Dinah, and saying to her ear, and whispered \'She\'s under sentence of execution.\' \'What for?\' said Alice. \'Come, let\'s try Geography. London is the capital of Rome, and Rome--no, THAT\'S all wrong, I\'m certain! I must have got into the court, without even waiting to put it in time,\' said the Queen, and in a voice sometimes choked with sobs, to sing \"Twinkle, twinkle, little bat! How I wonder what was coming. It was so full of smoke from one of the singers in the pool, \'and she sits purring so.</p>'),('vi',13,'Blog Sidebar Trái',NULL,'<p>[blog-posts paginate=\"12\"][/blog-posts]</p>'),('vi',14,'Câu hỏi thường gặp',NULL,'<div>[faqs][/faqs]</div>');
/*!40000 ALTER TABLE `pages_translations` ENABLE KEYS */;
UNLOCK TABLES;

--
-- Table structure for table `password_resets`
--

DROP TABLE IF EXISTS `password_resets`;
/*!40101 SET @saved_cs_client     = @@character_set_client */;
/*!50503 SET character_set_client = utf8mb4 */;
CREATE TABLE `password_resets` (
  `email` varchar(191) CHARACTER SET utf8mb4 COLLATE utf8mb4_unicode_ci NOT NULL,
  `token` varchar(191) CHARACTER SET utf8mb4 COLLATE utf8mb4_unicode_ci NOT NULL,
  `created_at` timestamp NULL DEFAULT NULL,
  KEY `password_resets_email_index` (`email`)
) ENGINE=InnoDB DEFAULT CHARSET=utf8mb4 COLLATE=utf8mb4_unicode_ci;
/*!40101 SET character_set_client = @saved_cs_client */;

--
-- Dumping data for table `password_resets`
--

LOCK TABLES `password_resets` WRITE;
/*!40000 ALTER TABLE `password_resets` DISABLE KEYS */;
/*!40000 ALTER TABLE `password_resets` ENABLE KEYS */;
UNLOCK TABLES;

--
-- Table structure for table `payments`
--

DROP TABLE IF EXISTS `payments`;
/*!40101 SET @saved_cs_client     = @@character_set_client */;
/*!50503 SET character_set_client = utf8mb4 */;
CREATE TABLE `payments` (
  `id` bigint unsigned NOT NULL AUTO_INCREMENT,
  `currency` varchar(120) CHARACTER SET utf8mb4 COLLATE utf8mb4_unicode_ci DEFAULT NULL,
  `user_id` int unsigned NOT NULL DEFAULT '0',
  `charge_id` varchar(255) CHARACTER SET utf8mb4 COLLATE utf8mb4_unicode_ci DEFAULT NULL,
  `payment_channel` varchar(60) CHARACTER SET utf8mb4 COLLATE utf8mb4_unicode_ci DEFAULT NULL,
  `description` varchar(255) CHARACTER SET utf8mb4 COLLATE utf8mb4_unicode_ci DEFAULT NULL,
  `amount` decimal(15,2) unsigned NOT NULL,
  `order_id` int unsigned DEFAULT NULL,
  `status` varchar(60) CHARACTER SET utf8mb4 COLLATE utf8mb4_unicode_ci DEFAULT 'pending',
  `payment_type` varchar(191) CHARACTER SET utf8mb4 COLLATE utf8mb4_unicode_ci DEFAULT 'confirm',
  `customer_id` int unsigned DEFAULT NULL,
  `refunded_amount` decimal(15,2) unsigned DEFAULT NULL,
  `refund_note` varchar(255) CHARACTER SET utf8mb4 COLLATE utf8mb4_unicode_ci DEFAULT NULL,
  `created_at` timestamp NULL DEFAULT NULL,
  `updated_at` timestamp NULL DEFAULT NULL,
  `customer_type` varchar(255) CHARACTER SET utf8mb4 COLLATE utf8mb4_unicode_ci DEFAULT NULL,
  `metadata` mediumtext CHARACTER SET utf8mb4 COLLATE utf8mb4_unicode_ci,
  PRIMARY KEY (`id`)
) ENGINE=InnoDB AUTO_INCREMENT=21 DEFAULT CHARSET=utf8mb4 COLLATE=utf8mb4_unicode_ci;
/*!40101 SET character_set_client = @saved_cs_client */;

--
-- Dumping data for table `payments`
--

LOCK TABLES `payments` WRITE;
/*!40000 ALTER TABLE `payments` DISABLE KEYS */;
INSERT INTO `payments` VALUES (1,'USD',0,'KNUMMAMU5Y','paystack',NULL,1640.40,1,'completed','confirm',8,NULL,NULL,'2022-09-10 03:29:51','2022-09-10 03:29:51','Botble\\Ecommerce\\Models\\Customer',NULL),(2,'USD',0,'LWZ6KF1WAQ','paystack',NULL,740.90,2,'completed','confirm',5,NULL,NULL,'2022-09-10 03:29:51','2022-09-10 03:29:51','Botble\\Ecommerce\\Models\\Customer',NULL),(3,'USD',0,'C6PPDXYHZI','cod',NULL,1289.40,3,'pending','confirm',9,NULL,NULL,'2022-09-10 03:29:51','2022-09-10 03:29:51','Botble\\Ecommerce\\Models\\Customer',NULL),(4,'USD',0,'WKC4DJ0FGM','paystack',NULL,1116.40,4,'completed','confirm',7,NULL,NULL,'2022-09-10 03:29:51','2022-09-10 03:29:51','Botble\\Ecommerce\\Models\\Customer',NULL),(5,'USD',0,'GIS9PA0GPR','mollie',NULL,1670.80,5,'completed','confirm',6,NULL,NULL,'2022-09-10 03:29:51','2022-09-10 03:29:51','Botble\\Ecommerce\\Models\\Customer',NULL),(6,'USD',0,'C1JM1O7N6Y','mollie',NULL,1051.00,6,'completed','confirm',3,NULL,NULL,'2022-09-10 03:29:51','2022-09-10 03:29:51','Botble\\Ecommerce\\Models\\Customer',NULL),(7,'USD',0,'ME1LXU5OHV','cod',NULL,2188.60,7,'pending','confirm',3,NULL,NULL,'2022-09-10 03:29:51','2022-09-10 03:29:51','Botble\\Ecommerce\\Models\\Customer',NULL),(8,'USD',0,'LEXJ7B4DUX','mollie',NULL,358.40,8,'completed','confirm',5,NULL,NULL,'2022-09-10 03:29:51','2022-09-10 03:29:51','Botble\\Ecommerce\\Models\\Customer',NULL),(9,'USD',0,'PRQPZ63JRP','mollie',NULL,1773.20,9,'completed','confirm',1,NULL,NULL,'2022-09-10 03:29:51','2022-09-10 03:29:51','Botble\\Ecommerce\\Models\\Customer',NULL),(10,'USD',0,'1MNYPHK9OB','stripe',NULL,1900.30,10,'completed','confirm',5,NULL,NULL,'2022-09-10 03:29:51','2022-09-10 03:29:51','Botble\\Ecommerce\\Models\\Customer',NULL),(11,'USD',0,'9LE6R7VZWA','sslcommerz',NULL,370.90,11,'completed','confirm',8,NULL,NULL,'2022-09-10 03:29:51','2022-09-10 03:29:51','Botble\\Ecommerce\\Models\\Customer',NULL),(12,'USD',0,'LWUAMG1SQC','mollie',NULL,472.00,12,'completed','confirm',5,NULL,NULL,'2022-09-10 03:29:51','2022-09-10 03:29:51','Botble\\Ecommerce\\Models\\Customer',NULL),(13,'USD',0,'DYE8YTIBF5','cod',NULL,984.50,13,'pending','confirm',6,NULL,NULL,'2022-09-10 03:29:51','2022-09-10 03:29:51','Botble\\Ecommerce\\Models\\Customer',NULL),(14,'USD',0,'TOW032QXV1','razorpay',NULL,305.80,14,'completed','confirm',5,NULL,NULL,'2022-09-10 03:29:51','2022-09-10 03:29:51','Botble\\Ecommerce\\Models\\Customer',NULL),(15,'USD',0,'SZXLYWRN4L','cod',NULL,1046.60,15,'pending','confirm',9,NULL,NULL,'2022-09-10 03:29:51','2022-09-10 03:29:51','Botble\\Ecommerce\\Models\\Customer',NULL),(16,'USD',0,'U8Y1UUBLJH','razorpay',NULL,912.10,16,'completed','confirm',6,NULL,NULL,'2022-09-10 03:29:51','2022-09-10 03:29:51','Botble\\Ecommerce\\Models\\Customer',NULL),(17,'USD',0,'SHKFVA3AUA','bank_transfer',NULL,688.20,17,'pending','confirm',1,NULL,NULL,'2022-09-10 03:29:51','2022-09-10 03:29:51','Botble\\Ecommerce\\Models\\Customer',NULL),(18,'USD',0,'1RZM4WMOSA','paypal',NULL,873.50,18,'completed','confirm',7,NULL,NULL,'2022-09-10 03:29:51','2022-09-10 03:29:51','Botble\\Ecommerce\\Models\\Customer',NULL),(19,'USD',0,'AIXRVUT85S','cod',NULL,539.70,19,'pending','confirm',6,NULL,NULL,'2022-09-10 03:29:51','2022-09-10 03:29:51','Botble\\Ecommerce\\Models\\Customer',NULL),(20,'USD',0,'YADSVQYSEG','cod',NULL,932.40,20,'pending','confirm',9,NULL,NULL,'2022-09-10 03:29:51','2022-09-10 03:29:51','Botble\\Ecommerce\\Models\\Customer',NULL);
/*!40000 ALTER TABLE `payments` ENABLE KEYS */;
UNLOCK TABLES;

--
-- Table structure for table `personal_access_tokens`
--

DROP TABLE IF EXISTS `personal_access_tokens`;
/*!40101 SET @saved_cs_client     = @@character_set_client */;
/*!50503 SET character_set_client = utf8mb4 */;
CREATE TABLE `personal_access_tokens` (
  `id` bigint unsigned NOT NULL AUTO_INCREMENT,
  `tokenable_type` varchar(191) CHARACTER SET utf8mb4 COLLATE utf8mb4_unicode_ci NOT NULL,
  `tokenable_id` bigint unsigned NOT NULL,
  `name` varchar(191) CHARACTER SET utf8mb4 COLLATE utf8mb4_unicode_ci NOT NULL,
  `token` varchar(64) CHARACTER SET utf8mb4 COLLATE utf8mb4_unicode_ci NOT NULL,
  `abilities` text CHARACTER SET utf8mb4 COLLATE utf8mb4_unicode_ci,
  `last_used_at` timestamp NULL DEFAULT NULL,
  `expires_at` timestamp NULL DEFAULT NULL,
  `created_at` timestamp NULL DEFAULT NULL,
  `updated_at` timestamp NULL DEFAULT NULL,
  PRIMARY KEY (`id`),
  UNIQUE KEY `personal_access_tokens_token_unique` (`token`),
  KEY `personal_access_tokens_tokenable_type_tokenable_id_index` (`tokenable_type`,`tokenable_id`)
) ENGINE=InnoDB DEFAULT CHARSET=utf8mb4 COLLATE=utf8mb4_unicode_ci;
/*!40101 SET character_set_client = @saved_cs_client */;

--
-- Dumping data for table `personal_access_tokens`
--

LOCK TABLES `personal_access_tokens` WRITE;
/*!40000 ALTER TABLE `personal_access_tokens` DISABLE KEYS */;
/*!40000 ALTER TABLE `personal_access_tokens` ENABLE KEYS */;
UNLOCK TABLES;

--
-- Table structure for table `post_categories`
--

DROP TABLE IF EXISTS `post_categories`;
/*!40101 SET @saved_cs_client     = @@character_set_client */;
/*!50503 SET character_set_client = utf8mb4 */;
CREATE TABLE `post_categories` (
  `id` bigint unsigned NOT NULL AUTO_INCREMENT,
  `category_id` int unsigned NOT NULL,
  `post_id` int unsigned NOT NULL,
  PRIMARY KEY (`id`)
) ENGINE=InnoDB AUTO_INCREMENT=23 DEFAULT CHARSET=utf8mb4 COLLATE=utf8mb4_unicode_ci;
/*!40101 SET character_set_client = @saved_cs_client */;

--
-- Dumping data for table `post_categories`
--

LOCK TABLES `post_categories` WRITE;
/*!40000 ALTER TABLE `post_categories` DISABLE KEYS */;
INSERT INTO `post_categories` VALUES (1,1,1),(2,3,1),(3,2,2),(4,3,2),(5,2,3),(6,4,3),(7,1,4),(8,4,4),(9,2,5),(10,3,5),(11,1,6),(12,4,6),(13,1,7),(14,4,7),(15,2,8),(16,3,8),(17,2,9),(18,4,9),(19,2,10),(20,4,10),(21,2,11),(22,4,11);
/*!40000 ALTER TABLE `post_categories` ENABLE KEYS */;
UNLOCK TABLES;

--
-- Table structure for table `post_tags`
--

DROP TABLE IF EXISTS `post_tags`;
/*!40101 SET @saved_cs_client     = @@character_set_client */;
/*!50503 SET character_set_client = utf8mb4 */;
CREATE TABLE `post_tags` (
  `id` bigint unsigned NOT NULL AUTO_INCREMENT,
  `tag_id` int unsigned NOT NULL,
  `post_id` int unsigned NOT NULL,
  PRIMARY KEY (`id`)
) ENGINE=InnoDB AUTO_INCREMENT=56 DEFAULT CHARSET=utf8mb4 COLLATE=utf8mb4_unicode_ci;
/*!40101 SET character_set_client = @saved_cs_client */;

--
-- Dumping data for table `post_tags`
--

LOCK TABLES `post_tags` WRITE;
/*!40000 ALTER TABLE `post_tags` DISABLE KEYS */;
INSERT INTO `post_tags` VALUES (1,1,1),(2,2,1),(3,3,1),(4,4,1),(5,5,1),(6,1,2),(7,2,2),(8,3,2),(9,4,2),(10,5,2),(11,1,3),(12,2,3),(13,3,3),(14,4,3),(15,5,3),(16,1,4),(17,2,4),(18,3,4),(19,4,4),(20,5,4),(21,1,5),(22,2,5),(23,3,5),(24,4,5),(25,5,5),(26,1,6),(27,2,6),(28,3,6),(29,4,6),(30,5,6),(31,1,7),(32,2,7),(33,3,7),(34,4,7),(35,5,7),(36,1,8),(37,2,8),(38,3,8),(39,4,8),(40,5,8),(41,1,9),(42,2,9),(43,3,9),(44,4,9),(45,5,9),(46,1,10),(47,2,10),(48,3,10),(49,4,10),(50,5,10),(51,1,11),(52,2,11),(53,3,11),(54,4,11),(55,5,11);
/*!40000 ALTER TABLE `post_tags` ENABLE KEYS */;
UNLOCK TABLES;

--
-- Table structure for table `posts`
--

DROP TABLE IF EXISTS `posts`;
/*!40101 SET @saved_cs_client     = @@character_set_client */;
/*!50503 SET character_set_client = utf8mb4 */;
CREATE TABLE `posts` (
  `id` bigint unsigned NOT NULL AUTO_INCREMENT,
  `name` varchar(255) CHARACTER SET utf8mb4 COLLATE utf8mb4_unicode_ci NOT NULL,
  `description` varchar(400) CHARACTER SET utf8mb4 COLLATE utf8mb4_unicode_ci DEFAULT NULL,
  `content` longtext CHARACTER SET utf8mb4 COLLATE utf8mb4_unicode_ci,
  `status` varchar(60) CHARACTER SET utf8mb4 COLLATE utf8mb4_unicode_ci NOT NULL DEFAULT 'published',
  `author_id` int NOT NULL,
  `author_type` varchar(255) CHARACTER SET utf8mb4 COLLATE utf8mb4_unicode_ci NOT NULL DEFAULT 'Botble\\ACL\\Models\\User',
  `is_featured` tinyint unsigned NOT NULL DEFAULT '0',
  `image` varchar(255) CHARACTER SET utf8mb4 COLLATE utf8mb4_unicode_ci DEFAULT NULL,
  `views` int unsigned NOT NULL DEFAULT '0',
  `format_type` varchar(30) CHARACTER SET utf8mb4 COLLATE utf8mb4_unicode_ci DEFAULT NULL,
  `created_at` timestamp NULL DEFAULT NULL,
  `updated_at` timestamp NULL DEFAULT NULL,
  PRIMARY KEY (`id`),
  KEY `status` (`status`),
  KEY `author_id` (`author_id`),
  KEY `author_type` (`author_type`),
  KEY `created_at` (`created_at`)
) ENGINE=InnoDB AUTO_INCREMENT=12 DEFAULT CHARSET=utf8mb4 COLLATE=utf8mb4_unicode_ci;
/*!40101 SET character_set_client = @saved_cs_client */;

--
-- Dumping data for table `posts`
--

LOCK TABLES `posts` WRITE;
/*!40000 ALTER TABLE `posts` DISABLE KEYS */;
INSERT INTO `posts` VALUES (1,'4 Expert Tips On How To Choose The Right Men’s Wallet','You should pay more attention when you choose your wallets. There are a lot of them on the market with the different designs and styles. When you choose carefully, you would be able to buy a wallet that is catered to your needs. Not to mention that it will help to enhance your style significantly.','<p>I have seen many people underestimating the power of their wallets. To them, they are just a functional item they use to carry. As a result, they often end up with the wallets which are not really suitable for them.</p>\n\n<p>You should pay more attention when you choose your wallets. There are a lot of them on the market with the different designs and styles. When you choose carefully, you would be able to buy a wallet that is catered to your needs. Not to mention that it will help to enhance your style significantly.</p>\n\n<p style=\"text-align:center\"><img alt=\"f4\" src=\"/storage/news/1.jpg\" /></p>\n\n<p><br />\n&nbsp;</p>\n\n\n\n<p><strong><em>For all of the reason above, here are 7 expert tips to help you pick up the right men&rsquo;s wallet for you:</em></strong></p>\n\n<h4><strong>Number 1: Choose A Neat Wallet</strong></h4>\n\n<p>The wallet is an essential accessory that you should go simple. Simplicity is the best in this case. A simple and neat wallet with the plain color and even&nbsp;<strong>minimalist style</strong>&nbsp;is versatile. It can be used for both formal and casual events. In addition, that wallet will go well with most of the clothes in your wardrobe.</p>\n\n<p>Keep in mind that a wallet will tell other people about your personality and your fashion sense as much as other clothes you put on. Hence, don&rsquo;t go cheesy on your wallet or else people will think that you have a funny and particular style.</p>\n\n<p style=\"text-align:center\"><img alt=\"f5\" src=\"/storage/news/2.jpg\" /></p>\n\n<p><br />\n&nbsp;</p>\n<hr />\n<h4><strong>Number 2: Choose The Right Size For Your Wallet</strong></h4>\n\n<p>You should avoid having an over-sized wallet. Don&rsquo;t think that you need to buy a big wallet because you have a lot to carry with you. In addition, a fat wallet is very ugly. It will make it harder for you to slide the wallet into your trousers&rsquo; pocket. In addition, it will create a bulge and ruin your look.</p>\n\n<p>Before you go on to buy a new wallet, clean out your wallet and place all of the items from your wallet on a table. Throw away things that you would never need any more such as the old bills or the expired gift cards. Remember to check your wallet on a frequent basis to get rid of all of the old stuff that you don&rsquo;t need anymore.</p>\n\n<p style=\"text-align:center\"><img alt=\"f1\" src=\"/storage/news/3.jpg\" /></p>\n\n<p><br />\n&nbsp;</p>\n\n<hr />\n<h4><strong>Number 3: Don&rsquo;t Limit Your Options Of Materials</strong></h4>\n\n<p>The types and designs of wallets are not the only things that you should consider when you go out searching for your best wallet. You have more than 1 option of material rather than leather to choose from as well.</p>\n\n<p>You can experiment with other available options such as cotton, polyester and canvas. They all have their own pros and cons. As a result, they will be suitable for different needs and requirements. You should think about them all in order to choose the material which you would like the most.</p>\n\n<p style=\"text-align:center\"><img alt=\"f6\" height=\"375\" src=\"/storage/news/4.jpg\" /></p>\n\n<p><br />\n&nbsp;</p>\n\n<hr />\n<h4><strong>Number 4: Consider A Wallet As A Long Term Investment</strong></h4>\n\n<p>Your wallet is indeed an investment that you should consider spending a decent amount of time and effort on it. Another factor that you need to consider is how much you want to spend on your wallet. The price ranges of wallets on the market vary a great deal. You can find a wallet which is as cheap as about 5 to 7 dollars. On the other hand, you should expect to pay around 250 to 300 dollars for a high-quality wallet.</p>\n\n<p>In case you need a wallet to use for a long time, it is a good idea that you should invest a decent amount of money on a wallet. A high quality wallet from a reputational brand with the premium quality such as cowhide leather will last for a long time. In addition, it is an accessory to show off your fashion sense and your social status.</p>\n\n<p style=\"text-align:center\"><img alt=\"f2\" height=\"400\" src=\"/storage/news/5.jpg\" /></p>\n\n<p>&nbsp;</p>\n','published',1,'Botble\\ACL\\Models\\User',1,'news/1.jpg',951,NULL,'2022-08-25 18:53:03','2022-08-25 18:53:03'),(2,'Sexy Clutches: How to Buy & Wear a Designer Clutch Bag','You should pay more attention when you choose your wallets. There are a lot of them on the market with the different designs and styles. When you choose carefully, you would be able to buy a wallet that is catered to your needs. Not to mention that it will help to enhance your style significantly.','<p>I have seen many people underestimating the power of their wallets. To them, they are just a functional item they use to carry. As a result, they often end up with the wallets which are not really suitable for them.</p>\n\n<p>You should pay more attention when you choose your wallets. There are a lot of them on the market with the different designs and styles. When you choose carefully, you would be able to buy a wallet that is catered to your needs. Not to mention that it will help to enhance your style significantly.</p>\n\n<p style=\"text-align:center\"><img alt=\"f4\" src=\"/storage/news/1.jpg\" /></p>\n\n<p><br />\n&nbsp;</p>\n\n\n\n<p><strong><em>For all of the reason above, here are 7 expert tips to help you pick up the right men&rsquo;s wallet for you:</em></strong></p>\n\n<h4><strong>Number 1: Choose A Neat Wallet</strong></h4>\n\n<p>The wallet is an essential accessory that you should go simple. Simplicity is the best in this case. A simple and neat wallet with the plain color and even&nbsp;<strong>minimalist style</strong>&nbsp;is versatile. It can be used for both formal and casual events. In addition, that wallet will go well with most of the clothes in your wardrobe.</p>\n\n<p>Keep in mind that a wallet will tell other people about your personality and your fashion sense as much as other clothes you put on. Hence, don&rsquo;t go cheesy on your wallet or else people will think that you have a funny and particular style.</p>\n\n<p style=\"text-align:center\"><img alt=\"f5\" src=\"/storage/news/2.jpg\" /></p>\n\n<p><br />\n&nbsp;</p>\n<hr />\n<h4><strong>Number 2: Choose The Right Size For Your Wallet</strong></h4>\n\n<p>You should avoid having an over-sized wallet. Don&rsquo;t think that you need to buy a big wallet because you have a lot to carry with you. In addition, a fat wallet is very ugly. It will make it harder for you to slide the wallet into your trousers&rsquo; pocket. In addition, it will create a bulge and ruin your look.</p>\n\n<p>Before you go on to buy a new wallet, clean out your wallet and place all of the items from your wallet on a table. Throw away things that you would never need any more such as the old bills or the expired gift cards. Remember to check your wallet on a frequent basis to get rid of all of the old stuff that you don&rsquo;t need anymore.</p>\n\n<p style=\"text-align:center\"><img alt=\"f1\" src=\"/storage/news/3.jpg\" /></p>\n\n<p><br />\n&nbsp;</p>\n\n<hr />\n<h4><strong>Number 3: Don&rsquo;t Limit Your Options Of Materials</strong></h4>\n\n<p>The types and designs of wallets are not the only things that you should consider when you go out searching for your best wallet. You have more than 1 option of material rather than leather to choose from as well.</p>\n\n<p>You can experiment with other available options such as cotton, polyester and canvas. They all have their own pros and cons. As a result, they will be suitable for different needs and requirements. You should think about them all in order to choose the material which you would like the most.</p>\n\n<p style=\"text-align:center\"><img alt=\"f6\" height=\"375\" src=\"/storage/news/4.jpg\" /></p>\n\n<p><br />\n&nbsp;</p>\n\n<hr />\n<h4><strong>Number 4: Consider A Wallet As A Long Term Investment</strong></h4>\n\n<p>Your wallet is indeed an investment that you should consider spending a decent amount of time and effort on it. Another factor that you need to consider is how much you want to spend on your wallet. The price ranges of wallets on the market vary a great deal. You can find a wallet which is as cheap as about 5 to 7 dollars. On the other hand, you should expect to pay around 250 to 300 dollars for a high-quality wallet.</p>\n\n<p>In case you need a wallet to use for a long time, it is a good idea that you should invest a decent amount of money on a wallet. A high quality wallet from a reputational brand with the premium quality such as cowhide leather will last for a long time. In addition, it is an accessory to show off your fashion sense and your social status.</p>\n\n<p style=\"text-align:center\"><img alt=\"f2\" height=\"400\" src=\"/storage/news/5.jpg\" /></p>\n\n<p>&nbsp;</p>\n','published',1,'Botble\\ACL\\Models\\User',1,'news/2.jpg',1650,NULL,'2022-08-25 18:53:03','2022-08-25 18:53:03'),(3,'The Top 2020 Handbag Trends to Know','You should pay more attention when you choose your wallets. There are a lot of them on the market with the different designs and styles. When you choose carefully, you would be able to buy a wallet that is catered to your needs. Not to mention that it will help to enhance your style significantly.','<p>I have seen many people underestimating the power of their wallets. To them, they are just a functional item they use to carry. As a result, they often end up with the wallets which are not really suitable for them.</p>\n\n<p>You should pay more attention when you choose your wallets. There are a lot of them on the market with the different designs and styles. When you choose carefully, you would be able to buy a wallet that is catered to your needs. Not to mention that it will help to enhance your style significantly.</p>\n\n<p style=\"text-align:center\"><img alt=\"f4\" src=\"/storage/news/1.jpg\" /></p>\n\n<p><br />\n&nbsp;</p>\n\n\n\n<p><strong><em>For all of the reason above, here are 7 expert tips to help you pick up the right men&rsquo;s wallet for you:</em></strong></p>\n\n<h4><strong>Number 1: Choose A Neat Wallet</strong></h4>\n\n<p>The wallet is an essential accessory that you should go simple. Simplicity is the best in this case. A simple and neat wallet with the plain color and even&nbsp;<strong>minimalist style</strong>&nbsp;is versatile. It can be used for both formal and casual events. In addition, that wallet will go well with most of the clothes in your wardrobe.</p>\n\n<p>Keep in mind that a wallet will tell other people about your personality and your fashion sense as much as other clothes you put on. Hence, don&rsquo;t go cheesy on your wallet or else people will think that you have a funny and particular style.</p>\n\n<p style=\"text-align:center\"><img alt=\"f5\" src=\"/storage/news/2.jpg\" /></p>\n\n<p><br />\n&nbsp;</p>\n<hr />\n<h4><strong>Number 2: Choose The Right Size For Your Wallet</strong></h4>\n\n<p>You should avoid having an over-sized wallet. Don&rsquo;t think that you need to buy a big wallet because you have a lot to carry with you. In addition, a fat wallet is very ugly. It will make it harder for you to slide the wallet into your trousers&rsquo; pocket. In addition, it will create a bulge and ruin your look.</p>\n\n<p>Before you go on to buy a new wallet, clean out your wallet and place all of the items from your wallet on a table. Throw away things that you would never need any more such as the old bills or the expired gift cards. Remember to check your wallet on a frequent basis to get rid of all of the old stuff that you don&rsquo;t need anymore.</p>\n\n<p style=\"text-align:center\"><img alt=\"f1\" src=\"/storage/news/3.jpg\" /></p>\n\n<p><br />\n&nbsp;</p>\n\n<hr />\n<h4><strong>Number 3: Don&rsquo;t Limit Your Options Of Materials</strong></h4>\n\n<p>The types and designs of wallets are not the only things that you should consider when you go out searching for your best wallet. You have more than 1 option of material rather than leather to choose from as well.</p>\n\n<p>You can experiment with other available options such as cotton, polyester and canvas. They all have their own pros and cons. As a result, they will be suitable for different needs and requirements. You should think about them all in order to choose the material which you would like the most.</p>\n\n<p style=\"text-align:center\"><img alt=\"f6\" height=\"375\" src=\"/storage/news/4.jpg\" /></p>\n\n<p><br />\n&nbsp;</p>\n\n<hr />\n<h4><strong>Number 4: Consider A Wallet As A Long Term Investment</strong></h4>\n\n<p>Your wallet is indeed an investment that you should consider spending a decent amount of time and effort on it. Another factor that you need to consider is how much you want to spend on your wallet. The price ranges of wallets on the market vary a great deal. You can find a wallet which is as cheap as about 5 to 7 dollars. On the other hand, you should expect to pay around 250 to 300 dollars for a high-quality wallet.</p>\n\n<p>In case you need a wallet to use for a long time, it is a good idea that you should invest a decent amount of money on a wallet. A high quality wallet from a reputational brand with the premium quality such as cowhide leather will last for a long time. In addition, it is an accessory to show off your fashion sense and your social status.</p>\n\n<p style=\"text-align:center\"><img alt=\"f2\" height=\"400\" src=\"/storage/news/5.jpg\" /></p>\n\n<p>&nbsp;</p>\n','published',1,'Botble\\ACL\\Models\\User',1,'news/3.jpg',169,NULL,'2022-08-25 18:53:03','2022-08-25 18:53:03'),(4,'How to Match the Color of Your Handbag With an Outfit','You should pay more attention when you choose your wallets. There are a lot of them on the market with the different designs and styles. When you choose carefully, you would be able to buy a wallet that is catered to your needs. Not to mention that it will help to enhance your style significantly.','<p>I have seen many people underestimating the power of their wallets. To them, they are just a functional item they use to carry. As a result, they often end up with the wallets which are not really suitable for them.</p>\n\n<p>You should pay more attention when you choose your wallets. There are a lot of them on the market with the different designs and styles. When you choose carefully, you would be able to buy a wallet that is catered to your needs. Not to mention that it will help to enhance your style significantly.</p>\n\n<p style=\"text-align:center\"><img alt=\"f4\" src=\"/storage/news/1.jpg\" /></p>\n\n<p><br />\n&nbsp;</p>\n\n[featured-products title=\"Shop The Look\" limit=\"6\"][/featured-products]\n\n<p><strong><em>For all of the reason above, here are 7 expert tips to help you pick up the right men&rsquo;s wallet for you:</em></strong></p>\n\n<h4><strong>Number 1: Choose A Neat Wallet</strong></h4>\n\n<p>The wallet is an essential accessory that you should go simple. Simplicity is the best in this case. A simple and neat wallet with the plain color and even&nbsp;<strong>minimalist style</strong>&nbsp;is versatile. It can be used for both formal and casual events. In addition, that wallet will go well with most of the clothes in your wardrobe.</p>\n\n<p>Keep in mind that a wallet will tell other people about your personality and your fashion sense as much as other clothes you put on. Hence, don&rsquo;t go cheesy on your wallet or else people will think that you have a funny and particular style.</p>\n\n<p style=\"text-align:center\"><img alt=\"f5\" src=\"/storage/news/2.jpg\" /></p>\n\n<p><br />\n&nbsp;</p>\n<hr />\n<h4><strong>Number 2: Choose The Right Size For Your Wallet</strong></h4>\n\n<p>You should avoid having an over-sized wallet. Don&rsquo;t think that you need to buy a big wallet because you have a lot to carry with you. In addition, a fat wallet is very ugly. It will make it harder for you to slide the wallet into your trousers&rsquo; pocket. In addition, it will create a bulge and ruin your look.</p>\n\n<p>Before you go on to buy a new wallet, clean out your wallet and place all of the items from your wallet on a table. Throw away things that you would never need any more such as the old bills or the expired gift cards. Remember to check your wallet on a frequent basis to get rid of all of the old stuff that you don&rsquo;t need anymore.</p>\n\n<p style=\"text-align:center\"><img alt=\"f1\" src=\"/storage/news/3.jpg\" /></p>\n\n<p><br />\n&nbsp;</p>\n\n<hr />\n<h4><strong>Number 3: Don&rsquo;t Limit Your Options Of Materials</strong></h4>\n\n<p>The types and designs of wallets are not the only things that you should consider when you go out searching for your best wallet. You have more than 1 option of material rather than leather to choose from as well.</p>\n\n<p>You can experiment with other available options such as cotton, polyester and canvas. They all have their own pros and cons. As a result, they will be suitable for different needs and requirements. You should think about them all in order to choose the material which you would like the most.</p>\n\n<p style=\"text-align:center\"><img alt=\"f6\" height=\"375\" src=\"/storage/news/4.jpg\" /></p>\n\n<p><br />\n&nbsp;</p>\n\n<hr />\n<h4><strong>Number 4: Consider A Wallet As A Long Term Investment</strong></h4>\n\n<p>Your wallet is indeed an investment that you should consider spending a decent amount of time and effort on it. Another factor that you need to consider is how much you want to spend on your wallet. The price ranges of wallets on the market vary a great deal. You can find a wallet which is as cheap as about 5 to 7 dollars. On the other hand, you should expect to pay around 250 to 300 dollars for a high-quality wallet.</p>\n\n<p>In case you need a wallet to use for a long time, it is a good idea that you should invest a decent amount of money on a wallet. A high quality wallet from a reputational brand with the premium quality such as cowhide leather will last for a long time. In addition, it is an accessory to show off your fashion sense and your social status.</p>\n\n<p style=\"text-align:center\"><img alt=\"f2\" height=\"400\" src=\"/storage/news/5.jpg\" /></p>\n\n<p>&nbsp;</p>\n','published',1,'Botble\\ACL\\Models\\User',1,'news/4.jpg',133,NULL,'2022-08-25 18:53:03','2022-08-25 18:53:03'),(5,'How to Care for Leather Bags','You should pay more attention when you choose your wallets. There are a lot of them on the market with the different designs and styles. When you choose carefully, you would be able to buy a wallet that is catered to your needs. Not to mention that it will help to enhance your style significantly.','<p>I have seen many people underestimating the power of their wallets. To them, they are just a functional item they use to carry. As a result, they often end up with the wallets which are not really suitable for them.</p>\n\n<p>You should pay more attention when you choose your wallets. There are a lot of them on the market with the different designs and styles. When you choose carefully, you would be able to buy a wallet that is catered to your needs. Not to mention that it will help to enhance your style significantly.</p>\n\n<p style=\"text-align:center\"><img alt=\"f4\" src=\"/storage/news/1.jpg\" /></p>\n\n<p><br />\n&nbsp;</p>\n\n\n\n<p><strong><em>For all of the reason above, here are 7 expert tips to help you pick up the right men&rsquo;s wallet for you:</em></strong></p>\n\n<h4><strong>Number 1: Choose A Neat Wallet</strong></h4>\n\n<p>The wallet is an essential accessory that you should go simple. Simplicity is the best in this case. A simple and neat wallet with the plain color and even&nbsp;<strong>minimalist style</strong>&nbsp;is versatile. It can be used for both formal and casual events. In addition, that wallet will go well with most of the clothes in your wardrobe.</p>\n\n<p>Keep in mind that a wallet will tell other people about your personality and your fashion sense as much as other clothes you put on. Hence, don&rsquo;t go cheesy on your wallet or else people will think that you have a funny and particular style.</p>\n\n<p style=\"text-align:center\"><img alt=\"f5\" src=\"/storage/news/2.jpg\" /></p>\n\n<p><br />\n&nbsp;</p>\n<hr />\n<h4><strong>Number 2: Choose The Right Size For Your Wallet</strong></h4>\n\n<p>You should avoid having an over-sized wallet. Don&rsquo;t think that you need to buy a big wallet because you have a lot to carry with you. In addition, a fat wallet is very ugly. It will make it harder for you to slide the wallet into your trousers&rsquo; pocket. In addition, it will create a bulge and ruin your look.</p>\n\n<p>Before you go on to buy a new wallet, clean out your wallet and place all of the items from your wallet on a table. Throw away things that you would never need any more such as the old bills or the expired gift cards. Remember to check your wallet on a frequent basis to get rid of all of the old stuff that you don&rsquo;t need anymore.</p>\n\n<p style=\"text-align:center\"><img alt=\"f1\" src=\"/storage/news/3.jpg\" /></p>\n\n<p><br />\n&nbsp;</p>\n\n<hr />\n<h4><strong>Number 3: Don&rsquo;t Limit Your Options Of Materials</strong></h4>\n\n<p>The types and designs of wallets are not the only things that you should consider when you go out searching for your best wallet. You have more than 1 option of material rather than leather to choose from as well.</p>\n\n<p>You can experiment with other available options such as cotton, polyester and canvas. They all have their own pros and cons. As a result, they will be suitable for different needs and requirements. You should think about them all in order to choose the material which you would like the most.</p>\n\n<p style=\"text-align:center\"><img alt=\"f6\" height=\"375\" src=\"/storage/news/4.jpg\" /></p>\n\n<p><br />\n&nbsp;</p>\n\n<hr />\n<h4><strong>Number 4: Consider A Wallet As A Long Term Investment</strong></h4>\n\n<p>Your wallet is indeed an investment that you should consider spending a decent amount of time and effort on it. Another factor that you need to consider is how much you want to spend on your wallet. The price ranges of wallets on the market vary a great deal. You can find a wallet which is as cheap as about 5 to 7 dollars. On the other hand, you should expect to pay around 250 to 300 dollars for a high-quality wallet.</p>\n\n<p>In case you need a wallet to use for a long time, it is a good idea that you should invest a decent amount of money on a wallet. A high quality wallet from a reputational brand with the premium quality such as cowhide leather will last for a long time. In addition, it is an accessory to show off your fashion sense and your social status.</p>\n\n<p style=\"text-align:center\"><img alt=\"f2\" height=\"400\" src=\"/storage/news/5.jpg\" /></p>\n\n<p>&nbsp;</p>\n','published',1,'Botble\\ACL\\Models\\User',1,'news/5.jpg',1179,NULL,'2022-08-25 18:53:03','2022-08-25 18:53:03'),(6,'We\'re Crushing Hard on Summer\'s 10 Biggest Bag Trends','You should pay more attention when you choose your wallets. There are a lot of them on the market with the different designs and styles. When you choose carefully, you would be able to buy a wallet that is catered to your needs. Not to mention that it will help to enhance your style significantly.','<p>I have seen many people underestimating the power of their wallets. To them, they are just a functional item they use to carry. As a result, they often end up with the wallets which are not really suitable for them.</p>\n\n<p>You should pay more attention when you choose your wallets. There are a lot of them on the market with the different designs and styles. When you choose carefully, you would be able to buy a wallet that is catered to your needs. Not to mention that it will help to enhance your style significantly.</p>\n\n<p style=\"text-align:center\"><img alt=\"f4\" src=\"/storage/news/1.jpg\" /></p>\n\n<p><br />\n&nbsp;</p>\n\n\n\n<p><strong><em>For all of the reason above, here are 7 expert tips to help you pick up the right men&rsquo;s wallet for you:</em></strong></p>\n\n<h4><strong>Number 1: Choose A Neat Wallet</strong></h4>\n\n<p>The wallet is an essential accessory that you should go simple. Simplicity is the best in this case. A simple and neat wallet with the plain color and even&nbsp;<strong>minimalist style</strong>&nbsp;is versatile. It can be used for both formal and casual events. In addition, that wallet will go well with most of the clothes in your wardrobe.</p>\n\n<p>Keep in mind that a wallet will tell other people about your personality and your fashion sense as much as other clothes you put on. Hence, don&rsquo;t go cheesy on your wallet or else people will think that you have a funny and particular style.</p>\n\n<p style=\"text-align:center\"><img alt=\"f5\" src=\"/storage/news/2.jpg\" /></p>\n\n<p><br />\n&nbsp;</p>\n<hr />\n<h4><strong>Number 2: Choose The Right Size For Your Wallet</strong></h4>\n\n<p>You should avoid having an over-sized wallet. Don&rsquo;t think that you need to buy a big wallet because you have a lot to carry with you. In addition, a fat wallet is very ugly. It will make it harder for you to slide the wallet into your trousers&rsquo; pocket. In addition, it will create a bulge and ruin your look.</p>\n\n<p>Before you go on to buy a new wallet, clean out your wallet and place all of the items from your wallet on a table. Throw away things that you would never need any more such as the old bills or the expired gift cards. Remember to check your wallet on a frequent basis to get rid of all of the old stuff that you don&rsquo;t need anymore.</p>\n\n<p style=\"text-align:center\"><img alt=\"f1\" src=\"/storage/news/3.jpg\" /></p>\n\n<p><br />\n&nbsp;</p>\n\n<hr />\n<h4><strong>Number 3: Don&rsquo;t Limit Your Options Of Materials</strong></h4>\n\n<p>The types and designs of wallets are not the only things that you should consider when you go out searching for your best wallet. You have more than 1 option of material rather than leather to choose from as well.</p>\n\n<p>You can experiment with other available options such as cotton, polyester and canvas. They all have their own pros and cons. As a result, they will be suitable for different needs and requirements. You should think about them all in order to choose the material which you would like the most.</p>\n\n<p style=\"text-align:center\"><img alt=\"f6\" height=\"375\" src=\"/storage/news/4.jpg\" /></p>\n\n<p><br />\n&nbsp;</p>\n\n<hr />\n<h4><strong>Number 4: Consider A Wallet As A Long Term Investment</strong></h4>\n\n<p>Your wallet is indeed an investment that you should consider spending a decent amount of time and effort on it. Another factor that you need to consider is how much you want to spend on your wallet. The price ranges of wallets on the market vary a great deal. You can find a wallet which is as cheap as about 5 to 7 dollars. On the other hand, you should expect to pay around 250 to 300 dollars for a high-quality wallet.</p>\n\n<p>In case you need a wallet to use for a long time, it is a good idea that you should invest a decent amount of money on a wallet. A high quality wallet from a reputational brand with the premium quality such as cowhide leather will last for a long time. In addition, it is an accessory to show off your fashion sense and your social status.</p>\n\n<p style=\"text-align:center\"><img alt=\"f2\" height=\"400\" src=\"/storage/news/5.jpg\" /></p>\n\n<p>&nbsp;</p>\n','published',1,'Botble\\ACL\\Models\\User',1,'news/6.jpg',994,NULL,'2022-08-25 18:53:04','2022-08-25 18:53:04'),(7,'Essential Qualities of Highly Successful Music','You should pay more attention when you choose your wallets. There are a lot of them on the market with the different designs and styles. When you choose carefully, you would be able to buy a wallet that is catered to your needs. Not to mention that it will help to enhance your style significantly.','<p>I have seen many people underestimating the power of their wallets. To them, they are just a functional item they use to carry. As a result, they often end up with the wallets which are not really suitable for them.</p>\n\n<p>You should pay more attention when you choose your wallets. There are a lot of them on the market with the different designs and styles. When you choose carefully, you would be able to buy a wallet that is catered to your needs. Not to mention that it will help to enhance your style significantly.</p>\n\n<p style=\"text-align:center\"><img alt=\"f4\" src=\"/storage/news/1.jpg\" /></p>\n\n<p><br />\n&nbsp;</p>\n\n\n\n<p><strong><em>For all of the reason above, here are 7 expert tips to help you pick up the right men&rsquo;s wallet for you:</em></strong></p>\n\n<h4><strong>Number 1: Choose A Neat Wallet</strong></h4>\n\n<p>The wallet is an essential accessory that you should go simple. Simplicity is the best in this case. A simple and neat wallet with the plain color and even&nbsp;<strong>minimalist style</strong>&nbsp;is versatile. It can be used for both formal and casual events. In addition, that wallet will go well with most of the clothes in your wardrobe.</p>\n\n<p>Keep in mind that a wallet will tell other people about your personality and your fashion sense as much as other clothes you put on. Hence, don&rsquo;t go cheesy on your wallet or else people will think that you have a funny and particular style.</p>\n\n<p style=\"text-align:center\"><img alt=\"f5\" src=\"/storage/news/2.jpg\" /></p>\n\n<p><br />\n&nbsp;</p>\n<hr />\n<h4><strong>Number 2: Choose The Right Size For Your Wallet</strong></h4>\n\n<p>You should avoid having an over-sized wallet. Don&rsquo;t think that you need to buy a big wallet because you have a lot to carry with you. In addition, a fat wallet is very ugly. It will make it harder for you to slide the wallet into your trousers&rsquo; pocket. In addition, it will create a bulge and ruin your look.</p>\n\n<p>Before you go on to buy a new wallet, clean out your wallet and place all of the items from your wallet on a table. Throw away things that you would never need any more such as the old bills or the expired gift cards. Remember to check your wallet on a frequent basis to get rid of all of the old stuff that you don&rsquo;t need anymore.</p>\n\n<p style=\"text-align:center\"><img alt=\"f1\" src=\"/storage/news/3.jpg\" /></p>\n\n<p><br />\n&nbsp;</p>\n\n<hr />\n<h4><strong>Number 3: Don&rsquo;t Limit Your Options Of Materials</strong></h4>\n\n<p>The types and designs of wallets are not the only things that you should consider when you go out searching for your best wallet. You have more than 1 option of material rather than leather to choose from as well.</p>\n\n<p>You can experiment with other available options such as cotton, polyester and canvas. They all have their own pros and cons. As a result, they will be suitable for different needs and requirements. You should think about them all in order to choose the material which you would like the most.</p>\n\n<p style=\"text-align:center\"><img alt=\"f6\" height=\"375\" src=\"/storage/news/4.jpg\" /></p>\n\n<p><br />\n&nbsp;</p>\n\n<hr />\n<h4><strong>Number 4: Consider A Wallet As A Long Term Investment</strong></h4>\n\n<p>Your wallet is indeed an investment that you should consider spending a decent amount of time and effort on it. Another factor that you need to consider is how much you want to spend on your wallet. The price ranges of wallets on the market vary a great deal. You can find a wallet which is as cheap as about 5 to 7 dollars. On the other hand, you should expect to pay around 250 to 300 dollars for a high-quality wallet.</p>\n\n<p>In case you need a wallet to use for a long time, it is a good idea that you should invest a decent amount of money on a wallet. A high quality wallet from a reputational brand with the premium quality such as cowhide leather will last for a long time. In addition, it is an accessory to show off your fashion sense and your social status.</p>\n\n<p style=\"text-align:center\"><img alt=\"f2\" height=\"400\" src=\"/storage/news/5.jpg\" /></p>\n\n<p>&nbsp;</p>\n','published',1,'Botble\\ACL\\Models\\User',1,'news/7.jpg',243,NULL,'2022-08-25 18:53:04','2022-08-25 18:53:04'),(8,'9 Things I Love About Shaving My Head','You should pay more attention when you choose your wallets. There are a lot of them on the market with the different designs and styles. When you choose carefully, you would be able to buy a wallet that is catered to your needs. Not to mention that it will help to enhance your style significantly.','<p>I have seen many people underestimating the power of their wallets. To them, they are just a functional item they use to carry. As a result, they often end up with the wallets which are not really suitable for them.</p>\n\n<p>You should pay more attention when you choose your wallets. There are a lot of them on the market with the different designs and styles. When you choose carefully, you would be able to buy a wallet that is catered to your needs. Not to mention that it will help to enhance your style significantly.</p>\n\n<p style=\"text-align:center\"><img alt=\"f4\" src=\"/storage/news/1.jpg\" /></p>\n\n<p><br />\n&nbsp;</p>\n\n\n\n<p><strong><em>For all of the reason above, here are 7 expert tips to help you pick up the right men&rsquo;s wallet for you:</em></strong></p>\n\n<h4><strong>Number 1: Choose A Neat Wallet</strong></h4>\n\n<p>The wallet is an essential accessory that you should go simple. Simplicity is the best in this case. A simple and neat wallet with the plain color and even&nbsp;<strong>minimalist style</strong>&nbsp;is versatile. It can be used for both formal and casual events. In addition, that wallet will go well with most of the clothes in your wardrobe.</p>\n\n<p>Keep in mind that a wallet will tell other people about your personality and your fashion sense as much as other clothes you put on. Hence, don&rsquo;t go cheesy on your wallet or else people will think that you have a funny and particular style.</p>\n\n<p style=\"text-align:center\"><img alt=\"f5\" src=\"/storage/news/2.jpg\" /></p>\n\n<p><br />\n&nbsp;</p>\n<hr />\n<h4><strong>Number 2: Choose The Right Size For Your Wallet</strong></h4>\n\n<p>You should avoid having an over-sized wallet. Don&rsquo;t think that you need to buy a big wallet because you have a lot to carry with you. In addition, a fat wallet is very ugly. It will make it harder for you to slide the wallet into your trousers&rsquo; pocket. In addition, it will create a bulge and ruin your look.</p>\n\n<p>Before you go on to buy a new wallet, clean out your wallet and place all of the items from your wallet on a table. Throw away things that you would never need any more such as the old bills or the expired gift cards. Remember to check your wallet on a frequent basis to get rid of all of the old stuff that you don&rsquo;t need anymore.</p>\n\n<p style=\"text-align:center\"><img alt=\"f1\" src=\"/storage/news/3.jpg\" /></p>\n\n<p><br />\n&nbsp;</p>\n\n<hr />\n<h4><strong>Number 3: Don&rsquo;t Limit Your Options Of Materials</strong></h4>\n\n<p>The types and designs of wallets are not the only things that you should consider when you go out searching for your best wallet. You have more than 1 option of material rather than leather to choose from as well.</p>\n\n<p>You can experiment with other available options such as cotton, polyester and canvas. They all have their own pros and cons. As a result, they will be suitable for different needs and requirements. You should think about them all in order to choose the material which you would like the most.</p>\n\n<p style=\"text-align:center\"><img alt=\"f6\" height=\"375\" src=\"/storage/news/4.jpg\" /></p>\n\n<p><br />\n&nbsp;</p>\n\n<hr />\n<h4><strong>Number 4: Consider A Wallet As A Long Term Investment</strong></h4>\n\n<p>Your wallet is indeed an investment that you should consider spending a decent amount of time and effort on it. Another factor that you need to consider is how much you want to spend on your wallet. The price ranges of wallets on the market vary a great deal. You can find a wallet which is as cheap as about 5 to 7 dollars. On the other hand, you should expect to pay around 250 to 300 dollars for a high-quality wallet.</p>\n\n<p>In case you need a wallet to use for a long time, it is a good idea that you should invest a decent amount of money on a wallet. A high quality wallet from a reputational brand with the premium quality such as cowhide leather will last for a long time. In addition, it is an accessory to show off your fashion sense and your social status.</p>\n\n<p style=\"text-align:center\"><img alt=\"f2\" height=\"400\" src=\"/storage/news/5.jpg\" /></p>\n\n<p>&nbsp;</p>\n','published',1,'Botble\\ACL\\Models\\User',1,'news/8.jpg',1479,NULL,'2022-08-25 18:53:04','2022-08-25 18:53:04'),(9,'Why Teamwork Really Makes The Dream Work','You should pay more attention when you choose your wallets. There are a lot of them on the market with the different designs and styles. When you choose carefully, you would be able to buy a wallet that is catered to your needs. Not to mention that it will help to enhance your style significantly.','<p>I have seen many people underestimating the power of their wallets. To them, they are just a functional item they use to carry. As a result, they often end up with the wallets which are not really suitable for them.</p>\n\n<p>You should pay more attention when you choose your wallets. There are a lot of them on the market with the different designs and styles. When you choose carefully, you would be able to buy a wallet that is catered to your needs. Not to mention that it will help to enhance your style significantly.</p>\n\n<p style=\"text-align:center\"><img alt=\"f4\" src=\"/storage/news/1.jpg\" /></p>\n\n<p><br />\n&nbsp;</p>\n\n\n\n<p><strong><em>For all of the reason above, here are 7 expert tips to help you pick up the right men&rsquo;s wallet for you:</em></strong></p>\n\n<h4><strong>Number 1: Choose A Neat Wallet</strong></h4>\n\n<p>The wallet is an essential accessory that you should go simple. Simplicity is the best in this case. A simple and neat wallet with the plain color and even&nbsp;<strong>minimalist style</strong>&nbsp;is versatile. It can be used for both formal and casual events. In addition, that wallet will go well with most of the clothes in your wardrobe.</p>\n\n<p>Keep in mind that a wallet will tell other people about your personality and your fashion sense as much as other clothes you put on. Hence, don&rsquo;t go cheesy on your wallet or else people will think that you have a funny and particular style.</p>\n\n<p style=\"text-align:center\"><img alt=\"f5\" src=\"/storage/news/2.jpg\" /></p>\n\n<p><br />\n&nbsp;</p>\n<hr />\n<h4><strong>Number 2: Choose The Right Size For Your Wallet</strong></h4>\n\n<p>You should avoid having an over-sized wallet. Don&rsquo;t think that you need to buy a big wallet because you have a lot to carry with you. In addition, a fat wallet is very ugly. It will make it harder for you to slide the wallet into your trousers&rsquo; pocket. In addition, it will create a bulge and ruin your look.</p>\n\n<p>Before you go on to buy a new wallet, clean out your wallet and place all of the items from your wallet on a table. Throw away things that you would never need any more such as the old bills or the expired gift cards. Remember to check your wallet on a frequent basis to get rid of all of the old stuff that you don&rsquo;t need anymore.</p>\n\n<p style=\"text-align:center\"><img alt=\"f1\" src=\"/storage/news/3.jpg\" /></p>\n\n<p><br />\n&nbsp;</p>\n\n<hr />\n<h4><strong>Number 3: Don&rsquo;t Limit Your Options Of Materials</strong></h4>\n\n<p>The types and designs of wallets are not the only things that you should consider when you go out searching for your best wallet. You have more than 1 option of material rather than leather to choose from as well.</p>\n\n<p>You can experiment with other available options such as cotton, polyester and canvas. They all have their own pros and cons. As a result, they will be suitable for different needs and requirements. You should think about them all in order to choose the material which you would like the most.</p>\n\n<p style=\"text-align:center\"><img alt=\"f6\" height=\"375\" src=\"/storage/news/4.jpg\" /></p>\n\n<p><br />\n&nbsp;</p>\n\n<hr />\n<h4><strong>Number 4: Consider A Wallet As A Long Term Investment</strong></h4>\n\n<p>Your wallet is indeed an investment that you should consider spending a decent amount of time and effort on it. Another factor that you need to consider is how much you want to spend on your wallet. The price ranges of wallets on the market vary a great deal. You can find a wallet which is as cheap as about 5 to 7 dollars. On the other hand, you should expect to pay around 250 to 300 dollars for a high-quality wallet.</p>\n\n<p>In case you need a wallet to use for a long time, it is a good idea that you should invest a decent amount of money on a wallet. A high quality wallet from a reputational brand with the premium quality such as cowhide leather will last for a long time. In addition, it is an accessory to show off your fashion sense and your social status.</p>\n\n<p style=\"text-align:center\"><img alt=\"f2\" height=\"400\" src=\"/storage/news/5.jpg\" /></p>\n\n<p>&nbsp;</p>\n','published',1,'Botble\\ACL\\Models\\User',1,'news/9.jpg',1592,NULL,'2022-08-25 18:53:04','2022-08-25 18:53:04'),(10,'The World Caters to Average People','You should pay more attention when you choose your wallets. There are a lot of them on the market with the different designs and styles. When you choose carefully, you would be able to buy a wallet that is catered to your needs. Not to mention that it will help to enhance your style significantly.','<p>I have seen many people underestimating the power of their wallets. To them, they are just a functional item they use to carry. As a result, they often end up with the wallets which are not really suitable for them.</p>\n\n<p>You should pay more attention when you choose your wallets. There are a lot of them on the market with the different designs and styles. When you choose carefully, you would be able to buy a wallet that is catered to your needs. Not to mention that it will help to enhance your style significantly.</p>\n\n<p style=\"text-align:center\"><img alt=\"f4\" src=\"/storage/news/1.jpg\" /></p>\n\n<p><br />\n&nbsp;</p>\n\n\n\n<p><strong><em>For all of the reason above, here are 7 expert tips to help you pick up the right men&rsquo;s wallet for you:</em></strong></p>\n\n<h4><strong>Number 1: Choose A Neat Wallet</strong></h4>\n\n<p>The wallet is an essential accessory that you should go simple. Simplicity is the best in this case. A simple and neat wallet with the plain color and even&nbsp;<strong>minimalist style</strong>&nbsp;is versatile. It can be used for both formal and casual events. In addition, that wallet will go well with most of the clothes in your wardrobe.</p>\n\n<p>Keep in mind that a wallet will tell other people about your personality and your fashion sense as much as other clothes you put on. Hence, don&rsquo;t go cheesy on your wallet or else people will think that you have a funny and particular style.</p>\n\n<p style=\"text-align:center\"><img alt=\"f5\" src=\"/storage/news/2.jpg\" /></p>\n\n<p><br />\n&nbsp;</p>\n<hr />\n<h4><strong>Number 2: Choose The Right Size For Your Wallet</strong></h4>\n\n<p>You should avoid having an over-sized wallet. Don&rsquo;t think that you need to buy a big wallet because you have a lot to carry with you. In addition, a fat wallet is very ugly. It will make it harder for you to slide the wallet into your trousers&rsquo; pocket. In addition, it will create a bulge and ruin your look.</p>\n\n<p>Before you go on to buy a new wallet, clean out your wallet and place all of the items from your wallet on a table. Throw away things that you would never need any more such as the old bills or the expired gift cards. Remember to check your wallet on a frequent basis to get rid of all of the old stuff that you don&rsquo;t need anymore.</p>\n\n<p style=\"text-align:center\"><img alt=\"f1\" src=\"/storage/news/3.jpg\" /></p>\n\n<p><br />\n&nbsp;</p>\n\n<hr />\n<h4><strong>Number 3: Don&rsquo;t Limit Your Options Of Materials</strong></h4>\n\n<p>The types and designs of wallets are not the only things that you should consider when you go out searching for your best wallet. You have more than 1 option of material rather than leather to choose from as well.</p>\n\n<p>You can experiment with other available options such as cotton, polyester and canvas. They all have their own pros and cons. As a result, they will be suitable for different needs and requirements. You should think about them all in order to choose the material which you would like the most.</p>\n\n<p style=\"text-align:center\"><img alt=\"f6\" height=\"375\" src=\"/storage/news/4.jpg\" /></p>\n\n<p><br />\n&nbsp;</p>\n\n<hr />\n<h4><strong>Number 4: Consider A Wallet As A Long Term Investment</strong></h4>\n\n<p>Your wallet is indeed an investment that you should consider spending a decent amount of time and effort on it. Another factor that you need to consider is how much you want to spend on your wallet. The price ranges of wallets on the market vary a great deal. You can find a wallet which is as cheap as about 5 to 7 dollars. On the other hand, you should expect to pay around 250 to 300 dollars for a high-quality wallet.</p>\n\n<p>In case you need a wallet to use for a long time, it is a good idea that you should invest a decent amount of money on a wallet. A high quality wallet from a reputational brand with the premium quality such as cowhide leather will last for a long time. In addition, it is an accessory to show off your fashion sense and your social status.</p>\n\n<p style=\"text-align:center\"><img alt=\"f2\" height=\"400\" src=\"/storage/news/5.jpg\" /></p>\n\n<p>&nbsp;</p>\n','published',1,'Botble\\ACL\\Models\\User',1,'news/10.jpg',1801,NULL,'2022-08-25 18:53:04','2022-08-25 18:53:04'),(11,'The litigants on the screen are not actors','You should pay more attention when you choose your wallets. There are a lot of them on the market with the different designs and styles. When you choose carefully, you would be able to buy a wallet that is catered to your needs. Not to mention that it will help to enhance your style significantly.','<p>I have seen many people underestimating the power of their wallets. To them, they are just a functional item they use to carry. As a result, they often end up with the wallets which are not really suitable for them.</p>\n\n<p>You should pay more attention when you choose your wallets. There are a lot of them on the market with the different designs and styles. When you choose carefully, you would be able to buy a wallet that is catered to your needs. Not to mention that it will help to enhance your style significantly.</p>\n\n<p style=\"text-align:center\"><img alt=\"f4\" src=\"/storage/news/1.jpg\" /></p>\n\n<p><br />\n&nbsp;</p>\n\n\n\n<p><strong><em>For all of the reason above, here are 7 expert tips to help you pick up the right men&rsquo;s wallet for you:</em></strong></p>\n\n<h4><strong>Number 1: Choose A Neat Wallet</strong></h4>\n\n<p>The wallet is an essential accessory that you should go simple. Simplicity is the best in this case. A simple and neat wallet with the plain color and even&nbsp;<strong>minimalist style</strong>&nbsp;is versatile. It can be used for both formal and casual events. In addition, that wallet will go well with most of the clothes in your wardrobe.</p>\n\n<p>Keep in mind that a wallet will tell other people about your personality and your fashion sense as much as other clothes you put on. Hence, don&rsquo;t go cheesy on your wallet or else people will think that you have a funny and particular style.</p>\n\n<p style=\"text-align:center\"><img alt=\"f5\" src=\"/storage/news/2.jpg\" /></p>\n\n<p><br />\n&nbsp;</p>\n<hr />\n<h4><strong>Number 2: Choose The Right Size For Your Wallet</strong></h4>\n\n<p>You should avoid having an over-sized wallet. Don&rsquo;t think that you need to buy a big wallet because you have a lot to carry with you. In addition, a fat wallet is very ugly. It will make it harder for you to slide the wallet into your trousers&rsquo; pocket. In addition, it will create a bulge and ruin your look.</p>\n\n<p>Before you go on to buy a new wallet, clean out your wallet and place all of the items from your wallet on a table. Throw away things that you would never need any more such as the old bills or the expired gift cards. Remember to check your wallet on a frequent basis to get rid of all of the old stuff that you don&rsquo;t need anymore.</p>\n\n<p style=\"text-align:center\"><img alt=\"f1\" src=\"/storage/news/3.jpg\" /></p>\n\n<p><br />\n&nbsp;</p>\n\n<hr />\n<h4><strong>Number 3: Don&rsquo;t Limit Your Options Of Materials</strong></h4>\n\n<p>The types and designs of wallets are not the only things that you should consider when you go out searching for your best wallet. You have more than 1 option of material rather than leather to choose from as well.</p>\n\n<p>You can experiment with other available options such as cotton, polyester and canvas. They all have their own pros and cons. As a result, they will be suitable for different needs and requirements. You should think about them all in order to choose the material which you would like the most.</p>\n\n<p style=\"text-align:center\"><img alt=\"f6\" height=\"375\" src=\"/storage/news/4.jpg\" /></p>\n\n<p><br />\n&nbsp;</p>\n\n<hr />\n<h4><strong>Number 4: Consider A Wallet As A Long Term Investment</strong></h4>\n\n<p>Your wallet is indeed an investment that you should consider spending a decent amount of time and effort on it. Another factor that you need to consider is how much you want to spend on your wallet. The price ranges of wallets on the market vary a great deal. You can find a wallet which is as cheap as about 5 to 7 dollars. On the other hand, you should expect to pay around 250 to 300 dollars for a high-quality wallet.</p>\n\n<p>In case you need a wallet to use for a long time, it is a good idea that you should invest a decent amount of money on a wallet. A high quality wallet from a reputational brand with the premium quality such as cowhide leather will last for a long time. In addition, it is an accessory to show off your fashion sense and your social status.</p>\n\n<p style=\"text-align:center\"><img alt=\"f2\" height=\"400\" src=\"/storage/news/5.jpg\" /></p>\n\n<p>&nbsp;</p>\n','published',1,'Botble\\ACL\\Models\\User',0,'news/11.jpg',515,NULL,'2022-08-25 18:53:04','2022-08-25 18:53:04');
/*!40000 ALTER TABLE `posts` ENABLE KEYS */;
UNLOCK TABLES;

--
-- Table structure for table `posts_translations`
--

DROP TABLE IF EXISTS `posts_translations`;
/*!40101 SET @saved_cs_client     = @@character_set_client */;
/*!50503 SET character_set_client = utf8mb4 */;
CREATE TABLE `posts_translations` (
  `lang_code` varchar(191) CHARACTER SET utf8mb4 COLLATE utf8mb4_unicode_ci NOT NULL,
  `posts_id` int NOT NULL,
  `name` varchar(255) CHARACTER SET utf8mb4 COLLATE utf8mb4_unicode_ci DEFAULT NULL,
  `description` varchar(400) CHARACTER SET utf8mb4 COLLATE utf8mb4_unicode_ci DEFAULT NULL,
  `content` longtext CHARACTER SET utf8mb4 COLLATE utf8mb4_unicode_ci,
  PRIMARY KEY (`lang_code`,`posts_id`)
) ENGINE=InnoDB DEFAULT CHARSET=utf8mb4 COLLATE=utf8mb4_unicode_ci;
/*!40101 SET character_set_client = @saved_cs_client */;

--
-- Dumping data for table `posts_translations`
--

LOCK TABLES `posts_translations` WRITE;
/*!40000 ALTER TABLE `posts_translations` DISABLE KEYS */;
INSERT INTO `posts_translations` VALUES ('vi',1,'4 Lời khuyên của Chuyên gia về Cách Chọn Ví Nam Phù hợp','You should pay more attention when you choose your wallets. There are a lot of them on the market with the different designs and styles. When you choose carefully, you would be able to buy a wallet that is catered to your needs. Not to mention that it will help to enhance your style significantly.','<p>I have seen many people underestimating the power of their wallets. To them, they are just a functional item they use to carry. As a result, they often end up with the wallets which are not really suitable for them.</p>\n\n<p>You should pay more attention when you choose your wallets. There are a lot of them on the market with the different designs and styles. When you choose carefully, you would be able to buy a wallet that is catered to your needs. Not to mention that it will help to enhance your style significantly.</p>\n\n<p style=\"text-align:center\"><img alt=\"f4\" src=\"/storage/news/1.jpg\" /></p>\n\n<p><br />\n&nbsp;</p>\n\n\n\n<p><strong><em>For all of the reason above, here are 7 expert tips to help you pick up the right men&rsquo;s wallet for you:</em></strong></p>\n\n<h4><strong>Number 1: Choose A Neat Wallet</strong></h4>\n\n<p>The wallet is an essential accessory that you should go simple. Simplicity is the best in this case. A simple and neat wallet with the plain color and even&nbsp;<strong>minimalist style</strong>&nbsp;is versatile. It can be used for both formal and casual events. In addition, that wallet will go well with most of the clothes in your wardrobe.</p>\n\n<p>Keep in mind that a wallet will tell other people about your personality and your fashion sense as much as other clothes you put on. Hence, don&rsquo;t go cheesy on your wallet or else people will think that you have a funny and particular style.</p>\n\n<p style=\"text-align:center\"><img alt=\"f5\" src=\"/storage/news/2.jpg\" /></p>\n\n<p><br />\n&nbsp;</p>\n<hr />\n<h4><strong>Number 2: Choose The Right Size For Your Wallet</strong></h4>\n\n<p>You should avoid having an over-sized wallet. Don&rsquo;t think that you need to buy a big wallet because you have a lot to carry with you. In addition, a fat wallet is very ugly. It will make it harder for you to slide the wallet into your trousers&rsquo; pocket. In addition, it will create a bulge and ruin your look.</p>\n\n<p>Before you go on to buy a new wallet, clean out your wallet and place all of the items from your wallet on a table. Throw away things that you would never need any more such as the old bills or the expired gift cards. Remember to check your wallet on a frequent basis to get rid of all of the old stuff that you don&rsquo;t need anymore.</p>\n\n<p style=\"text-align:center\"><img alt=\"f1\" src=\"/storage/news/3.jpg\" /></p>\n\n<p><br />\n&nbsp;</p>\n\n<hr />\n<h4><strong>Number 3: Don&rsquo;t Limit Your Options Of Materials</strong></h4>\n\n<p>The types and designs of wallets are not the only things that you should consider when you go out searching for your best wallet. You have more than 1 option of material rather than leather to choose from as well.</p>\n\n<p>You can experiment with other available options such as cotton, polyester and canvas. They all have their own pros and cons. As a result, they will be suitable for different needs and requirements. You should think about them all in order to choose the material which you would like the most.</p>\n\n<p style=\"text-align:center\"><img alt=\"f6\" height=\"375\" src=\"/storage/news/4.jpg\" /></p>\n\n<p><br />\n&nbsp;</p>\n\n<hr />\n<h4><strong>Number 4: Consider A Wallet As A Long Term Investment</strong></h4>\n\n<p>Your wallet is indeed an investment that you should consider spending a decent amount of time and effort on it. Another factor that you need to consider is how much you want to spend on your wallet. The price ranges of wallets on the market vary a great deal. You can find a wallet which is as cheap as about 5 to 7 dollars. On the other hand, you should expect to pay around 250 to 300 dollars for a high-quality wallet.</p>\n\n<p>In case you need a wallet to use for a long time, it is a good idea that you should invest a decent amount of money on a wallet. A high quality wallet from a reputational brand with the premium quality such as cowhide leather will last for a long time. In addition, it is an accessory to show off your fashion sense and your social status.</p>\n\n<p style=\"text-align:center\"><img alt=\"f2\" height=\"400\" src=\"/storage/news/5.jpg\" /></p>\n\n<p>&nbsp;</p>\n'),('vi',2,'Sexy Clutches: Cách Mua & Đeo Túi Clutch Thiết kế','You should pay more attention when you choose your wallets. There are a lot of them on the market with the different designs and styles. When you choose carefully, you would be able to buy a wallet that is catered to your needs. Not to mention that it will help to enhance your style significantly.','<p>I have seen many people underestimating the power of their wallets. To them, they are just a functional item they use to carry. As a result, they often end up with the wallets which are not really suitable for them.</p>\n\n<p>You should pay more attention when you choose your wallets. There are a lot of them on the market with the different designs and styles. When you choose carefully, you would be able to buy a wallet that is catered to your needs. Not to mention that it will help to enhance your style significantly.</p>\n\n<p style=\"text-align:center\"><img alt=\"f4\" src=\"/storage/news/1.jpg\" /></p>\n\n<p><br />\n&nbsp;</p>\n\n\n\n<p><strong><em>For all of the reason above, here are 7 expert tips to help you pick up the right men&rsquo;s wallet for you:</em></strong></p>\n\n<h4><strong>Number 1: Choose A Neat Wallet</strong></h4>\n\n<p>The wallet is an essential accessory that you should go simple. Simplicity is the best in this case. A simple and neat wallet with the plain color and even&nbsp;<strong>minimalist style</strong>&nbsp;is versatile. It can be used for both formal and casual events. In addition, that wallet will go well with most of the clothes in your wardrobe.</p>\n\n<p>Keep in mind that a wallet will tell other people about your personality and your fashion sense as much as other clothes you put on. Hence, don&rsquo;t go cheesy on your wallet or else people will think that you have a funny and particular style.</p>\n\n<p style=\"text-align:center\"><img alt=\"f5\" src=\"/storage/news/2.jpg\" /></p>\n\n<p><br />\n&nbsp;</p>\n<hr />\n<h4><strong>Number 2: Choose The Right Size For Your Wallet</strong></h4>\n\n<p>You should avoid having an over-sized wallet. Don&rsquo;t think that you need to buy a big wallet because you have a lot to carry with you. In addition, a fat wallet is very ugly. It will make it harder for you to slide the wallet into your trousers&rsquo; pocket. In addition, it will create a bulge and ruin your look.</p>\n\n<p>Before you go on to buy a new wallet, clean out your wallet and place all of the items from your wallet on a table. Throw away things that you would never need any more such as the old bills or the expired gift cards. Remember to check your wallet on a frequent basis to get rid of all of the old stuff that you don&rsquo;t need anymore.</p>\n\n<p style=\"text-align:center\"><img alt=\"f1\" src=\"/storage/news/3.jpg\" /></p>\n\n<p><br />\n&nbsp;</p>\n\n<hr />\n<h4><strong>Number 3: Don&rsquo;t Limit Your Options Of Materials</strong></h4>\n\n<p>The types and designs of wallets are not the only things that you should consider when you go out searching for your best wallet. You have more than 1 option of material rather than leather to choose from as well.</p>\n\n<p>You can experiment with other available options such as cotton, polyester and canvas. They all have their own pros and cons. As a result, they will be suitable for different needs and requirements. You should think about them all in order to choose the material which you would like the most.</p>\n\n<p style=\"text-align:center\"><img alt=\"f6\" height=\"375\" src=\"/storage/news/4.jpg\" /></p>\n\n<p><br />\n&nbsp;</p>\n\n<hr />\n<h4><strong>Number 4: Consider A Wallet As A Long Term Investment</strong></h4>\n\n<p>Your wallet is indeed an investment that you should consider spending a decent amount of time and effort on it. Another factor that you need to consider is how much you want to spend on your wallet. The price ranges of wallets on the market vary a great deal. You can find a wallet which is as cheap as about 5 to 7 dollars. On the other hand, you should expect to pay around 250 to 300 dollars for a high-quality wallet.</p>\n\n<p>In case you need a wallet to use for a long time, it is a good idea that you should invest a decent amount of money on a wallet. A high quality wallet from a reputational brand with the premium quality such as cowhide leather will last for a long time. In addition, it is an accessory to show off your fashion sense and your social status.</p>\n\n<p style=\"text-align:center\"><img alt=\"f2\" height=\"400\" src=\"/storage/news/5.jpg\" /></p>\n\n<p>&nbsp;</p>\n'),('vi',3,'Xu hướng túi xách hàng đầu năm 2020 cần biết','You should pay more attention when you choose your wallets. There are a lot of them on the market with the different designs and styles. When you choose carefully, you would be able to buy a wallet that is catered to your needs. Not to mention that it will help to enhance your style significantly.','<p>I have seen many people underestimating the power of their wallets. To them, they are just a functional item they use to carry. As a result, they often end up with the wallets which are not really suitable for them.</p>\n\n<p>You should pay more attention when you choose your wallets. There are a lot of them on the market with the different designs and styles. When you choose carefully, you would be able to buy a wallet that is catered to your needs. Not to mention that it will help to enhance your style significantly.</p>\n\n<p style=\"text-align:center\"><img alt=\"f4\" src=\"/storage/news/1.jpg\" /></p>\n\n<p><br />\n&nbsp;</p>\n\n\n\n<p><strong><em>For all of the reason above, here are 7 expert tips to help you pick up the right men&rsquo;s wallet for you:</em></strong></p>\n\n<h4><strong>Number 1: Choose A Neat Wallet</strong></h4>\n\n<p>The wallet is an essential accessory that you should go simple. Simplicity is the best in this case. A simple and neat wallet with the plain color and even&nbsp;<strong>minimalist style</strong>&nbsp;is versatile. It can be used for both formal and casual events. In addition, that wallet will go well with most of the clothes in your wardrobe.</p>\n\n<p>Keep in mind that a wallet will tell other people about your personality and your fashion sense as much as other clothes you put on. Hence, don&rsquo;t go cheesy on your wallet or else people will think that you have a funny and particular style.</p>\n\n<p style=\"text-align:center\"><img alt=\"f5\" src=\"/storage/news/2.jpg\" /></p>\n\n<p><br />\n&nbsp;</p>\n<hr />\n<h4><strong>Number 2: Choose The Right Size For Your Wallet</strong></h4>\n\n<p>You should avoid having an over-sized wallet. Don&rsquo;t think that you need to buy a big wallet because you have a lot to carry with you. In addition, a fat wallet is very ugly. It will make it harder for you to slide the wallet into your trousers&rsquo; pocket. In addition, it will create a bulge and ruin your look.</p>\n\n<p>Before you go on to buy a new wallet, clean out your wallet and place all of the items from your wallet on a table. Throw away things that you would never need any more such as the old bills or the expired gift cards. Remember to check your wallet on a frequent basis to get rid of all of the old stuff that you don&rsquo;t need anymore.</p>\n\n<p style=\"text-align:center\"><img alt=\"f1\" src=\"/storage/news/3.jpg\" /></p>\n\n<p><br />\n&nbsp;</p>\n\n<hr />\n<h4><strong>Number 3: Don&rsquo;t Limit Your Options Of Materials</strong></h4>\n\n<p>The types and designs of wallets are not the only things that you should consider when you go out searching for your best wallet. You have more than 1 option of material rather than leather to choose from as well.</p>\n\n<p>You can experiment with other available options such as cotton, polyester and canvas. They all have their own pros and cons. As a result, they will be suitable for different needs and requirements. You should think about them all in order to choose the material which you would like the most.</p>\n\n<p style=\"text-align:center\"><img alt=\"f6\" height=\"375\" src=\"/storage/news/4.jpg\" /></p>\n\n<p><br />\n&nbsp;</p>\n\n<hr />\n<h4><strong>Number 4: Consider A Wallet As A Long Term Investment</strong></h4>\n\n<p>Your wallet is indeed an investment that you should consider spending a decent amount of time and effort on it. Another factor that you need to consider is how much you want to spend on your wallet. The price ranges of wallets on the market vary a great deal. You can find a wallet which is as cheap as about 5 to 7 dollars. On the other hand, you should expect to pay around 250 to 300 dollars for a high-quality wallet.</p>\n\n<p>In case you need a wallet to use for a long time, it is a good idea that you should invest a decent amount of money on a wallet. A high quality wallet from a reputational brand with the premium quality such as cowhide leather will last for a long time. In addition, it is an accessory to show off your fashion sense and your social status.</p>\n\n<p style=\"text-align:center\"><img alt=\"f2\" height=\"400\" src=\"/storage/news/5.jpg\" /></p>\n\n<p>&nbsp;</p>\n'),('vi',4,'Cách Phối Màu Túi Xách Của Bạn Với Trang Phục','You should pay more attention when you choose your wallets. There are a lot of them on the market with the different designs and styles. When you choose carefully, you would be able to buy a wallet that is catered to your needs. Not to mention that it will help to enhance your style significantly.','<p>I have seen many people underestimating the power of their wallets. To them, they are just a functional item they use to carry. As a result, they often end up with the wallets which are not really suitable for them.</p>\n\n<p>You should pay more attention when you choose your wallets. There are a lot of them on the market with the different designs and styles. When you choose carefully, you would be able to buy a wallet that is catered to your needs. Not to mention that it will help to enhance your style significantly.</p>\n\n<p style=\"text-align:center\"><img alt=\"f4\" src=\"/storage/news/1.jpg\" /></p>\n\n<p><br />\n&nbsp;</p>\n\n\n\n<p><strong><em>For all of the reason above, here are 7 expert tips to help you pick up the right men&rsquo;s wallet for you:</em></strong></p>\n\n<h4><strong>Number 1: Choose A Neat Wallet</strong></h4>\n\n<p>The wallet is an essential accessory that you should go simple. Simplicity is the best in this case. A simple and neat wallet with the plain color and even&nbsp;<strong>minimalist style</strong>&nbsp;is versatile. It can be used for both formal and casual events. In addition, that wallet will go well with most of the clothes in your wardrobe.</p>\n\n<p>Keep in mind that a wallet will tell other people about your personality and your fashion sense as much as other clothes you put on. Hence, don&rsquo;t go cheesy on your wallet or else people will think that you have a funny and particular style.</p>\n\n<p style=\"text-align:center\"><img alt=\"f5\" src=\"/storage/news/2.jpg\" /></p>\n\n<p><br />\n&nbsp;</p>\n<hr />\n<h4><strong>Number 2: Choose The Right Size For Your Wallet</strong></h4>\n\n<p>You should avoid having an over-sized wallet. Don&rsquo;t think that you need to buy a big wallet because you have a lot to carry with you. In addition, a fat wallet is very ugly. It will make it harder for you to slide the wallet into your trousers&rsquo; pocket. In addition, it will create a bulge and ruin your look.</p>\n\n<p>Before you go on to buy a new wallet, clean out your wallet and place all of the items from your wallet on a table. Throw away things that you would never need any more such as the old bills or the expired gift cards. Remember to check your wallet on a frequent basis to get rid of all of the old stuff that you don&rsquo;t need anymore.</p>\n\n<p style=\"text-align:center\"><img alt=\"f1\" src=\"/storage/news/3.jpg\" /></p>\n\n<p><br />\n&nbsp;</p>\n\n<hr />\n<h4><strong>Number 3: Don&rsquo;t Limit Your Options Of Materials</strong></h4>\n\n<p>The types and designs of wallets are not the only things that you should consider when you go out searching for your best wallet. You have more than 1 option of material rather than leather to choose from as well.</p>\n\n<p>You can experiment with other available options such as cotton, polyester and canvas. They all have their own pros and cons. As a result, they will be suitable for different needs and requirements. You should think about them all in order to choose the material which you would like the most.</p>\n\n<p style=\"text-align:center\"><img alt=\"f6\" height=\"375\" src=\"/storage/news/4.jpg\" /></p>\n\n<p><br />\n&nbsp;</p>\n\n<hr />\n<h4><strong>Number 4: Consider A Wallet As A Long Term Investment</strong></h4>\n\n<p>Your wallet is indeed an investment that you should consider spending a decent amount of time and effort on it. Another factor that you need to consider is how much you want to spend on your wallet. The price ranges of wallets on the market vary a great deal. You can find a wallet which is as cheap as about 5 to 7 dollars. On the other hand, you should expect to pay around 250 to 300 dollars for a high-quality wallet.</p>\n\n<p>In case you need a wallet to use for a long time, it is a good idea that you should invest a decent amount of money on a wallet. A high quality wallet from a reputational brand with the premium quality such as cowhide leather will last for a long time. In addition, it is an accessory to show off your fashion sense and your social status.</p>\n\n<p style=\"text-align:center\"><img alt=\"f2\" height=\"400\" src=\"/storage/news/5.jpg\" /></p>\n\n<p>&nbsp;</p>\n'),('vi',5,'Cách Chăm sóc Túi Da','You should pay more attention when you choose your wallets. There are a lot of them on the market with the different designs and styles. When you choose carefully, you would be able to buy a wallet that is catered to your needs. Not to mention that it will help to enhance your style significantly.','<p>I have seen many people underestimating the power of their wallets. To them, they are just a functional item they use to carry. As a result, they often end up with the wallets which are not really suitable for them.</p>\n\n<p>You should pay more attention when you choose your wallets. There are a lot of them on the market with the different designs and styles. When you choose carefully, you would be able to buy a wallet that is catered to your needs. Not to mention that it will help to enhance your style significantly.</p>\n\n<p style=\"text-align:center\"><img alt=\"f4\" src=\"/storage/news/1.jpg\" /></p>\n\n<p><br />\n&nbsp;</p>\n\n\n\n<p><strong><em>For all of the reason above, here are 7 expert tips to help you pick up the right men&rsquo;s wallet for you:</em></strong></p>\n\n<h4><strong>Number 1: Choose A Neat Wallet</strong></h4>\n\n<p>The wallet is an essential accessory that you should go simple. Simplicity is the best in this case. A simple and neat wallet with the plain color and even&nbsp;<strong>minimalist style</strong>&nbsp;is versatile. It can be used for both formal and casual events. In addition, that wallet will go well with most of the clothes in your wardrobe.</p>\n\n<p>Keep in mind that a wallet will tell other people about your personality and your fashion sense as much as other clothes you put on. Hence, don&rsquo;t go cheesy on your wallet or else people will think that you have a funny and particular style.</p>\n\n<p style=\"text-align:center\"><img alt=\"f5\" src=\"/storage/news/2.jpg\" /></p>\n\n<p><br />\n&nbsp;</p>\n<hr />\n<h4><strong>Number 2: Choose The Right Size For Your Wallet</strong></h4>\n\n<p>You should avoid having an over-sized wallet. Don&rsquo;t think that you need to buy a big wallet because you have a lot to carry with you. In addition, a fat wallet is very ugly. It will make it harder for you to slide the wallet into your trousers&rsquo; pocket. In addition, it will create a bulge and ruin your look.</p>\n\n<p>Before you go on to buy a new wallet, clean out your wallet and place all of the items from your wallet on a table. Throw away things that you would never need any more such as the old bills or the expired gift cards. Remember to check your wallet on a frequent basis to get rid of all of the old stuff that you don&rsquo;t need anymore.</p>\n\n<p style=\"text-align:center\"><img alt=\"f1\" src=\"/storage/news/3.jpg\" /></p>\n\n<p><br />\n&nbsp;</p>\n\n<hr />\n<h4><strong>Number 3: Don&rsquo;t Limit Your Options Of Materials</strong></h4>\n\n<p>The types and designs of wallets are not the only things that you should consider when you go out searching for your best wallet. You have more than 1 option of material rather than leather to choose from as well.</p>\n\n<p>You can experiment with other available options such as cotton, polyester and canvas. They all have their own pros and cons. As a result, they will be suitable for different needs and requirements. You should think about them all in order to choose the material which you would like the most.</p>\n\n<p style=\"text-align:center\"><img alt=\"f6\" height=\"375\" src=\"/storage/news/4.jpg\" /></p>\n\n<p><br />\n&nbsp;</p>\n\n<hr />\n<h4><strong>Number 4: Consider A Wallet As A Long Term Investment</strong></h4>\n\n<p>Your wallet is indeed an investment that you should consider spending a decent amount of time and effort on it. Another factor that you need to consider is how much you want to spend on your wallet. The price ranges of wallets on the market vary a great deal. You can find a wallet which is as cheap as about 5 to 7 dollars. On the other hand, you should expect to pay around 250 to 300 dollars for a high-quality wallet.</p>\n\n<p>In case you need a wallet to use for a long time, it is a good idea that you should invest a decent amount of money on a wallet. A high quality wallet from a reputational brand with the premium quality such as cowhide leather will last for a long time. In addition, it is an accessory to show off your fashion sense and your social status.</p>\n\n<p style=\"text-align:center\"><img alt=\"f2\" height=\"400\" src=\"/storage/news/5.jpg\" /></p>\n\n<p>&nbsp;</p>\n'),('vi',6,'Chúng tôi đang nghiền ngẫm 10 xu hướng túi lớn nhất của mùa hè','You should pay more attention when you choose your wallets. There are a lot of them on the market with the different designs and styles. When you choose carefully, you would be able to buy a wallet that is catered to your needs. Not to mention that it will help to enhance your style significantly.','<p>I have seen many people underestimating the power of their wallets. To them, they are just a functional item they use to carry. As a result, they often end up with the wallets which are not really suitable for them.</p>\n\n<p>You should pay more attention when you choose your wallets. There are a lot of them on the market with the different designs and styles. When you choose carefully, you would be able to buy a wallet that is catered to your needs. Not to mention that it will help to enhance your style significantly.</p>\n\n<p style=\"text-align:center\"><img alt=\"f4\" src=\"/storage/news/1.jpg\" /></p>\n\n<p><br />\n&nbsp;</p>\n\n\n\n<p><strong><em>For all of the reason above, here are 7 expert tips to help you pick up the right men&rsquo;s wallet for you:</em></strong></p>\n\n<h4><strong>Number 1: Choose A Neat Wallet</strong></h4>\n\n<p>The wallet is an essential accessory that you should go simple. Simplicity is the best in this case. A simple and neat wallet with the plain color and even&nbsp;<strong>minimalist style</strong>&nbsp;is versatile. It can be used for both formal and casual events. In addition, that wallet will go well with most of the clothes in your wardrobe.</p>\n\n<p>Keep in mind that a wallet will tell other people about your personality and your fashion sense as much as other clothes you put on. Hence, don&rsquo;t go cheesy on your wallet or else people will think that you have a funny and particular style.</p>\n\n<p style=\"text-align:center\"><img alt=\"f5\" src=\"/storage/news/2.jpg\" /></p>\n\n<p><br />\n&nbsp;</p>\n<hr />\n<h4><strong>Number 2: Choose The Right Size For Your Wallet</strong></h4>\n\n<p>You should avoid having an over-sized wallet. Don&rsquo;t think that you need to buy a big wallet because you have a lot to carry with you. In addition, a fat wallet is very ugly. It will make it harder for you to slide the wallet into your trousers&rsquo; pocket. In addition, it will create a bulge and ruin your look.</p>\n\n<p>Before you go on to buy a new wallet, clean out your wallet and place all of the items from your wallet on a table. Throw away things that you would never need any more such as the old bills or the expired gift cards. Remember to check your wallet on a frequent basis to get rid of all of the old stuff that you don&rsquo;t need anymore.</p>\n\n<p style=\"text-align:center\"><img alt=\"f1\" src=\"/storage/news/3.jpg\" /></p>\n\n<p><br />\n&nbsp;</p>\n\n<hr />\n<h4><strong>Number 3: Don&rsquo;t Limit Your Options Of Materials</strong></h4>\n\n<p>The types and designs of wallets are not the only things that you should consider when you go out searching for your best wallet. You have more than 1 option of material rather than leather to choose from as well.</p>\n\n<p>You can experiment with other available options such as cotton, polyester and canvas. They all have their own pros and cons. As a result, they will be suitable for different needs and requirements. You should think about them all in order to choose the material which you would like the most.</p>\n\n<p style=\"text-align:center\"><img alt=\"f6\" height=\"375\" src=\"/storage/news/4.jpg\" /></p>\n\n<p><br />\n&nbsp;</p>\n\n<hr />\n<h4><strong>Number 4: Consider A Wallet As A Long Term Investment</strong></h4>\n\n<p>Your wallet is indeed an investment that you should consider spending a decent amount of time and effort on it. Another factor that you need to consider is how much you want to spend on your wallet. The price ranges of wallets on the market vary a great deal. You can find a wallet which is as cheap as about 5 to 7 dollars. On the other hand, you should expect to pay around 250 to 300 dollars for a high-quality wallet.</p>\n\n<p>In case you need a wallet to use for a long time, it is a good idea that you should invest a decent amount of money on a wallet. A high quality wallet from a reputational brand with the premium quality such as cowhide leather will last for a long time. In addition, it is an accessory to show off your fashion sense and your social status.</p>\n\n<p style=\"text-align:center\"><img alt=\"f2\" height=\"400\" src=\"/storage/news/5.jpg\" /></p>\n\n<p>&nbsp;</p>\n'),('vi',7,'Những phẩm chất cần thiết của âm nhạc thành công cao','You should pay more attention when you choose your wallets. There are a lot of them on the market with the different designs and styles. When you choose carefully, you would be able to buy a wallet that is catered to your needs. Not to mention that it will help to enhance your style significantly.','<p>I have seen many people underestimating the power of their wallets. To them, they are just a functional item they use to carry. As a result, they often end up with the wallets which are not really suitable for them.</p>\n\n<p>You should pay more attention when you choose your wallets. There are a lot of them on the market with the different designs and styles. When you choose carefully, you would be able to buy a wallet that is catered to your needs. Not to mention that it will help to enhance your style significantly.</p>\n\n<p style=\"text-align:center\"><img alt=\"f4\" src=\"/storage/news/1.jpg\" /></p>\n\n<p><br />\n&nbsp;</p>\n\n\n\n<p><strong><em>For all of the reason above, here are 7 expert tips to help you pick up the right men&rsquo;s wallet for you:</em></strong></p>\n\n<h4><strong>Number 1: Choose A Neat Wallet</strong></h4>\n\n<p>The wallet is an essential accessory that you should go simple. Simplicity is the best in this case. A simple and neat wallet with the plain color and even&nbsp;<strong>minimalist style</strong>&nbsp;is versatile. It can be used for both formal and casual events. In addition, that wallet will go well with most of the clothes in your wardrobe.</p>\n\n<p>Keep in mind that a wallet will tell other people about your personality and your fashion sense as much as other clothes you put on. Hence, don&rsquo;t go cheesy on your wallet or else people will think that you have a funny and particular style.</p>\n\n<p style=\"text-align:center\"><img alt=\"f5\" src=\"/storage/news/2.jpg\" /></p>\n\n<p><br />\n&nbsp;</p>\n<hr />\n<h4><strong>Number 2: Choose The Right Size For Your Wallet</strong></h4>\n\n<p>You should avoid having an over-sized wallet. Don&rsquo;t think that you need to buy a big wallet because you have a lot to carry with you. In addition, a fat wallet is very ugly. It will make it harder for you to slide the wallet into your trousers&rsquo; pocket. In addition, it will create a bulge and ruin your look.</p>\n\n<p>Before you go on to buy a new wallet, clean out your wallet and place all of the items from your wallet on a table. Throw away things that you would never need any more such as the old bills or the expired gift cards. Remember to check your wallet on a frequent basis to get rid of all of the old stuff that you don&rsquo;t need anymore.</p>\n\n<p style=\"text-align:center\"><img alt=\"f1\" src=\"/storage/news/3.jpg\" /></p>\n\n<p><br />\n&nbsp;</p>\n\n<hr />\n<h4><strong>Number 3: Don&rsquo;t Limit Your Options Of Materials</strong></h4>\n\n<p>The types and designs of wallets are not the only things that you should consider when you go out searching for your best wallet. You have more than 1 option of material rather than leather to choose from as well.</p>\n\n<p>You can experiment with other available options such as cotton, polyester and canvas. They all have their own pros and cons. As a result, they will be suitable for different needs and requirements. You should think about them all in order to choose the material which you would like the most.</p>\n\n<p style=\"text-align:center\"><img alt=\"f6\" height=\"375\" src=\"/storage/news/4.jpg\" /></p>\n\n<p><br />\n&nbsp;</p>\n\n<hr />\n<h4><strong>Number 4: Consider A Wallet As A Long Term Investment</strong></h4>\n\n<p>Your wallet is indeed an investment that you should consider spending a decent amount of time and effort on it. Another factor that you need to consider is how much you want to spend on your wallet. The price ranges of wallets on the market vary a great deal. You can find a wallet which is as cheap as about 5 to 7 dollars. On the other hand, you should expect to pay around 250 to 300 dollars for a high-quality wallet.</p>\n\n<p>In case you need a wallet to use for a long time, it is a good idea that you should invest a decent amount of money on a wallet. A high quality wallet from a reputational brand with the premium quality such as cowhide leather will last for a long time. In addition, it is an accessory to show off your fashion sense and your social status.</p>\n\n<p style=\"text-align:center\"><img alt=\"f2\" height=\"400\" src=\"/storage/news/5.jpg\" /></p>\n\n<p>&nbsp;</p>\n'),('vi',8,'9 điều tôi thích khi cạo đầu','You should pay more attention when you choose your wallets. There are a lot of them on the market with the different designs and styles. When you choose carefully, you would be able to buy a wallet that is catered to your needs. Not to mention that it will help to enhance your style significantly.','<p>I have seen many people underestimating the power of their wallets. To them, they are just a functional item they use to carry. As a result, they often end up with the wallets which are not really suitable for them.</p>\n\n<p>You should pay more attention when you choose your wallets. There are a lot of them on the market with the different designs and styles. When you choose carefully, you would be able to buy a wallet that is catered to your needs. Not to mention that it will help to enhance your style significantly.</p>\n\n<p style=\"text-align:center\"><img alt=\"f4\" src=\"/storage/news/1.jpg\" /></p>\n\n<p><br />\n&nbsp;</p>\n\n\n\n<p><strong><em>For all of the reason above, here are 7 expert tips to help you pick up the right men&rsquo;s wallet for you:</em></strong></p>\n\n<h4><strong>Number 1: Choose A Neat Wallet</strong></h4>\n\n<p>The wallet is an essential accessory that you should go simple. Simplicity is the best in this case. A simple and neat wallet with the plain color and even&nbsp;<strong>minimalist style</strong>&nbsp;is versatile. It can be used for both formal and casual events. In addition, that wallet will go well with most of the clothes in your wardrobe.</p>\n\n<p>Keep in mind that a wallet will tell other people about your personality and your fashion sense as much as other clothes you put on. Hence, don&rsquo;t go cheesy on your wallet or else people will think that you have a funny and particular style.</p>\n\n<p style=\"text-align:center\"><img alt=\"f5\" src=\"/storage/news/2.jpg\" /></p>\n\n<p><br />\n&nbsp;</p>\n<hr />\n<h4><strong>Number 2: Choose The Right Size For Your Wallet</strong></h4>\n\n<p>You should avoid having an over-sized wallet. Don&rsquo;t think that you need to buy a big wallet because you have a lot to carry with you. In addition, a fat wallet is very ugly. It will make it harder for you to slide the wallet into your trousers&rsquo; pocket. In addition, it will create a bulge and ruin your look.</p>\n\n<p>Before you go on to buy a new wallet, clean out your wallet and place all of the items from your wallet on a table. Throw away things that you would never need any more such as the old bills or the expired gift cards. Remember to check your wallet on a frequent basis to get rid of all of the old stuff that you don&rsquo;t need anymore.</p>\n\n<p style=\"text-align:center\"><img alt=\"f1\" src=\"/storage/news/3.jpg\" /></p>\n\n<p><br />\n&nbsp;</p>\n\n<hr />\n<h4><strong>Number 3: Don&rsquo;t Limit Your Options Of Materials</strong></h4>\n\n<p>The types and designs of wallets are not the only things that you should consider when you go out searching for your best wallet. You have more than 1 option of material rather than leather to choose from as well.</p>\n\n<p>You can experiment with other available options such as cotton, polyester and canvas. They all have their own pros and cons. As a result, they will be suitable for different needs and requirements. You should think about them all in order to choose the material which you would like the most.</p>\n\n<p style=\"text-align:center\"><img alt=\"f6\" height=\"375\" src=\"/storage/news/4.jpg\" /></p>\n\n<p><br />\n&nbsp;</p>\n\n<hr />\n<h4><strong>Number 4: Consider A Wallet As A Long Term Investment</strong></h4>\n\n<p>Your wallet is indeed an investment that you should consider spending a decent amount of time and effort on it. Another factor that you need to consider is how much you want to spend on your wallet. The price ranges of wallets on the market vary a great deal. You can find a wallet which is as cheap as about 5 to 7 dollars. On the other hand, you should expect to pay around 250 to 300 dollars for a high-quality wallet.</p>\n\n<p>In case you need a wallet to use for a long time, it is a good idea that you should invest a decent amount of money on a wallet. A high quality wallet from a reputational brand with the premium quality such as cowhide leather will last for a long time. In addition, it is an accessory to show off your fashion sense and your social status.</p>\n\n<p style=\"text-align:center\"><img alt=\"f2\" height=\"400\" src=\"/storage/news/5.jpg\" /></p>\n\n<p>&nbsp;</p>\n'),('vi',9,'Tại sao làm việc theo nhóm thực sự biến giấc mơ thành công','You should pay more attention when you choose your wallets. There are a lot of them on the market with the different designs and styles. When you choose carefully, you would be able to buy a wallet that is catered to your needs. Not to mention that it will help to enhance your style significantly.','<p>I have seen many people underestimating the power of their wallets. To them, they are just a functional item they use to carry. As a result, they often end up with the wallets which are not really suitable for them.</p>\n\n<p>You should pay more attention when you choose your wallets. There are a lot of them on the market with the different designs and styles. When you choose carefully, you would be able to buy a wallet that is catered to your needs. Not to mention that it will help to enhance your style significantly.</p>\n\n<p style=\"text-align:center\"><img alt=\"f4\" src=\"/storage/news/1.jpg\" /></p>\n\n<p><br />\n&nbsp;</p>\n\n\n\n<p><strong><em>For all of the reason above, here are 7 expert tips to help you pick up the right men&rsquo;s wallet for you:</em></strong></p>\n\n<h4><strong>Number 1: Choose A Neat Wallet</strong></h4>\n\n<p>The wallet is an essential accessory that you should go simple. Simplicity is the best in this case. A simple and neat wallet with the plain color and even&nbsp;<strong>minimalist style</strong>&nbsp;is versatile. It can be used for both formal and casual events. In addition, that wallet will go well with most of the clothes in your wardrobe.</p>\n\n<p>Keep in mind that a wallet will tell other people about your personality and your fashion sense as much as other clothes you put on. Hence, don&rsquo;t go cheesy on your wallet or else people will think that you have a funny and particular style.</p>\n\n<p style=\"text-align:center\"><img alt=\"f5\" src=\"/storage/news/2.jpg\" /></p>\n\n<p><br />\n&nbsp;</p>\n<hr />\n<h4><strong>Number 2: Choose The Right Size For Your Wallet</strong></h4>\n\n<p>You should avoid having an over-sized wallet. Don&rsquo;t think that you need to buy a big wallet because you have a lot to carry with you. In addition, a fat wallet is very ugly. It will make it harder for you to slide the wallet into your trousers&rsquo; pocket. In addition, it will create a bulge and ruin your look.</p>\n\n<p>Before you go on to buy a new wallet, clean out your wallet and place all of the items from your wallet on a table. Throw away things that you would never need any more such as the old bills or the expired gift cards. Remember to check your wallet on a frequent basis to get rid of all of the old stuff that you don&rsquo;t need anymore.</p>\n\n<p style=\"text-align:center\"><img alt=\"f1\" src=\"/storage/news/3.jpg\" /></p>\n\n<p><br />\n&nbsp;</p>\n\n<hr />\n<h4><strong>Number 3: Don&rsquo;t Limit Your Options Of Materials</strong></h4>\n\n<p>The types and designs of wallets are not the only things that you should consider when you go out searching for your best wallet. You have more than 1 option of material rather than leather to choose from as well.</p>\n\n<p>You can experiment with other available options such as cotton, polyester and canvas. They all have their own pros and cons. As a result, they will be suitable for different needs and requirements. You should think about them all in order to choose the material which you would like the most.</p>\n\n<p style=\"text-align:center\"><img alt=\"f6\" height=\"375\" src=\"/storage/news/4.jpg\" /></p>\n\n<p><br />\n&nbsp;</p>\n\n<hr />\n<h4><strong>Number 4: Consider A Wallet As A Long Term Investment</strong></h4>\n\n<p>Your wallet is indeed an investment that you should consider spending a decent amount of time and effort on it. Another factor that you need to consider is how much you want to spend on your wallet. The price ranges of wallets on the market vary a great deal. You can find a wallet which is as cheap as about 5 to 7 dollars. On the other hand, you should expect to pay around 250 to 300 dollars for a high-quality wallet.</p>\n\n<p>In case you need a wallet to use for a long time, it is a good idea that you should invest a decent amount of money on a wallet. A high quality wallet from a reputational brand with the premium quality such as cowhide leather will last for a long time. In addition, it is an accessory to show off your fashion sense and your social status.</p>\n\n<p style=\"text-align:center\"><img alt=\"f2\" height=\"400\" src=\"/storage/news/5.jpg\" /></p>\n\n<p>&nbsp;</p>\n'),('vi',10,'Thế giới phục vụ cho những người trung bình','You should pay more attention when you choose your wallets. There are a lot of them on the market with the different designs and styles. When you choose carefully, you would be able to buy a wallet that is catered to your needs. Not to mention that it will help to enhance your style significantly.','<p>I have seen many people underestimating the power of their wallets. To them, they are just a functional item they use to carry. As a result, they often end up with the wallets which are not really suitable for them.</p>\n\n<p>You should pay more attention when you choose your wallets. There are a lot of them on the market with the different designs and styles. When you choose carefully, you would be able to buy a wallet that is catered to your needs. Not to mention that it will help to enhance your style significantly.</p>\n\n<p style=\"text-align:center\"><img alt=\"f4\" src=\"/storage/news/1.jpg\" /></p>\n\n<p><br />\n&nbsp;</p>\n\n\n\n<p><strong><em>For all of the reason above, here are 7 expert tips to help you pick up the right men&rsquo;s wallet for you:</em></strong></p>\n\n<h4><strong>Number 1: Choose A Neat Wallet</strong></h4>\n\n<p>The wallet is an essential accessory that you should go simple. Simplicity is the best in this case. A simple and neat wallet with the plain color and even&nbsp;<strong>minimalist style</strong>&nbsp;is versatile. It can be used for both formal and casual events. In addition, that wallet will go well with most of the clothes in your wardrobe.</p>\n\n<p>Keep in mind that a wallet will tell other people about your personality and your fashion sense as much as other clothes you put on. Hence, don&rsquo;t go cheesy on your wallet or else people will think that you have a funny and particular style.</p>\n\n<p style=\"text-align:center\"><img alt=\"f5\" src=\"/storage/news/2.jpg\" /></p>\n\n<p><br />\n&nbsp;</p>\n<hr />\n<h4><strong>Number 2: Choose The Right Size For Your Wallet</strong></h4>\n\n<p>You should avoid having an over-sized wallet. Don&rsquo;t think that you need to buy a big wallet because you have a lot to carry with you. In addition, a fat wallet is very ugly. It will make it harder for you to slide the wallet into your trousers&rsquo; pocket. In addition, it will create a bulge and ruin your look.</p>\n\n<p>Before you go on to buy a new wallet, clean out your wallet and place all of the items from your wallet on a table. Throw away things that you would never need any more such as the old bills or the expired gift cards. Remember to check your wallet on a frequent basis to get rid of all of the old stuff that you don&rsquo;t need anymore.</p>\n\n<p style=\"text-align:center\"><img alt=\"f1\" src=\"/storage/news/3.jpg\" /></p>\n\n<p><br />\n&nbsp;</p>\n\n<hr />\n<h4><strong>Number 3: Don&rsquo;t Limit Your Options Of Materials</strong></h4>\n\n<p>The types and designs of wallets are not the only things that you should consider when you go out searching for your best wallet. You have more than 1 option of material rather than leather to choose from as well.</p>\n\n<p>You can experiment with other available options such as cotton, polyester and canvas. They all have their own pros and cons. As a result, they will be suitable for different needs and requirements. You should think about them all in order to choose the material which you would like the most.</p>\n\n<p style=\"text-align:center\"><img alt=\"f6\" height=\"375\" src=\"/storage/news/4.jpg\" /></p>\n\n<p><br />\n&nbsp;</p>\n\n<hr />\n<h4><strong>Number 4: Consider A Wallet As A Long Term Investment</strong></h4>\n\n<p>Your wallet is indeed an investment that you should consider spending a decent amount of time and effort on it. Another factor that you need to consider is how much you want to spend on your wallet. The price ranges of wallets on the market vary a great deal. You can find a wallet which is as cheap as about 5 to 7 dollars. On the other hand, you should expect to pay around 250 to 300 dollars for a high-quality wallet.</p>\n\n<p>In case you need a wallet to use for a long time, it is a good idea that you should invest a decent amount of money on a wallet. A high quality wallet from a reputational brand with the premium quality such as cowhide leather will last for a long time. In addition, it is an accessory to show off your fashion sense and your social status.</p>\n\n<p style=\"text-align:center\"><img alt=\"f2\" height=\"400\" src=\"/storage/news/5.jpg\" /></p>\n\n<p>&nbsp;</p>\n'),('vi',11,'Các đương sự trên màn hình không phải là diễn viên','You should pay more attention when you choose your wallets. There are a lot of them on the market with the different designs and styles. When you choose carefully, you would be able to buy a wallet that is catered to your needs. Not to mention that it will help to enhance your style significantly.','<p>I have seen many people underestimating the power of their wallets. To them, they are just a functional item they use to carry. As a result, they often end up with the wallets which are not really suitable for them.</p>\n\n<p>You should pay more attention when you choose your wallets. There are a lot of them on the market with the different designs and styles. When you choose carefully, you would be able to buy a wallet that is catered to your needs. Not to mention that it will help to enhance your style significantly.</p>\n\n<p style=\"text-align:center\"><img alt=\"f4\" src=\"/storage/news/1.jpg\" /></p>\n\n<p><br />\n&nbsp;</p>\n\n\n\n<p><strong><em>For all of the reason above, here are 7 expert tips to help you pick up the right men&rsquo;s wallet for you:</em></strong></p>\n\n<h4><strong>Number 1: Choose A Neat Wallet</strong></h4>\n\n<p>The wallet is an essential accessory that you should go simple. Simplicity is the best in this case. A simple and neat wallet with the plain color and even&nbsp;<strong>minimalist style</strong>&nbsp;is versatile. It can be used for both formal and casual events. In addition, that wallet will go well with most of the clothes in your wardrobe.</p>\n\n<p>Keep in mind that a wallet will tell other people about your personality and your fashion sense as much as other clothes you put on. Hence, don&rsquo;t go cheesy on your wallet or else people will think that you have a funny and particular style.</p>\n\n<p style=\"text-align:center\"><img alt=\"f5\" src=\"/storage/news/2.jpg\" /></p>\n\n<p><br />\n&nbsp;</p>\n<hr />\n<h4><strong>Number 2: Choose The Right Size For Your Wallet</strong></h4>\n\n<p>You should avoid having an over-sized wallet. Don&rsquo;t think that you need to buy a big wallet because you have a lot to carry with you. In addition, a fat wallet is very ugly. It will make it harder for you to slide the wallet into your trousers&rsquo; pocket. In addition, it will create a bulge and ruin your look.</p>\n\n<p>Before you go on to buy a new wallet, clean out your wallet and place all of the items from your wallet on a table. Throw away things that you would never need any more such as the old bills or the expired gift cards. Remember to check your wallet on a frequent basis to get rid of all of the old stuff that you don&rsquo;t need anymore.</p>\n\n<p style=\"text-align:center\"><img alt=\"f1\" src=\"/storage/news/3.jpg\" /></p>\n\n<p><br />\n&nbsp;</p>\n\n<hr />\n<h4><strong>Number 3: Don&rsquo;t Limit Your Options Of Materials</strong></h4>\n\n<p>The types and designs of wallets are not the only things that you should consider when you go out searching for your best wallet. You have more than 1 option of material rather than leather to choose from as well.</p>\n\n<p>You can experiment with other available options such as cotton, polyester and canvas. They all have their own pros and cons. As a result, they will be suitable for different needs and requirements. You should think about them all in order to choose the material which you would like the most.</p>\n\n<p style=\"text-align:center\"><img alt=\"f6\" height=\"375\" src=\"/storage/news/4.jpg\" /></p>\n\n<p><br />\n&nbsp;</p>\n\n<hr />\n<h4><strong>Number 4: Consider A Wallet As A Long Term Investment</strong></h4>\n\n<p>Your wallet is indeed an investment that you should consider spending a decent amount of time and effort on it. Another factor that you need to consider is how much you want to spend on your wallet. The price ranges of wallets on the market vary a great deal. You can find a wallet which is as cheap as about 5 to 7 dollars. On the other hand, you should expect to pay around 250 to 300 dollars for a high-quality wallet.</p>\n\n<p>In case you need a wallet to use for a long time, it is a good idea that you should invest a decent amount of money on a wallet. A high quality wallet from a reputational brand with the premium quality such as cowhide leather will last for a long time. In addition, it is an accessory to show off your fashion sense and your social status.</p>\n\n<p style=\"text-align:center\"><img alt=\"f2\" height=\"400\" src=\"/storage/news/5.jpg\" /></p>\n\n<p>&nbsp;</p>\n');
/*!40000 ALTER TABLE `posts_translations` ENABLE KEYS */;
UNLOCK TABLES;

--
-- Table structure for table `revisions`
--

DROP TABLE IF EXISTS `revisions`;
/*!40101 SET @saved_cs_client     = @@character_set_client */;
/*!50503 SET character_set_client = utf8mb4 */;
CREATE TABLE `revisions` (
  `id` bigint unsigned NOT NULL AUTO_INCREMENT,
  `revisionable_type` varchar(191) CHARACTER SET utf8mb4 COLLATE utf8mb4_unicode_ci NOT NULL,
  `revisionable_id` int NOT NULL,
  `user_id` int DEFAULT NULL,
  `key` varchar(191) CHARACTER SET utf8mb4 COLLATE utf8mb4_unicode_ci NOT NULL,
  `old_value` text CHARACTER SET utf8mb4 COLLATE utf8mb4_unicode_ci,
  `new_value` text CHARACTER SET utf8mb4 COLLATE utf8mb4_unicode_ci,
  `created_at` timestamp NULL DEFAULT NULL,
  `updated_at` timestamp NULL DEFAULT NULL,
  PRIMARY KEY (`id`),
  KEY `revisions_revisionable_id_revisionable_type_index` (`revisionable_id`,`revisionable_type`)
) ENGINE=InnoDB DEFAULT CHARSET=utf8mb4 COLLATE=utf8mb4_unicode_ci;
/*!40101 SET character_set_client = @saved_cs_client */;

--
-- Dumping data for table `revisions`
--

LOCK TABLES `revisions` WRITE;
/*!40000 ALTER TABLE `revisions` DISABLE KEYS */;
/*!40000 ALTER TABLE `revisions` ENABLE KEYS */;
UNLOCK TABLES;

--
-- Table structure for table `role_users`
--

DROP TABLE IF EXISTS `role_users`;
/*!40101 SET @saved_cs_client     = @@character_set_client */;
/*!50503 SET character_set_client = utf8mb4 */;
CREATE TABLE `role_users` (
  `id` bigint unsigned NOT NULL AUTO_INCREMENT,
  `user_id` int unsigned NOT NULL,
  `role_id` int unsigned NOT NULL,
  `created_at` timestamp NULL DEFAULT NULL,
  `updated_at` timestamp NULL DEFAULT NULL,
  PRIMARY KEY (`id`),
  KEY `role_users_user_id_index` (`user_id`),
  KEY `role_users_role_id_index` (`role_id`)
) ENGINE=InnoDB DEFAULT CHARSET=utf8mb4 COLLATE=utf8mb4_unicode_ci;
/*!40101 SET character_set_client = @saved_cs_client */;

--
-- Dumping data for table `role_users`
--

LOCK TABLES `role_users` WRITE;
/*!40000 ALTER TABLE `role_users` DISABLE KEYS */;
/*!40000 ALTER TABLE `role_users` ENABLE KEYS */;
UNLOCK TABLES;

--
-- Table structure for table `roles`
--

DROP TABLE IF EXISTS `roles`;
/*!40101 SET @saved_cs_client     = @@character_set_client */;
/*!50503 SET character_set_client = utf8mb4 */;
CREATE TABLE `roles` (
  `id` bigint unsigned NOT NULL AUTO_INCREMENT,
  `slug` varchar(120) CHARACTER SET utf8mb4 COLLATE utf8mb4_unicode_ci NOT NULL,
  `name` varchar(120) CHARACTER SET utf8mb4 COLLATE utf8mb4_unicode_ci NOT NULL,
  `permissions` text CHARACTER SET utf8mb4 COLLATE utf8mb4_unicode_ci,
  `description` varchar(255) CHARACTER SET utf8mb4 COLLATE utf8mb4_unicode_ci DEFAULT NULL,
  `is_default` tinyint unsigned NOT NULL DEFAULT '0',
  `created_by` int unsigned NOT NULL,
  `updated_by` int unsigned NOT NULL,
  `created_at` timestamp NULL DEFAULT NULL,
  `updated_at` timestamp NULL DEFAULT NULL,
  PRIMARY KEY (`id`),
  UNIQUE KEY `roles_slug_unique` (`slug`),
  KEY `roles_created_by_index` (`created_by`),
  KEY `roles_updated_by_index` (`updated_by`)
) ENGINE=InnoDB DEFAULT CHARSET=utf8mb4 COLLATE=utf8mb4_unicode_ci;
/*!40101 SET character_set_client = @saved_cs_client */;

--
-- Dumping data for table `roles`
--

LOCK TABLES `roles` WRITE;
/*!40000 ALTER TABLE `roles` DISABLE KEYS */;
/*!40000 ALTER TABLE `roles` ENABLE KEYS */;
UNLOCK TABLES;

--
-- Table structure for table `settings`
--

DROP TABLE IF EXISTS `settings`;
/*!40101 SET @saved_cs_client     = @@character_set_client */;
/*!50503 SET character_set_client = utf8mb4 */;
CREATE TABLE `settings` (
  `id` bigint unsigned NOT NULL AUTO_INCREMENT,
  `key` varchar(191) CHARACTER SET utf8mb4 COLLATE utf8mb4_unicode_ci NOT NULL,
  `value` text CHARACTER SET utf8mb4 COLLATE utf8mb4_unicode_ci,
  `created_at` timestamp NULL DEFAULT NULL,
  `updated_at` timestamp NULL DEFAULT NULL,
  PRIMARY KEY (`id`),
  UNIQUE KEY `settings_key_unique` (`key`)
) ENGINE=InnoDB AUTO_INCREMENT=148 DEFAULT CHARSET=utf8mb4 COLLATE=utf8mb4_unicode_ci;
/*!40101 SET character_set_client = @saved_cs_client */;

--
-- Dumping data for table `settings`
--

LOCK TABLES `settings` WRITE;
/*!40000 ALTER TABLE `settings` DISABLE KEYS */;
INSERT INTO `settings` VALUES (1,'activated_plugins','[\"language\",\"language-advanced\",\"ads\",\"analytics\",\"audit-log\",\"backup\",\"blog\",\"captcha\",\"contact\",\"cookie-consent\",\"ecommerce\",\"faq\",\"location\",\"newsletter\",\"payment\",\"paypal\",\"paystack\",\"razorpay\",\"simple-slider\",\"social-login\",\"sslcommerz\",\"stripe\",\"translation\",\"mollie\"]',NULL,NULL),(2,'permalink-botble-blog-models-tag','tag',NULL,NULL),(3,'ecommerce_shopping_cart_enabled','1',NULL,NULL),(4,'ecommerce_wishlist_enabled','1',NULL,NULL),(5,'ecommerce_compare_enabled','1',NULL,NULL),(6,'ecommerce_ecommerce_tax_enabled','1',NULL,NULL),(7,'ecommerce_default_tax_rate','0',NULL,NULL),(8,'ecommerce_display_product_price_including_taxes','0',NULL,NULL),(9,'ecommerce_order_tracking_enabled','1',NULL,NULL),(10,'ecommerce_review_enabled','1',NULL,NULL),(11,'ecommerce_review_max_file_size','2',NULL,NULL),(12,'ecommerce_review_max_file_number','6',NULL,NULL),(13,'ecommerce_enable_quick_buy_button','1',NULL,NULL),(14,'ecommerce_quick_buy_target_page','checkout',NULL,NULL),(15,'ecommerce_zip_code_enabled','0',NULL,NULL),(16,'ecommerce_verify_customer_email','0',NULL,NULL),(17,'ecommerce_enable_recaptcha_in_register_page','0',NULL,NULL),(18,'ecommerce_enable_guest_checkout','1',NULL,NULL),(19,'ecommerce_how_to_display_product_variation_images','only_variation_images',NULL,NULL),(20,'ecommerce_show_number_of_products','1',NULL,NULL),(21,'ecommerce_show_out_of_stock_products','0',NULL,NULL),(22,'ecommerce_minimum_order_amount','0',NULL,NULL),(23,'ecommerce_using_custom_font_for_invoice','0',NULL,NULL),(24,'ecommerce_invoice_font_family','-- Select --',NULL,NULL),(25,'ecommerce_invoice_support_arabic_language','0',NULL,NULL),(26,'ecommerce_enable_invoice_stamp','1',NULL,NULL),(27,'ecommerce_make_phone_field_at_the_checkout_optional','0',NULL,NULL),(28,'ecommerce_disable_order_invoice_until_order_confirmed','0',NULL,NULL),(29,'ecommerce_enable_customer_recently_viewed_products','1',NULL,NULL),(30,'ecommerce_max_customer_recently_viewed_products','24',NULL,NULL),(31,'ecommerce_search_for_an_exact_phrase','0',NULL,NULL),(32,'ecommerce_search_products_by.0','name',NULL,NULL),(33,'ecommerce_search_products_by.1','sku',NULL,NULL),(34,'ecommerce_search_products_by.2','description',NULL,NULL),(35,'ecommerce_order_placed_webhook_url',NULL,NULL,NULL),(36,'ecommerce_available_countries','[\"AF\",\"AX\",\"AL\",\"DZ\",\"AS\",\"AD\",\"AO\",\"AI\",\"AQ\",\"AG\",\"AR\",\"AM\",\"AW\",\"AU\",\"AT\",\"AZ\",\"BS\",\"BH\",\"BD\",\"BB\",\"BY\",\"BE\",\"PW\",\"BZ\",\"BJ\",\"BM\",\"BT\",\"BO\",\"BQ\",\"BA\",\"BW\",\"BV\",\"BR\",\"IO\",\"BN\",\"BG\",\"BF\",\"BI\",\"KH\",\"CM\",\"CA\",\"CV\",\"KY\",\"CF\",\"TD\",\"CL\",\"CN\",\"CX\",\"CC\",\"CO\",\"KM\",\"CG\",\"CD\",\"CK\",\"CR\",\"HR\",\"CU\",\"CW\",\"CY\",\"CZ\",\"DK\",\"DJ\",\"DM\",\"DO\",\"EC\",\"EG\",\"SV\",\"GQ\",\"ER\",\"EE\",\"ET\",\"FK\",\"FO\",\"FJ\",\"FI\",\"FR\",\"GF\",\"PF\",\"TF\",\"GA\",\"GM\",\"GE\",\"DE\",\"GH\",\"GI\",\"GR\",\"GL\",\"GD\",\"GP\",\"GU\",\"GT\",\"GG\",\"GN\",\"GW\",\"GY\",\"HT\",\"HM\",\"HN\",\"HK\",\"HU\",\"IS\",\"IN\",\"ID\",\"IR\",\"IQ\",\"IE\",\"IM\",\"IL\",\"IT\",\"CI\",\"JM\",\"JP\",\"JE\",\"JO\",\"KZ\",\"KE\",\"KI\",\"KW\",\"XK\",\"KG\",\"LA\",\"LV\",\"LB\",\"LS\",\"LR\",\"LY\",\"LI\",\"LT\",\"LU\",\"MO\",\"MK\",\"MG\",\"MW\",\"MY\",\"MV\",\"ML\",\"MT\",\"MH\",\"MQ\",\"MR\",\"MU\",\"YT\",\"MX\",\"FM\",\"MD\",\"MC\",\"MN\",\"ME\",\"MS\",\"MA\",\"MZ\",\"MM\",\"NA\",\"NR\",\"NP\",\"NL\",\"NC\",\"NZ\",\"NI\",\"NE\",\"NG\",\"NU\",\"NF\",\"MP\",\"KP\",\"NO\",\"OM\",\"PK\",\"PS\",\"PA\",\"PG\",\"PY\",\"PE\",\"PH\",\"PN\",\"PL\",\"PT\",\"PR\",\"QA\",\"RE\",\"RO\",\"RU\",\"RW\",\"BL\",\"SH\",\"KN\",\"LC\",\"MF\",\"SX\",\"PM\",\"VC\",\"SM\",\"ST\",\"SA\",\"SN\",\"RS\",\"SC\",\"SL\",\"SG\",\"SK\",\"SI\",\"SB\",\"SO\",\"ZA\",\"GS\",\"KR\",\"SS\",\"ES\",\"LK\",\"SD\",\"SR\",\"SJ\",\"SZ\",\"SE\",\"CH\",\"SY\",\"TW\",\"TJ\",\"TZ\",\"TH\",\"TL\",\"TG\",\"TK\",\"TO\",\"TT\",\"TN\",\"TR\",\"TM\",\"TC\",\"TV\",\"UG\",\"UA\",\"AE\",\"GB\",\"US\",\"UM\",\"UY\",\"UZ\",\"VU\",\"VA\",\"VE\",\"VN\",\"VG\",\"VI\",\"WF\",\"EH\",\"WS\",\"YE\",\"ZM\",\"ZW\"]',NULL,NULL),(90,'language_hide_default','1',NULL,NULL),(91,'language_switcher_display','dropdown',NULL,NULL),(92,'language_display','all',NULL,NULL),(93,'language_hide_languages','[]',NULL,NULL),(94,'ecommerce_store_name','Wowy',NULL,NULL),(95,'ecommerce_store_phone','18006268',NULL,NULL),(96,'ecommerce_store_address','North Link Building, 10 Admiralty Street',NULL,NULL),(97,'ecommerce_store_state','Singapore',NULL,NULL),(98,'ecommerce_store_city','Singapore',NULL,NULL),(99,'ecommerce_store_country','SG',NULL,NULL),(100,'media_random_hash','317f7e0cb6fc8ba65b1d6332f0e19130',NULL,NULL),(101,'permalink-botble-blog-models-post','blog',NULL,NULL),(102,'permalink-botble-blog-models-category','blog',NULL,NULL),(103,'payment_cod_status','1',NULL,NULL),(104,'payment_cod_description','Please pay money directly to the postman, if you choose cash on delivery method (COD).',NULL,NULL),(105,'payment_bank_transfer_status','1',NULL,NULL),(106,'payment_bank_transfer_description','Please send money to our bank account: ACB - 69270 213 19.',NULL,NULL),(107,'plugins_ecommerce_customer_new_order_status','0',NULL,NULL),(108,'plugins_ecommerce_admin_new_order_status','0',NULL,NULL),(109,'ecommerce_load_countries_states_cities_from_location_plugin','0',NULL,NULL),(110,'payment_stripe_payment_type','stripe_checkout',NULL,NULL),(111,'simple_slider_using_assets','0',NULL,NULL),(112,'sale_popup_display_pages','[\"public.index\"]',NULL,NULL),(113,'theme','wowy',NULL,NULL),(114,'admin_favicon','general/favicon.png',NULL,NULL),(115,'admin_logo','general/logo-light.png',NULL,NULL),(116,'theme-wowy-site_title','Wowy - Laravel Multipurpose eCommerce Script',NULL,NULL),(117,'theme-wowy-copyright','Copyright © 2021 Wowy all rights reserved. Powered by Botble.',NULL,NULL),(118,'theme-wowy-favicon','general/favicon.png',NULL,NULL),(119,'theme-wowy-logo','general/logo.png',NULL,NULL),(120,'theme-wowy-logo_light','general/logo-light.png',NULL,NULL),(121,'theme-wowy-seo_og_image','general/open-graph-image.png',NULL,NULL),(122,'theme-wowy-address','562 Wellington Road, Street 32, San Francisco',NULL,NULL),(123,'theme-wowy-hotline','1900 - 888',NULL,NULL),(124,'theme-wowy-phone','+01 2222 365 /(+91) 01 2345 6789',NULL,NULL),(125,'theme-wowy-working_hours','10:00 - 18:00, Mon - Sat',NULL,NULL),(126,'theme-wowy-homepage_id','1',NULL,NULL),(127,'theme-wowy-blog_page_id','5',NULL,NULL),(128,'theme-wowy-cookie_consent_message','Your experience on this site will be improved by allowing cookies ',NULL,NULL),(129,'theme-wowy-cookie_consent_learn_more_url','http://wowy.test/cookie-policy',NULL,NULL),(130,'theme-wowy-cookie_consent_learn_more_text','Cookie Policy',NULL,NULL),(131,'theme-wowy-payment_methods','general/payment-methods.png',NULL,NULL),(132,'theme-wowy-number_of_cross_sale_product','4',NULL,NULL),(133,'theme-wowy-preloader_enabled','yes',NULL,NULL),(134,'theme-wowy-preloader_version','v2',NULL,NULL),(135,'theme-wowy-social_links','[[{\"key\":\"social-name\",\"value\":\"Facebook\"},{\"key\":\"social-icon\",\"value\":\"fab fa-facebook-f\"},{\"key\":\"social-url\",\"value\":\"https:\\/\\/www.facebook.com\\/\"},{\"key\":\"social-color\",\"value\":\"#3b5999\"}],[{\"key\":\"social-name\",\"value\":\"Twitter\"},{\"key\":\"social-icon\",\"value\":\"fab fa-twitter\"},{\"key\":\"social-url\",\"value\":\"https:\\/\\/www.twitter.com\\/\"},{\"key\":\"social-color\",\"value\":\"#55ACF9\"}],[{\"key\":\"social-name\",\"value\":\"Instagram\"},{\"key\":\"social-icon\",\"value\":\"fab fa-instagram\"},{\"key\":\"social-url\",\"value\":\"https:\\/\\/www.instagram.com\\/\"},{\"key\":\"social-color\",\"value\":\"#E1306C\"}],[{\"key\":\"social-name\",\"value\":\"Linkedin\"},{\"key\":\"social-icon\",\"value\":\"fab fa-linkedin\"},{\"key\":\"social-url\",\"value\":\"https:\\/\\/www.linkedin.com\\/\"},{\"key\":\"social-color\",\"value\":\"#007bb6\"}],[{\"key\":\"social-name\",\"value\":\"Pinterest\"},{\"key\":\"social-icon\",\"value\":\"fab fa-pinterest\"},{\"key\":\"social-url\",\"value\":\"https:\\/\\/www.pinterest.com\\/\"},{\"key\":\"social-color\",\"value\":\"#cb2027\"}]]',NULL,NULL),(136,'theme-wowy-header_messages','[[{\"key\":\"icon\",\"value\":\"fa fa-bell\"},{\"key\":\"message\",\"value\":\"<b class=\\\"text-success\\\"> Trendy 25<\\/b> silver jewelry, save up 35% off today\"},{\"key\":\"link\",\"value\":\"\\/products\"},{\"key\":\"link_text\",\"value\":\"Shop now\"}],[{\"key\":\"icon\",\"value\":\"fa fa-asterisk\"},{\"key\":\"message\",\"value\":\"<b class=\\\"text-danger\\\">Supper Value Deals<\\/b> - Save more with coupons\"},{\"key\":\"link\",\"value\":null},{\"key\":\"link_text\",\"value\":null}],[{\"key\":\"icon\",\"value\":\"fa fa-angle-double-right\"},{\"key\":\"message\",\"value\":\"Get great devices up to 50% off\"},{\"key\":\"link\",\"value\":\"\\/products\"},{\"key\":\"link_text\",\"value\":\"View details\"}]]',NULL,NULL),(137,'theme-wowy-contact_info_boxes','[[{\"key\":\"name\",\"value\":\"Head Office\"},{\"key\":\"address\",\"value\":\"205 North Michigan Avenue, Suite 810, Chicago, 60601, USA\"},{\"key\":\"phone\",\"value\":\"(+01) 234 567\"},{\"key\":\"email\",\"value\":\"office@botble.com\"}],[{\"key\":\"name\",\"value\":\"Our Studio\"},{\"key\":\"address\",\"value\":\"205 North Michigan Avenue, Suite 810, Chicago, 60601, USA\"},{\"key\":\"phone\",\"value\":\"(+01) 234 567\"},{\"key\":\"email\",\"value\":\"studio@botble.com\"}],[{\"key\":\"name\",\"value\":\"Our Shop\"},{\"key\":\"address\",\"value\":\"205 North Michigan Avenue, Suite 810, Chicago, 60601, USA\"},{\"key\":\"phone\",\"value\":\"(+01) 234 567\"},{\"key\":\"email\",\"value\":\"shop@botble.com\"}]]',NULL,NULL),(138,'theme-wowy-vi-font_text','Roboto Condensed',NULL,NULL),(139,'theme-wowy-vi-copyright','Bản quyền © 2021 Wowy tất cả quyền đã được bảo hộ. Phát triển bởi Botble.',NULL,NULL),(140,'theme-wowy-vi-working_hours','10:00 - 18:00, Thứ Hai - Thứ Bảy',NULL,NULL),(141,'theme-wowy-vi-cookie_consent_message','Trải nghiệm của bạn trên trang web này sẽ được cải thiện bằng cách cho phép cookie ',NULL,NULL),(142,'theme-wowy-vi-cookie_consent_learn_more_url','http://wowy.test/cookie-policy',NULL,NULL),(143,'theme-wowy-vi-cookie_consent_learn_more_text','Chính sách cookie',NULL,NULL),(144,'theme-wowy-vi-homepage_id','1',NULL,NULL),(145,'theme-wowy-vi-blog_page_id','5',NULL,NULL),(146,'theme-wowy-vi-header_messages','[[{\"key\":\"icon\",\"value\":\"fa fa-bell\"},{\"key\":\"message\",\"value\":\"<b class=\\\"text-success\\\">Trang s\\u1ee9c b\\u1ea1c 25 <\\/b> th\\u1eddi th\\u01b0\\u1ee3ng, ti\\u1ebft ki\\u1ec7m \\u0111\\u1ebfn 35%\"},{\"key\":\"link\",\"value\":\"\\/products\"},{\"key\":\"link_text\",\"value\":\"Mua ngay\"}],[{\"key\":\"icon\",\"value\":\"fa fa-asterisk\"},{\"key\":\"message\",\"value\":\"<b class=\\\"text-danger\\\">\\u01afu \\u0111\\u00e3i si\\u00eau gi\\u00e1 tr\\u1ecb <\\/b> - Ti\\u1ebft ki\\u1ec7m h\\u01a1n v\\u1edbi phi\\u1ebfu th\\u01b0\\u1edfng\"},{\"key\":\"link\",\"value\":null},{\"key\":\"link_text\",\"value\":null}],[{\"key\":\"icon\",\"value\":\"fa fa-angle-double-right\"},{\"key\":\"message\",\"value\":\"Nh\\u1eadn c\\u00e1c s\\u1ea3n ph\\u1ea9m tuy\\u1ec7t v\\u1eddi gi\\u1ea3m gi\\u00e1 t\\u1edbi 50%\"},{\"key\":\"link\",\"value\":\"\\/products\"},{\"key\":\"link_text\",\"value\":\"Xem chi ti\\u1ebft\"}]]',NULL,NULL),(147,'theme-wowy-vi-contact_info_boxes','[[{\"key\":\"name\",\"value\":\"Tr\\u1ee5 s\\u1edf ch\\u00ednh\"},{\"key\":\"address\",\"value\":\"205 North Michigan Avenue, Suite 810, Chicago, 60601, USA\"},{\"key\":\"phone\",\"value\":\"(+01) 234 567\"},{\"key\":\"email\",\"value\":\"office@botble.com\"}],[{\"key\":\"name\",\"value\":\"Gian h\\u00e0ng tr\\u01b0ng b\\u00e0y\"},{\"key\":\"address\",\"value\":\"205 North Michigan Avenue, Suite 810, Chicago, 60601, USA\"},{\"key\":\"phone\",\"value\":\"(+01) 234 567\"},{\"key\":\"email\",\"value\":\"studio@botble.com\"}],[{\"key\":\"name\",\"value\":\"C\\u1eeda h\\u00e0ng\"},{\"key\":\"address\",\"value\":\"205 North Michigan Avenue, Suite 810, Chicago, 60601, USA\"},{\"key\":\"phone\",\"value\":\"(+01) 234 567\"},{\"key\":\"email\",\"value\":\"shop@botble.com\"}]]',NULL,NULL);
/*!40000 ALTER TABLE `settings` ENABLE KEYS */;
UNLOCK TABLES;

--
-- Table structure for table `simple_slider_items`
--

DROP TABLE IF EXISTS `simple_slider_items`;
/*!40101 SET @saved_cs_client     = @@character_set_client */;
/*!50503 SET character_set_client = utf8mb4 */;
CREATE TABLE `simple_slider_items` (
  `id` bigint unsigned NOT NULL AUTO_INCREMENT,
  `simple_slider_id` int unsigned NOT NULL,
  `title` varchar(255) CHARACTER SET utf8mb4 COLLATE utf8mb4_unicode_ci DEFAULT NULL,
  `image` varchar(255) CHARACTER SET utf8mb4 COLLATE utf8mb4_unicode_ci NOT NULL,
  `link` varchar(255) CHARACTER SET utf8mb4 COLLATE utf8mb4_unicode_ci DEFAULT NULL,
  `description` text CHARACTER SET utf8mb4 COLLATE utf8mb4_unicode_ci,
  `order` int unsigned NOT NULL DEFAULT '0',
  `created_at` timestamp NULL DEFAULT NULL,
  `updated_at` timestamp NULL DEFAULT NULL,
  PRIMARY KEY (`id`)
) ENGINE=InnoDB AUTO_INCREMENT=23 DEFAULT CHARSET=utf8mb4 COLLATE=utf8mb4_unicode_ci;
/*!40101 SET character_set_client = @saved_cs_client */;

--
-- Dumping data for table `simple_slider_items`
--

LOCK TABLES `simple_slider_items` WRITE;
/*!40000 ALTER TABLE `simple_slider_items` DISABLE KEYS */;
INSERT INTO `simple_slider_items` VALUES (1,1,'Super Value Deals','sliders/1-1.png','/products','Save more with coupons & up to 70% off',1,'2022-08-25 18:52:57','2022-08-25 18:52:57'),(2,1,'Tech Trending','sliders/1-2.png','/products','Save more with coupons & up to 20% off',2,'2022-08-25 18:52:57','2022-08-25 18:52:57'),(3,1,'Big Deals From','sliders/1-3.png','/products','Headphone, Gaming Laptop, PC and more...',3,'2022-08-25 18:52:57','2022-08-25 18:52:57'),(4,2,'Super Value Deals','sliders/2-1.png','/products','Save more with coupons & up to 70% off',1,'2022-08-25 18:52:57','2022-08-25 18:52:57'),(5,2,'Tech Trending','sliders/2-2.png','/products','Save more with coupons & up to 20% off',2,'2022-08-25 18:52:57','2022-08-25 18:52:57'),(6,2,'Big Deals From','sliders/2-3.png','/products','Headphone, Gaming Laptop, PC and more...',3,'2022-08-25 18:52:57','2022-08-25 18:52:57'),(7,3,'Super Value Deals','sliders/3-1.png','/products','Save more with coupons & up to 70% off',1,'2022-08-25 18:52:57','2022-08-25 18:52:57'),(8,3,'Tech Trending','sliders/3-2.png','/products','Save more with coupons & up to 20% off',2,'2022-08-25 18:52:57','2022-08-25 18:52:57'),(9,4,'Super Value Deals','sliders/4-1.png','/products','Save more with coupons & up to 70% off',1,'2022-08-25 18:52:57','2022-08-25 18:52:57'),(10,4,'Tech Trending','sliders/4-2.png','/products','Save more with coupons & up to 20% off',2,'2022-08-25 18:52:57','2022-08-25 18:52:57'),(11,4,'Big Deals From','sliders/4-3.png','/products','Headphone, Gaming Laptop, PC and more...',3,'2022-08-25 18:52:57','2022-08-25 18:52:57'),(12,5,'Giảm giá đặc biệt','sliders/1-1.png','/products','Tiết kiệm hơn với mã giảm giá 70%',1,'2022-08-25 18:52:57','2022-08-25 18:52:57'),(13,5,'Công nghệ nổi bật','sliders/1-2.png','/products','Tiết kiệm hơn với mã giảm giá 20%',2,'2022-08-25 18:52:57','2022-08-25 18:52:57'),(14,5,'Giảm giá lớn nhất từ','sliders/1-3.png','/products','Tai nghe, Máy tính chơi game, PC và hơn nữa...',3,'2022-08-25 18:52:57','2022-08-25 18:52:57'),(15,6,'Giảm giá đặc biệt','sliders/2-1.png','/products','Tiết kiệm hơn với mã giảm giá 70%',1,'2022-08-25 18:52:57','2022-08-25 18:52:57'),(16,6,'Công nghệ nổi bật','sliders/2-2.png','/products','Tiết kiệm hơn với mã giảm giá 20%',2,'2022-08-25 18:52:57','2022-08-25 18:52:57'),(17,6,'Giảm giá lớn nhất từ','sliders/2-3.png','/products','Tai nghe, Máy tính chơi game, PC và hơn nữa...',3,'2022-08-25 18:52:57','2022-08-25 18:52:57'),(18,7,'Giảm giá đặc biệt','sliders/3-1.png','/products','Tiết kiệm hơn với mã giảm giá 70%',1,'2022-08-25 18:52:57','2022-08-25 18:52:57'),(19,7,'Công nghệ nổi bật','sliders/3-2.png','/products','Tiết kiệm hơn với mã giảm giá 20%',2,'2022-08-25 18:52:57','2022-08-25 18:52:57'),(20,8,'Giảm giá đặc biệt','sliders/4-1.png','/products','Tiết kiệm hơn với mã giảm giá 70%',1,'2022-08-25 18:52:57','2022-08-25 18:52:57'),(21,8,'Công nghệ nổi bật','sliders/4-2.png','/products','Tiết kiệm hơn với mã giảm giá 20%',2,'2022-08-25 18:52:57','2022-08-25 18:52:57'),(22,8,'Giảm giá lớn nhất từ','sliders/4-3.png','/products','Tai nghe, Máy tính chơi game, PC và hơn nữa...',3,'2022-08-25 18:52:58','2022-08-25 18:52:58');
/*!40000 ALTER TABLE `simple_slider_items` ENABLE KEYS */;
UNLOCK TABLES;

--
-- Table structure for table `simple_sliders`
--

DROP TABLE IF EXISTS `simple_sliders`;
/*!40101 SET @saved_cs_client     = @@character_set_client */;
/*!50503 SET character_set_client = utf8mb4 */;
CREATE TABLE `simple_sliders` (
  `id` bigint unsigned NOT NULL AUTO_INCREMENT,
  `name` varchar(120) CHARACTER SET utf8mb4 COLLATE utf8mb4_unicode_ci NOT NULL,
  `key` varchar(120) CHARACTER SET utf8mb4 COLLATE utf8mb4_unicode_ci NOT NULL,
  `description` varchar(255) CHARACTER SET utf8mb4 COLLATE utf8mb4_unicode_ci DEFAULT NULL,
  `status` varchar(60) CHARACTER SET utf8mb4 COLLATE utf8mb4_unicode_ci NOT NULL DEFAULT 'published',
  `created_at` timestamp NULL DEFAULT NULL,
  `updated_at` timestamp NULL DEFAULT NULL,
  PRIMARY KEY (`id`)
) ENGINE=InnoDB AUTO_INCREMENT=9 DEFAULT CHARSET=utf8mb4 COLLATE=utf8mb4_unicode_ci;
/*!40101 SET character_set_client = @saved_cs_client */;

--
-- Dumping data for table `simple_sliders`
--

LOCK TABLES `simple_sliders` WRITE;
/*!40000 ALTER TABLE `simple_sliders` DISABLE KEYS */;
INSERT INTO `simple_sliders` VALUES (1,'Home slider 1','home-slider-1',NULL,'published','2022-08-25 18:52:57','2022-08-25 18:52:57'),(2,'Home slider 2','home-slider-2',NULL,'published','2022-08-25 18:52:57','2022-08-25 18:52:57'),(3,'Home slider 3','home-slider-3',NULL,'published','2022-08-25 18:52:57','2022-08-25 18:52:57'),(4,'Home slider 4','home-slider-4',NULL,'published','2022-08-25 18:52:57','2022-08-25 18:52:57'),(5,'Slider trang chủ 1','slider-trang-chu-1',NULL,'published','2022-08-25 18:52:57','2022-08-25 18:52:57'),(6,'Slider trang chủ 2','slider-trang-chu-2',NULL,'published','2022-08-25 18:52:57','2022-08-25 18:52:57'),(7,'Slider trang chủ 3','slider-trang-chu-3',NULL,'published','2022-08-25 18:52:57','2022-08-25 18:52:57'),(8,'Slider trang chủ 4','slider-trang-chu-4',NULL,'published','2022-08-25 18:52:57','2022-08-25 18:52:57');
/*!40000 ALTER TABLE `simple_sliders` ENABLE KEYS */;
UNLOCK TABLES;

--
-- Table structure for table `slugs`
--

DROP TABLE IF EXISTS `slugs`;
/*!40101 SET @saved_cs_client     = @@character_set_client */;
/*!50503 SET character_set_client = utf8mb4 */;
CREATE TABLE `slugs` (
  `id` bigint unsigned NOT NULL AUTO_INCREMENT,
  `key` varchar(255) CHARACTER SET utf8mb4 COLLATE utf8mb4_unicode_ci NOT NULL,
  `reference_id` int unsigned NOT NULL,
  `reference_type` varchar(255) CHARACTER SET utf8mb4 COLLATE utf8mb4_unicode_ci NOT NULL,
  `prefix` varchar(120) CHARACTER SET utf8mb4 COLLATE utf8mb4_unicode_ci DEFAULT '',
  `created_at` timestamp NULL DEFAULT NULL,
  `updated_at` timestamp NULL DEFAULT NULL,
  PRIMARY KEY (`id`)
) ENGINE=InnoDB AUTO_INCREMENT=101 DEFAULT CHARSET=utf8mb4 COLLATE=utf8mb4_unicode_ci;
/*!40101 SET character_set_client = @saved_cs_client */;

--
-- Dumping data for table `slugs`
--

LOCK TABLES `slugs` WRITE;
/*!40000 ALTER TABLE `slugs` DISABLE KEYS */;
INSERT INTO `slugs` VALUES (1,'perxsion',1,'Botble\\Ecommerce\\Models\\Brand','brands','2022-08-25 18:51:50','2022-08-25 18:51:50'),(2,'hiching',2,'Botble\\Ecommerce\\Models\\Brand','brands','2022-08-25 18:51:50','2022-08-25 18:51:50'),(3,'kepslo',3,'Botble\\Ecommerce\\Models\\Brand','brands','2022-08-25 18:51:50','2022-08-25 18:51:50'),(4,'groneba',4,'Botble\\Ecommerce\\Models\\Brand','brands','2022-08-25 18:51:50','2022-08-25 18:51:50'),(5,'babian',5,'Botble\\Ecommerce\\Models\\Brand','brands','2022-08-25 18:51:50','2022-08-25 18:51:50'),(6,'valorant',6,'Botble\\Ecommerce\\Models\\Brand','brands','2022-08-25 18:51:50','2022-08-25 18:51:50'),(7,'pure',7,'Botble\\Ecommerce\\Models\\Brand','brands','2022-08-25 18:51:50','2022-08-25 18:51:50'),(8,'hot-promotions',1,'Botble\\Ecommerce\\Models\\ProductCategory','product-categories','2022-08-25 18:51:53','2022-08-25 18:51:53'),(9,'electronics',2,'Botble\\Ecommerce\\Models\\ProductCategory','product-categories','2022-08-25 18:51:53','2022-08-25 18:51:53'),(10,'home-audio-theaters',3,'Botble\\Ecommerce\\Models\\ProductCategory','product-categories','2022-08-25 18:51:53','2022-08-25 18:51:53'),(11,'tv-videos',4,'Botble\\Ecommerce\\Models\\ProductCategory','product-categories','2022-08-25 18:51:53','2022-08-25 18:51:53'),(12,'camera-photos-videos',5,'Botble\\Ecommerce\\Models\\ProductCategory','product-categories','2022-08-25 18:51:53','2022-08-25 18:51:53'),(13,'cellphones-accessories',6,'Botble\\Ecommerce\\Models\\ProductCategory','product-categories','2022-08-25 18:51:53','2022-08-25 18:51:53'),(14,'headphones',7,'Botble\\Ecommerce\\Models\\ProductCategory','product-categories','2022-08-25 18:51:53','2022-08-25 18:51:53'),(15,'videos-games',8,'Botble\\Ecommerce\\Models\\ProductCategory','product-categories','2022-08-25 18:51:54','2022-08-25 18:51:54'),(16,'wireless-speakers',9,'Botble\\Ecommerce\\Models\\ProductCategory','product-categories','2022-08-25 18:51:54','2022-08-25 18:51:54'),(17,'office-electronic',10,'Botble\\Ecommerce\\Models\\ProductCategory','product-categories','2022-08-25 18:51:54','2022-08-25 18:51:54'),(18,'clothing',11,'Botble\\Ecommerce\\Models\\ProductCategory','product-categories','2022-08-25 18:51:54','2022-08-25 18:51:54'),(19,'computers',12,'Botble\\Ecommerce\\Models\\ProductCategory','product-categories','2022-08-25 18:51:54','2022-08-25 18:51:54'),(20,'computer-tablets',13,'Botble\\Ecommerce\\Models\\ProductCategory','product-categories','2022-08-25 18:51:54','2022-08-25 18:51:54'),(21,'laptop',14,'Botble\\Ecommerce\\Models\\ProductCategory','product-categories','2022-08-25 18:51:54','2022-08-25 18:51:54'),(22,'monitors',15,'Botble\\Ecommerce\\Models\\ProductCategory','product-categories','2022-08-25 18:51:54','2022-08-25 18:51:54'),(23,'computer-components',16,'Botble\\Ecommerce\\Models\\ProductCategory','product-categories','2022-08-25 18:51:54','2022-08-25 18:51:54'),(24,'home-kitchen',17,'Botble\\Ecommerce\\Models\\ProductCategory','product-categories','2022-08-25 18:51:54','2022-08-25 18:51:54'),(25,'health-beauty',18,'Botble\\Ecommerce\\Models\\ProductCategory','product-categories','2022-08-25 18:51:54','2022-08-25 18:51:54'),(26,'jewelry-watch',19,'Botble\\Ecommerce\\Models\\ProductCategory','product-categories','2022-08-25 18:51:54','2022-08-25 18:51:54'),(27,'technology-toys',20,'Botble\\Ecommerce\\Models\\ProductCategory','product-categories','2022-08-25 18:51:54','2022-08-25 18:51:54'),(28,'drive-storages',21,'Botble\\Ecommerce\\Models\\ProductCategory','product-categories','2022-08-25 18:51:54','2022-08-25 18:51:54'),(29,'gaming-laptop',22,'Botble\\Ecommerce\\Models\\ProductCategory','product-categories','2022-08-25 18:51:54','2022-08-25 18:51:54'),(30,'security-protection',23,'Botble\\Ecommerce\\Models\\ProductCategory','product-categories','2022-08-25 18:51:54','2022-08-25 18:51:54'),(31,'accessories',24,'Botble\\Ecommerce\\Models\\ProductCategory','product-categories','2022-08-25 18:51:54','2022-08-25 18:51:54'),(32,'phones',25,'Botble\\Ecommerce\\Models\\ProductCategory','product-categories','2022-08-25 18:51:54','2022-08-25 18:51:54'),(33,'babies-moms',26,'Botble\\Ecommerce\\Models\\ProductCategory','product-categories','2022-08-25 18:51:54','2022-08-25 18:51:54'),(34,'sport-outdoor',27,'Botble\\Ecommerce\\Models\\ProductCategory','product-categories','2022-08-25 18:51:54','2022-08-25 18:51:54'),(35,'books-office',28,'Botble\\Ecommerce\\Models\\ProductCategory','product-categories','2022-08-25 18:51:54','2022-08-25 18:51:54'),(36,'cars-motorcycles',29,'Botble\\Ecommerce\\Models\\ProductCategory','product-categories','2022-08-25 18:51:54','2022-08-25 18:51:54'),(37,'home-improvements',30,'Botble\\Ecommerce\\Models\\ProductCategory','product-categories','2022-08-25 18:51:54','2022-08-25 18:51:54'),(38,'wallet',1,'Botble\\Ecommerce\\Models\\ProductTag','product-tags','2022-08-25 18:51:55','2022-08-25 18:51:55'),(39,'bags',2,'Botble\\Ecommerce\\Models\\ProductTag','product-tags','2022-08-25 18:51:55','2022-08-25 18:51:55'),(40,'shoes',3,'Botble\\Ecommerce\\Models\\ProductTag','product-tags','2022-08-25 18:51:55','2022-08-25 18:51:55'),(41,'clothes',4,'Botble\\Ecommerce\\Models\\ProductTag','product-tags','2022-08-25 18:51:55','2022-08-25 18:51:55'),(42,'hand-bag',5,'Botble\\Ecommerce\\Models\\ProductTag','product-tags','2022-08-25 18:51:55','2022-08-25 18:51:55'),(43,'smart-home-speaker',1,'Botble\\Ecommerce\\Models\\Product','products','2022-08-25 18:52:35','2022-08-25 18:52:35'),(44,'headphone-ultra-bass',2,'Botble\\Ecommerce\\Models\\Product','products','2022-08-25 18:52:35','2022-08-25 18:52:35'),(45,'boxed-bluetooth-headphone',3,'Botble\\Ecommerce\\Models\\Product','products','2022-08-25 18:52:35','2022-08-25 18:52:35'),(46,'chikie-bluetooth-speaker',4,'Botble\\Ecommerce\\Models\\Product','products','2022-08-25 18:52:35','2022-08-25 18:52:35'),(47,'camera-hikvision-hk-35vs8',5,'Botble\\Ecommerce\\Models\\Product','products','2022-08-25 18:52:35','2022-08-25 18:52:35'),(48,'camera-samsung-ss-24',6,'Botble\\Ecommerce\\Models\\Product','products','2022-08-25 18:52:35','2022-08-25 18:52:35'),(49,'leather-watch-band',7,'Botble\\Ecommerce\\Models\\Product','products','2022-08-25 18:52:35','2022-08-25 18:52:35'),(50,'apple-iphone-13-plus',8,'Botble\\Ecommerce\\Models\\Product','products','2022-08-25 18:52:35','2022-08-25 18:52:35'),(51,'macbook-pro-2015',9,'Botble\\Ecommerce\\Models\\Product','products','2022-08-25 18:52:35','2022-08-25 18:52:35'),(52,'macbook-air-12-inch',10,'Botble\\Ecommerce\\Models\\Product','products','2022-08-25 18:52:35','2022-08-25 18:52:35'),(53,'apple-watch-serial-7',11,'Botble\\Ecommerce\\Models\\Product','products','2022-08-25 18:52:36','2022-08-25 18:52:36'),(54,'macbook-pro-13-inch',12,'Botble\\Ecommerce\\Models\\Product','products','2022-08-25 18:52:36','2022-08-25 18:52:36'),(55,'apple-keyboard',13,'Botble\\Ecommerce\\Models\\Product','products','2022-08-25 18:52:36','2022-08-25 18:52:36'),(56,'macsafe-80w',14,'Botble\\Ecommerce\\Models\\Product','products','2022-08-25 18:52:36','2022-08-25 18:52:36'),(57,'hand-playstation',15,'Botble\\Ecommerce\\Models\\Product','products','2022-08-25 18:52:36','2022-08-25 18:52:36'),(58,'apple-airpods-serial-3',16,'Botble\\Ecommerce\\Models\\Product','products','2022-08-25 18:52:36','2022-08-25 18:52:36'),(59,'cool-smart-watches',17,'Botble\\Ecommerce\\Models\\Product','products','2022-08-25 18:52:36','2022-08-25 18:52:36'),(60,'black-smart-watches',18,'Botble\\Ecommerce\\Models\\Product','products','2022-08-25 18:52:36','2022-08-25 18:52:36'),(61,'leather-watch-band-serial-3',19,'Botble\\Ecommerce\\Models\\Product','products','2022-08-25 18:52:36','2022-08-25 18:52:36'),(62,'macbook-pro-2015-13-inch',20,'Botble\\Ecommerce\\Models\\Product','products','2022-08-25 18:52:36','2022-08-25 18:52:36'),(63,'historic-alarm-clock',21,'Botble\\Ecommerce\\Models\\Product','products','2022-08-25 18:52:36','2022-08-25 18:52:36'),(64,'black-glasses',22,'Botble\\Ecommerce\\Models\\Product','products','2022-08-25 18:52:36','2022-08-25 18:52:36'),(65,'phillips-mouse',23,'Botble\\Ecommerce\\Models\\Product','products','2022-08-25 18:52:36','2022-08-25 18:52:36'),(66,'gaming-keyboard',24,'Botble\\Ecommerce\\Models\\Product','products','2022-08-25 18:52:36','2022-08-25 18:52:36'),(67,'ecommerce',1,'Botble\\Blog\\Models\\Category','blog','2022-08-25 18:53:03','2022-08-25 18:53:04'),(68,'fashion',2,'Botble\\Blog\\Models\\Category','blog','2022-08-25 18:53:03','2022-08-25 18:53:04'),(69,'electronic',3,'Botble\\Blog\\Models\\Category','blog','2022-08-25 18:53:03','2022-08-25 18:53:04'),(70,'commercial',4,'Botble\\Blog\\Models\\Category','blog','2022-08-25 18:53:03','2022-08-25 18:53:04'),(71,'general',1,'Botble\\Blog\\Models\\Tag','tag','2022-08-25 18:53:03','2022-08-25 18:53:03'),(72,'design',2,'Botble\\Blog\\Models\\Tag','tag','2022-08-25 18:53:03','2022-08-25 18:53:03'),(73,'fashion',3,'Botble\\Blog\\Models\\Tag','tag','2022-08-25 18:53:03','2022-08-25 18:53:03'),(74,'branding',4,'Botble\\Blog\\Models\\Tag','tag','2022-08-25 18:53:03','2022-08-25 18:53:03'),(75,'modern',5,'Botble\\Blog\\Models\\Tag','tag','2022-08-25 18:53:03','2022-08-25 18:53:03'),(76,'4-expert-tips-on-how-to-choose-the-right-mens-wallet',1,'Botble\\Blog\\Models\\Post','blog','2022-08-25 18:53:03','2022-08-25 18:53:04'),(77,'sexy-clutches-how-to-buy-wear-a-designer-clutch-bag',2,'Botble\\Blog\\Models\\Post','blog','2022-08-25 18:53:03','2022-08-25 18:53:04'),(78,'the-top-2020-handbag-trends-to-know',3,'Botble\\Blog\\Models\\Post','blog','2022-08-25 18:53:03','2022-08-25 18:53:04'),(79,'how-to-match-the-color-of-your-handbag-with-an-outfit',4,'Botble\\Blog\\Models\\Post','blog','2022-08-25 18:53:03','2022-08-25 18:53:04'),(80,'how-to-care-for-leather-bags',5,'Botble\\Blog\\Models\\Post','blog','2022-08-25 18:53:04','2022-08-25 18:53:04'),(81,'were-crushing-hard-on-summers-10-biggest-bag-trends',6,'Botble\\Blog\\Models\\Post','blog','2022-08-25 18:53:04','2022-08-25 18:53:04'),(82,'essential-qualities-of-highly-successful-music',7,'Botble\\Blog\\Models\\Post','blog','2022-08-25 18:53:04','2022-08-25 18:53:04'),(83,'9-things-i-love-about-shaving-my-head',8,'Botble\\Blog\\Models\\Post','blog','2022-08-25 18:53:04','2022-08-25 18:53:04'),(84,'why-teamwork-really-makes-the-dream-work',9,'Botble\\Blog\\Models\\Post','blog','2022-08-25 18:53:04','2022-08-25 18:53:04'),(85,'the-world-caters-to-average-people',10,'Botble\\Blog\\Models\\Post','blog','2022-08-25 18:53:04','2022-08-25 18:53:04'),(86,'the-litigants-on-the-screen-are-not-actors',11,'Botble\\Blog\\Models\\Post','blog','2022-08-25 18:53:04','2022-08-25 18:53:04'),(87,'homepage',1,'Botble\\Page\\Models\\Page','','2022-08-25 18:53:04','2022-08-25 18:53:04'),(88,'homepage-2',2,'Botble\\Page\\Models\\Page','','2022-08-25 18:53:04','2022-08-25 18:53:04'),(89,'homepage-3',3,'Botble\\Page\\Models\\Page','','2022-08-25 18:53:04','2022-08-25 18:53:04'),(90,'homepage-4',4,'Botble\\Page\\Models\\Page','','2022-08-25 18:53:04','2022-08-25 18:53:04'),(91,'blog',5,'Botble\\Page\\Models\\Page','','2022-08-25 18:53:04','2022-08-25 18:53:04'),(92,'contact',6,'Botble\\Page\\Models\\Page','','2022-08-25 18:53:04','2022-08-25 18:53:04'),(93,'about-us',7,'Botble\\Page\\Models\\Page','','2022-08-25 18:53:04','2022-08-25 18:53:04'),(94,'cookie-policy',8,'Botble\\Page\\Models\\Page','','2022-08-25 18:53:04','2022-08-25 18:53:04'),(95,'terms-conditions',9,'Botble\\Page\\Models\\Page','','2022-08-25 18:53:04','2022-08-25 18:53:04'),(96,'returns-exchanges',10,'Botble\\Page\\Models\\Page','','2022-08-25 18:53:04','2022-08-25 18:53:04'),(97,'shipping-delivery',11,'Botble\\Page\\Models\\Page','','2022-08-25 18:53:04','2022-08-25 18:53:04'),(98,'privacy-policy',12,'Botble\\Page\\Models\\Page','','2022-08-25 18:53:04','2022-08-25 18:53:04'),(99,'blog-left-sidebar',13,'Botble\\Page\\Models\\Page','','2022-08-25 18:53:04','2022-08-25 18:53:04'),(100,'faq',14,'Botble\\Page\\Models\\Page','','2022-08-25 18:53:04','2022-08-25 18:53:04');
/*!40000 ALTER TABLE `slugs` ENABLE KEYS */;
UNLOCK TABLES;

--
-- Table structure for table `states`
--

DROP TABLE IF EXISTS `states`;
/*!40101 SET @saved_cs_client     = @@character_set_client */;
/*!50503 SET character_set_client = utf8mb4 */;
CREATE TABLE `states` (
  `id` bigint unsigned NOT NULL AUTO_INCREMENT,
  `name` varchar(120) CHARACTER SET utf8mb4 COLLATE utf8mb4_unicode_ci NOT NULL,
  `abbreviation` varchar(2) CHARACTER SET utf8mb4 COLLATE utf8mb4_unicode_ci DEFAULT NULL,
  `country_id` int unsigned DEFAULT NULL,
  `order` tinyint NOT NULL DEFAULT '0',
  `is_default` tinyint unsigned NOT NULL DEFAULT '0',
  `status` varchar(60) CHARACTER SET utf8mb4 COLLATE utf8mb4_unicode_ci NOT NULL DEFAULT 'published',
  `created_at` timestamp NULL DEFAULT NULL,
  `updated_at` timestamp NULL DEFAULT NULL,
  PRIMARY KEY (`id`)
) ENGINE=InnoDB DEFAULT CHARSET=utf8mb4 COLLATE=utf8mb4_unicode_ci;
/*!40101 SET character_set_client = @saved_cs_client */;

--
-- Dumping data for table `states`
--

LOCK TABLES `states` WRITE;
/*!40000 ALTER TABLE `states` DISABLE KEYS */;
/*!40000 ALTER TABLE `states` ENABLE KEYS */;
UNLOCK TABLES;

--
-- Table structure for table `states_translations`
--

DROP TABLE IF EXISTS `states_translations`;
/*!40101 SET @saved_cs_client     = @@character_set_client */;
/*!50503 SET character_set_client = utf8mb4 */;
CREATE TABLE `states_translations` (
  `lang_code` varchar(191) CHARACTER SET utf8mb4 COLLATE utf8mb4_unicode_ci NOT NULL,
  `states_id` int NOT NULL,
  `name` varchar(120) CHARACTER SET utf8mb4 COLLATE utf8mb4_unicode_ci DEFAULT NULL,
  `abbreviation` varchar(2) CHARACTER SET utf8mb4 COLLATE utf8mb4_unicode_ci DEFAULT NULL,
  PRIMARY KEY (`lang_code`,`states_id`)
) ENGINE=InnoDB DEFAULT CHARSET=utf8mb4 COLLATE=utf8mb4_unicode_ci;
/*!40101 SET character_set_client = @saved_cs_client */;

--
-- Dumping data for table `states_translations`
--

LOCK TABLES `states_translations` WRITE;
/*!40000 ALTER TABLE `states_translations` DISABLE KEYS */;
/*!40000 ALTER TABLE `states_translations` ENABLE KEYS */;
UNLOCK TABLES;

--
-- Table structure for table `tags`
--

DROP TABLE IF EXISTS `tags`;
/*!40101 SET @saved_cs_client     = @@character_set_client */;
/*!50503 SET character_set_client = utf8mb4 */;
CREATE TABLE `tags` (
  `id` bigint unsigned NOT NULL AUTO_INCREMENT,
  `name` varchar(120) CHARACTER SET utf8mb4 COLLATE utf8mb4_unicode_ci NOT NULL,
  `author_id` int NOT NULL,
  `author_type` varchar(255) CHARACTER SET utf8mb4 COLLATE utf8mb4_unicode_ci NOT NULL DEFAULT 'Botble\\ACL\\Models\\User',
  `description` varchar(400) CHARACTER SET utf8mb4 COLLATE utf8mb4_unicode_ci DEFAULT '',
  `status` varchar(60) CHARACTER SET utf8mb4 COLLATE utf8mb4_unicode_ci NOT NULL DEFAULT 'published',
  `created_at` timestamp NULL DEFAULT NULL,
  `updated_at` timestamp NULL DEFAULT NULL,
  PRIMARY KEY (`id`)
) ENGINE=InnoDB AUTO_INCREMENT=6 DEFAULT CHARSET=utf8mb4 COLLATE=utf8mb4_unicode_ci;
/*!40101 SET character_set_client = @saved_cs_client */;

--
-- Dumping data for table `tags`
--

LOCK TABLES `tags` WRITE;
/*!40000 ALTER TABLE `tags` DISABLE KEYS */;
INSERT INTO `tags` VALUES (1,'General',1,'Botble\\ACL\\Models\\User','','published','2022-08-25 18:53:03','2022-08-25 18:53:03'),(2,'Design',1,'Botble\\ACL\\Models\\User','','published','2022-08-25 18:53:03','2022-08-25 18:53:03'),(3,'Fashion',1,'Botble\\ACL\\Models\\User','','published','2022-08-25 18:53:03','2022-08-25 18:53:03'),(4,'Branding',1,'Botble\\ACL\\Models\\User','','published','2022-08-25 18:53:03','2022-08-25 18:53:03'),(5,'Modern',1,'Botble\\ACL\\Models\\User','','published','2022-08-25 18:53:03','2022-08-25 18:53:03');
/*!40000 ALTER TABLE `tags` ENABLE KEYS */;
UNLOCK TABLES;

--
-- Table structure for table `tags_translations`
--

DROP TABLE IF EXISTS `tags_translations`;
/*!40101 SET @saved_cs_client     = @@character_set_client */;
/*!50503 SET character_set_client = utf8mb4 */;
CREATE TABLE `tags_translations` (
  `lang_code` varchar(191) CHARACTER SET utf8mb4 COLLATE utf8mb4_unicode_ci NOT NULL,
  `tags_id` int NOT NULL,
  `name` varchar(255) CHARACTER SET utf8mb4 COLLATE utf8mb4_unicode_ci DEFAULT NULL,
  `description` varchar(400) CHARACTER SET utf8mb4 COLLATE utf8mb4_unicode_ci DEFAULT NULL,
  PRIMARY KEY (`lang_code`,`tags_id`)
) ENGINE=InnoDB DEFAULT CHARSET=utf8mb4 COLLATE=utf8mb4_unicode_ci;
/*!40101 SET character_set_client = @saved_cs_client */;

--
-- Dumping data for table `tags_translations`
--

LOCK TABLES `tags_translations` WRITE;
/*!40000 ALTER TABLE `tags_translations` DISABLE KEYS */;
INSERT INTO `tags_translations` VALUES ('vi',1,'Chung',NULL),('vi',2,'Thiết kế',NULL),('vi',3,'Thời trang',NULL),('vi',4,'Thương hiệu',NULL),('vi',5,'Hiện đại',NULL);
/*!40000 ALTER TABLE `tags_translations` ENABLE KEYS */;
UNLOCK TABLES;

--
-- Table structure for table `translations`
--

DROP TABLE IF EXISTS `translations`;
/*!40101 SET @saved_cs_client     = @@character_set_client */;
/*!50503 SET character_set_client = utf8mb4 */;
CREATE TABLE `translations` (
  `id` bigint unsigned NOT NULL AUTO_INCREMENT,
  `status` int NOT NULL DEFAULT '0',
  `locale` varchar(191) CHARACTER SET utf8mb4 COLLATE utf8mb4_unicode_ci NOT NULL,
  `group` varchar(191) CHARACTER SET utf8mb4 COLLATE utf8mb4_unicode_ci NOT NULL,
  `key` varchar(191) CHARACTER SET utf8mb4 COLLATE utf8mb4_unicode_ci NOT NULL,
  `value` text CHARACTER SET utf8mb4 COLLATE utf8mb4_unicode_ci,
  `created_at` timestamp NULL DEFAULT NULL,
  `updated_at` timestamp NULL DEFAULT NULL,
  PRIMARY KEY (`id`)
) ENGINE=InnoDB AUTO_INCREMENT=4751 DEFAULT CHARSET=utf8mb4 COLLATE=utf8mb4_unicode_ci;
/*!40101 SET character_set_client = @saved_cs_client */;

--
-- Dumping data for table `translations`
--

LOCK TABLES `translations` WRITE;
/*!40000 ALTER TABLE `translations` DISABLE KEYS */;
INSERT INTO `translations` VALUES (1,0,'en','auth','failed','These credentials do not match our records.','2022-09-10 03:28:32','2022-09-10 03:29:41'),(2,0,'en','auth','password','The provided password is incorrect.','2022-09-10 03:28:32','2022-09-10 03:29:41'),(3,0,'en','auth','throttle','Too many login attempts. Please try again in :seconds seconds.','2022-09-10 03:28:32','2022-09-10 03:29:41'),(4,0,'en','pagination','previous','&laquo; Previous','2022-09-10 03:28:32','2022-09-10 03:29:41'),(5,0,'en','pagination','next','Next &raquo;','2022-09-10 03:28:32','2022-09-10 03:29:41'),(6,0,'en','passwords','reset','Your password has been reset!','2022-09-10 03:28:32','2022-09-10 03:29:41'),(7,0,'en','passwords','sent','We have emailed your password reset link!','2022-09-10 03:28:33','2022-09-10 03:29:41'),(8,0,'en','passwords','throttled','Please wait before retrying.','2022-09-10 03:28:33','2022-09-10 03:29:41'),(9,0,'en','passwords','token','This password reset token is invalid.','2022-09-10 03:28:33','2022-09-10 03:29:41'),(10,0,'en','passwords','user','We can\'t find a user with that email address.','2022-09-10 03:28:33','2022-09-10 03:29:41'),(11,0,'en','validation','accepted','The :attribute must be accepted.','2022-09-10 03:28:33','2022-09-10 03:29:42'),(12,0,'en','validation','accepted_if','The :attribute must be accepted when :other is :value.','2022-09-10 03:28:33','2022-09-10 03:29:42'),(13,0,'en','validation','active_url','The :attribute is not a valid URL.','2022-09-10 03:28:33','2022-09-10 03:29:42'),(14,0,'en','validation','after','The :attribute must be a date after :date.','2022-09-10 03:28:33','2022-09-10 03:29:42'),(15,0,'en','validation','after_or_equal','The :attribute must be a date after or equal to :date.','2022-09-10 03:28:33','2022-09-10 03:29:42'),(16,0,'en','validation','alpha','The :attribute must only contain letters.','2022-09-10 03:28:33','2022-09-10 03:29:42'),(17,0,'en','validation','alpha_dash','The :attribute must only contain letters, numbers, dashes and underscores.','2022-09-10 03:28:33','2022-09-10 03:29:42'),(18,0,'en','validation','alpha_num','The :attribute must only contain letters and numbers.','2022-09-10 03:28:33','2022-09-10 03:29:42'),(19,0,'en','validation','array','The :attribute must be an array.','2022-09-10 03:28:33','2022-09-10 03:29:42'),(20,0,'en','validation','before','The :attribute must be a date before :date.','2022-09-10 03:28:33','2022-09-10 03:29:42'),(21,0,'en','validation','before_or_equal','The :attribute must be a date before or equal to :date.','2022-09-10 03:28:33','2022-09-10 03:29:42'),(22,0,'en','validation','between.array','The :attribute must have between :min and :max items.','2022-09-10 03:28:33','2022-09-10 03:29:42'),(23,0,'en','validation','between.file','The :attribute must be between :min and :max kilobytes.','2022-09-10 03:28:33','2022-09-10 03:29:42'),(24,0,'en','validation','between.numeric','The :attribute must be between :min and :max.','2022-09-10 03:28:33','2022-09-10 03:29:42'),(25,0,'en','validation','between.string','The :attribute must be between :min and :max characters.','2022-09-10 03:28:33','2022-09-10 03:29:42'),(26,0,'en','validation','boolean','The :attribute field must be true or false.','2022-09-10 03:28:33','2022-09-10 03:29:42'),(27,0,'en','validation','confirmed','The :attribute confirmation does not match.','2022-09-10 03:28:33','2022-09-10 03:29:42'),(28,0,'en','validation','current_password','The password is incorrect.','2022-09-10 03:28:33','2022-09-10 03:29:42'),(29,0,'en','validation','date','The :attribute is not a valid date.','2022-09-10 03:28:33','2022-09-10 03:29:42'),(30,0,'en','validation','date_equals','The :attribute must be a date equal to :date.','2022-09-10 03:28:33','2022-09-10 03:29:42'),(31,0,'en','validation','date_format','The :attribute does not match the format :format.','2022-09-10 03:28:33','2022-09-10 03:29:42'),(32,0,'en','validation','declined','The :attribute must be declined.','2022-09-10 03:28:33','2022-09-10 03:29:42'),(33,0,'en','validation','declined_if','The :attribute must be declined when :other is :value.','2022-09-10 03:28:33','2022-09-10 03:29:42'),(34,0,'en','validation','different','The :attribute and :other must be different.','2022-09-10 03:28:33','2022-09-10 03:29:42'),(35,0,'en','validation','digits','The :attribute must be :digits digits.','2022-09-10 03:28:33','2022-09-10 03:29:42'),(36,0,'en','validation','digits_between','The :attribute must be between :min and :max digits.','2022-09-10 03:28:33','2022-09-10 03:29:42'),(37,0,'en','validation','dimensions','The :attribute has invalid image dimensions.','2022-09-10 03:28:33','2022-09-10 03:29:42'),(38,0,'en','validation','distinct','The :attribute field has a duplicate value.','2022-09-10 03:28:33','2022-09-10 03:29:42'),(39,0,'en','validation','doesnt_end_with','The :attribute may not end with one of the following: :values.','2022-09-10 03:28:33','2022-09-10 03:29:42'),(40,0,'en','validation','doesnt_start_with','The :attribute may not start with one of the following: :values.','2022-09-10 03:28:33','2022-09-10 03:29:42'),(41,0,'en','validation','email','The :attribute must be a valid email address.','2022-09-10 03:28:33','2022-09-10 03:29:42'),(42,0,'en','validation','ends_with','The :attribute must end with one of the following: :values.','2022-09-10 03:28:33','2022-09-10 03:29:42'),(43,0,'en','validation','enum','The selected :attribute is invalid.','2022-09-10 03:28:33','2022-09-10 03:29:42'),(44,0,'en','validation','exists','The selected :attribute is invalid.','2022-09-10 03:28:33','2022-09-10 03:29:42'),(45,0,'en','validation','file','The :attribute must be a file.','2022-09-10 03:28:33','2022-09-10 03:29:42'),(46,0,'en','validation','filled','The :attribute field must have a value.','2022-09-10 03:28:33','2022-09-10 03:29:42'),(47,0,'en','validation','gt.array','The :attribute must have more than :value items.','2022-09-10 03:28:33','2022-09-10 03:29:42'),(48,0,'en','validation','gt.file','The :attribute must be greater than :value kilobytes.','2022-09-10 03:28:33','2022-09-10 03:29:42'),(49,0,'en','validation','gt.numeric','The :attribute must be greater than :value.','2022-09-10 03:28:33','2022-09-10 03:29:42'),(50,0,'en','validation','gt.string','The :attribute must be greater than :value characters.','2022-09-10 03:28:33','2022-09-10 03:29:42'),(51,0,'en','validation','gte.array','The :attribute must have :value items or more.','2022-09-10 03:28:33','2022-09-10 03:29:42'),(52,0,'en','validation','gte.file','The :attribute must be greater than or equal to :value kilobytes.','2022-09-10 03:28:33','2022-09-10 03:29:42'),(53,0,'en','validation','gte.numeric','The :attribute must be greater than or equal to :value.','2022-09-10 03:28:33','2022-09-10 03:29:42'),(54,0,'en','validation','gte.string','The :attribute must be greater than or equal to :value characters.','2022-09-10 03:28:33','2022-09-10 03:29:42'),(55,0,'en','validation','image','The :attribute must be an image.','2022-09-10 03:28:33','2022-09-10 03:29:42'),(56,0,'en','validation','in','The selected :attribute is invalid.','2022-09-10 03:28:33','2022-09-10 03:29:42'),(57,0,'en','validation','in_array','The :attribute field does not exist in :other.','2022-09-10 03:28:33','2022-09-10 03:29:42'),(58,0,'en','validation','integer','The :attribute must be an integer.','2022-09-10 03:28:33','2022-09-10 03:29:42'),(59,0,'en','validation','ip','The :attribute must be a valid IP address.','2022-09-10 03:28:33','2022-09-10 03:29:42'),(60,0,'en','validation','ipv4','The :attribute must be a valid IPv4 address.','2022-09-10 03:28:33','2022-09-10 03:29:42'),(61,0,'en','validation','ipv6','The :attribute must be a valid IPv6 address.','2022-09-10 03:28:33','2022-09-10 03:29:42'),(62,0,'en','validation','json','The :attribute must be a valid JSON string.','2022-09-10 03:28:33','2022-09-10 03:29:42'),(63,0,'en','validation','lt.array','The :attribute must have less than :value items.','2022-09-10 03:28:33','2022-09-10 03:29:42'),(64,0,'en','validation','lt.file','The :attribute must be less than :value kilobytes.','2022-09-10 03:28:33','2022-09-10 03:29:42'),(65,0,'en','validation','lt.numeric','The :attribute must be less than :value.','2022-09-10 03:28:33','2022-09-10 03:29:42'),(66,0,'en','validation','lt.string','The :attribute must be less than :value characters.','2022-09-10 03:28:33','2022-09-10 03:29:42'),(67,0,'en','validation','lte.array','The :attribute must not have more than :value items.','2022-09-10 03:28:33','2022-09-10 03:29:42'),(68,0,'en','validation','lte.file','The :attribute must be less than or equal to :value kilobytes.','2022-09-10 03:28:33','2022-09-10 03:29:42'),(69,0,'en','validation','lte.numeric','The :attribute must be less than or equal to :value.','2022-09-10 03:28:33','2022-09-10 03:29:42'),(70,0,'en','validation','lte.string','The :attribute must be less than or equal to :value characters.','2022-09-10 03:28:33','2022-09-10 03:29:42'),(71,0,'en','validation','mac_address','The :attribute must be a valid MAC address.','2022-09-10 03:28:33','2022-09-10 03:29:42'),(72,0,'en','validation','max.array','The :attribute must not have more than :max items.','2022-09-10 03:28:33','2022-09-10 03:29:42'),(73,0,'en','validation','max.file','The :attribute must not be greater than :max kilobytes.','2022-09-10 03:28:33','2022-09-10 03:29:42'),(74,0,'en','validation','max.numeric','The :attribute must not be greater than :max.','2022-09-10 03:28:33','2022-09-10 03:29:42'),(75,0,'en','validation','max.string','The :attribute must not be greater than :max characters.','2022-09-10 03:28:33','2022-09-10 03:29:42'),(76,0,'en','validation','max_digits','The :attribute must not have more than :max digits.','2022-09-10 03:28:33','2022-09-10 03:29:42'),(77,0,'en','validation','mimes','The :attribute must be a file of type: :values.','2022-09-10 03:28:33','2022-09-10 03:29:42'),(78,0,'en','validation','mimetypes','The :attribute must be a file of type: :values.','2022-09-10 03:28:33','2022-09-10 03:29:42'),(79,0,'en','validation','min.array','The :attribute must have at least :min items.','2022-09-10 03:28:33','2022-09-10 03:29:42'),(80,0,'en','validation','min.file','The :attribute must be at least :min kilobytes.','2022-09-10 03:28:33','2022-09-10 03:29:42'),(81,0,'en','validation','min.numeric','The :attribute must be at least :min.','2022-09-10 03:28:33','2022-09-10 03:29:42'),(82,0,'en','validation','min.string','The :attribute must be at least :min characters.','2022-09-10 03:28:33','2022-09-10 03:29:42'),(83,0,'en','validation','min_digits','The :attribute must have at least :min digits.','2022-09-10 03:28:33','2022-09-10 03:29:42'),(84,0,'en','validation','multiple_of','The :attribute must be a multiple of :value.','2022-09-10 03:28:33','2022-09-10 03:29:42'),(85,0,'en','validation','not_in','The selected :attribute is invalid.','2022-09-10 03:28:33','2022-09-10 03:29:42'),(86,0,'en','validation','not_regex','The :attribute format is invalid.','2022-09-10 03:28:33','2022-09-10 03:29:42'),(87,0,'en','validation','numeric','The :attribute must be a number.','2022-09-10 03:28:33','2022-09-10 03:29:42'),(88,0,'en','validation','password.letters','The :attribute must contain at least one letter.','2022-09-10 03:28:33','2022-09-10 03:29:42'),(89,0,'en','validation','password.mixed','The :attribute must contain at least one uppercase and one lowercase letter.','2022-09-10 03:28:33','2022-09-10 03:29:42'),(90,0,'en','validation','password.numbers','The :attribute must contain at least one number.','2022-09-10 03:28:33','2022-09-10 03:29:42'),(91,0,'en','validation','password.symbols','The :attribute must contain at least one symbol.','2022-09-10 03:28:33','2022-09-10 03:29:42'),(92,0,'en','validation','password.uncompromised','The given :attribute has appeared in a data leak. Please choose a different :attribute.','2022-09-10 03:28:33','2022-09-10 03:29:42'),(93,0,'en','validation','present','The :attribute field must be present.','2022-09-10 03:28:33','2022-09-10 03:29:42'),(94,0,'en','validation','prohibited','The :attribute field is prohibited.','2022-09-10 03:28:33','2022-09-10 03:29:42'),(95,0,'en','validation','prohibited_if','The :attribute field is prohibited when :other is :value.','2022-09-10 03:28:33','2022-09-10 03:29:42'),(96,0,'en','validation','prohibited_unless','The :attribute field is prohibited unless :other is in :values.','2022-09-10 03:28:33','2022-09-10 03:29:42'),(97,0,'en','validation','prohibits','The :attribute field prohibits :other from being present.','2022-09-10 03:28:33','2022-09-10 03:29:42'),(98,0,'en','validation','regex','The :attribute format is invalid.','2022-09-10 03:28:33','2022-09-10 03:29:42'),(99,0,'en','validation','required','The :attribute field is required.','2022-09-10 03:28:33','2022-09-10 03:29:42'),(100,0,'en','validation','required_array_keys','The :attribute field must contain entries for: :values.','2022-09-10 03:28:33','2022-09-10 03:29:42'),(101,0,'en','validation','required_if','The :attribute field is required when :other is :value.','2022-09-10 03:28:33','2022-09-10 03:29:42'),(102,0,'en','validation','required_unless','The :attribute field is required unless :other is in :values.','2022-09-10 03:28:33','2022-09-10 03:29:42'),(103,0,'en','validation','required_with','The :attribute field is required when :values is present.','2022-09-10 03:28:33','2022-09-10 03:29:42'),(104,0,'en','validation','required_with_all','The :attribute field is required when :values are present.','2022-09-10 03:28:33','2022-09-10 03:29:42'),(105,0,'en','validation','required_without','The :attribute field is required when :values is not present.','2022-09-10 03:28:33','2022-09-10 03:29:42'),(106,0,'en','validation','required_without_all','The :attribute field is required when none of :values are present.','2022-09-10 03:28:33','2022-09-10 03:29:42'),(107,0,'en','validation','same','The :attribute and :other must match.','2022-09-10 03:28:33','2022-09-10 03:29:42'),(108,0,'en','validation','size.array','The :attribute must contain :size items.','2022-09-10 03:28:33','2022-09-10 03:29:42'),(109,0,'en','validation','size.file','The :attribute must be :size kilobytes.','2022-09-10 03:28:33','2022-09-10 03:29:42'),(110,0,'en','validation','size.numeric','The :attribute must be :size.','2022-09-10 03:28:33','2022-09-10 03:29:42'),(111,0,'en','validation','size.string','The :attribute must be :size characters.','2022-09-10 03:28:33','2022-09-10 03:29:42'),(112,0,'en','validation','starts_with','The :attribute must start with one of the following: :values.','2022-09-10 03:28:33','2022-09-10 03:29:42'),(113,0,'en','validation','string','The :attribute must be a string.','2022-09-10 03:28:33','2022-09-10 03:29:42'),(114,0,'en','validation','timezone','The :attribute must be a valid timezone.','2022-09-10 03:28:33','2022-09-10 03:29:42'),(115,0,'en','validation','unique','The :attribute has already been taken.','2022-09-10 03:28:33','2022-09-10 03:29:42'),(116,0,'en','validation','uploaded','The :attribute failed to upload.','2022-09-10 03:28:33','2022-09-10 03:29:42'),(117,0,'en','validation','url','The :attribute must be a valid URL.','2022-09-10 03:28:33','2022-09-10 03:29:42'),(118,0,'en','validation','uuid','The :attribute must be a valid UUID.','2022-09-10 03:28:33','2022-09-10 03:29:42'),(119,0,'en','validation','custom.attribute-name.rule-name','custom-message','2022-09-10 03:28:33','2022-09-10 03:29:42'),(120,0,'en','core/acl/api','api_clients','API Clients','2022-09-10 03:28:33','2022-09-10 03:29:42'),(121,0,'en','core/acl/api','create_new_client','Create new client','2022-09-10 03:28:33','2022-09-10 03:29:42'),(122,0,'en','core/acl/api','create_new_client_success','Create new client successfully!','2022-09-10 03:28:33','2022-09-10 03:29:42'),(123,0,'en','core/acl/api','edit_client','Edit client \":name\"','2022-09-10 03:28:33','2022-09-10 03:29:42'),(124,0,'en','core/acl/api','edit_client_success','Updated client successfully!','2022-09-10 03:28:33','2022-09-10 03:29:42'),(125,0,'en','core/acl/api','delete_success','Deleted client successfully!','2022-09-10 03:28:33','2022-09-10 03:29:42'),(126,0,'en','core/acl/api','confirm_delete_title','Confirm delete client \":name\"','2022-09-10 03:28:33','2022-09-10 03:29:42'),(127,0,'en','core/acl/api','confirm_delete_description','Do you really want to delete client \":name\"?','2022-09-10 03:28:33','2022-09-10 03:29:42'),(128,0,'en','core/acl/api','cancel_delete','No','2022-09-10 03:28:33','2022-09-10 03:29:42'),(129,0,'en','core/acl/api','continue_delete','Yes, let\'s delete it!','2022-09-10 03:28:33','2022-09-10 03:29:42'),(130,0,'en','core/acl/api','name','Name','2022-09-10 03:28:33','2022-09-10 03:29:42'),(131,0,'en','core/acl/api','cancel','Cancel','2022-09-10 03:28:33','2022-09-10 03:29:42'),(132,0,'en','core/acl/api','save','Save','2022-09-10 03:28:33','2022-09-10 03:29:42'),(133,0,'en','core/acl/api','edit','Edit','2022-09-10 03:28:33','2022-09-10 03:29:42'),(134,0,'en','core/acl/api','delete','Delete','2022-09-10 03:28:33','2022-09-10 03:29:42'),(135,0,'en','core/acl/api','client_id','Client ID','2022-09-10 03:28:33','2022-09-10 03:29:42'),(136,0,'en','core/acl/api','secret','Secret','2022-09-10 03:28:33','2022-09-10 03:29:42'),(137,0,'en','core/acl/auth','login.username','Email/Username','2022-09-10 03:28:33','2022-09-10 03:29:42'),(138,0,'en','core/acl/auth','login.email','Email','2022-09-10 03:28:33','2022-09-10 03:29:42'),(139,0,'en','core/acl/auth','login.password','Password','2022-09-10 03:28:33','2022-09-10 03:29:42'),(140,0,'en','core/acl/auth','login.title','User Login','2022-09-10 03:28:33','2022-09-10 03:29:42'),(141,0,'en','core/acl/auth','login.remember','Remember me?','2022-09-10 03:28:33','2022-09-10 03:29:42'),(142,0,'en','core/acl/auth','login.login','Sign in','2022-09-10 03:28:33','2022-09-10 03:29:42'),(143,0,'en','core/acl/auth','login.placeholder.username','Please enter your username','2022-09-10 03:28:33','2022-09-10 03:29:42'),(144,0,'en','core/acl/auth','login.placeholder.email','Please enter your email','2022-09-10 03:28:33','2022-09-10 03:29:42'),(145,0,'en','core/acl/auth','login.success','Login successfully!','2022-09-10 03:28:33','2022-09-10 03:29:42'),(146,0,'en','core/acl/auth','login.fail','Wrong username or password.','2022-09-10 03:28:33','2022-09-10 03:29:42'),(147,0,'en','core/acl/auth','login.not_active','Your account has not been activated yet!','2022-09-10 03:28:33','2022-09-10 03:29:42'),(148,0,'en','core/acl/auth','login.banned','This account is banned.','2022-09-10 03:28:33','2022-09-10 03:29:42'),(149,0,'en','core/acl/auth','login.logout_success','Logout successfully!','2022-09-10 03:28:33','2022-09-10 03:29:42'),(150,0,'en','core/acl/auth','login.dont_have_account','You don\'t have account on this system, please contact administrator for more information!','2022-09-10 03:28:33','2022-09-10 03:29:42'),(151,0,'en','core/acl/auth','forgot_password.title','Forgot Password','2022-09-10 03:28:33','2022-09-10 03:29:42'),(152,0,'en','core/acl/auth','forgot_password.message','<p>Have you forgotten your password?</p><p>Please enter your email account. System will send a email with active link to reset your password.</p>','2022-09-10 03:28:33','2022-09-10 03:29:42'),(153,0,'en','core/acl/auth','forgot_password.submit','Submit','2022-09-10 03:28:33','2022-09-10 03:29:42'),(154,0,'en','core/acl/auth','reset.new_password','New password','2022-09-10 03:28:33','2022-09-10 03:29:42'),(155,0,'en','core/acl/auth','reset.password_confirmation','Confirm new password','2022-09-10 03:28:33','2022-09-10 03:29:42'),(156,0,'en','core/acl/auth','reset.email','Email','2022-09-10 03:28:33','2022-09-10 03:29:42'),(157,0,'en','core/acl/auth','reset.title','Reset your password','2022-09-10 03:28:33','2022-09-10 03:29:42'),(158,0,'en','core/acl/auth','reset.update','Update','2022-09-10 03:28:33','2022-09-10 03:29:42'),(159,0,'en','core/acl/auth','reset.wrong_token','This link is invalid or expired. Please try using reset form again.','2022-09-10 03:28:33','2022-09-10 03:29:42'),(160,0,'en','core/acl/auth','reset.user_not_found','This username is not exist.','2022-09-10 03:28:33','2022-09-10 03:29:42'),(161,0,'en','core/acl/auth','reset.success','Reset password successfully!','2022-09-10 03:28:33','2022-09-10 03:29:42'),(162,0,'en','core/acl/auth','reset.fail','Token is invalid, the reset password link has been expired!','2022-09-10 03:28:33','2022-09-10 03:29:42'),(163,0,'en','core/acl/auth','reset.reset.title','Email reset password','2022-09-10 03:28:33','2022-09-10 03:29:42'),(164,0,'en','core/acl/auth','reset.send.success','A email was sent to your email account. Please check and complete this action.','2022-09-10 03:28:33','2022-09-10 03:29:42'),(165,0,'en','core/acl/auth','reset.send.fail','Can not send email in this time. Please try again later.','2022-09-10 03:28:33','2022-09-10 03:29:42'),(166,0,'en','core/acl/auth','reset.new-password','New password','2022-09-10 03:28:33','2022-09-10 03:29:42'),(167,0,'en','core/acl/auth','email.reminder.title','Email reset password','2022-09-10 03:28:33','2022-09-10 03:29:42'),(168,0,'en','core/acl/auth','password_confirmation','Password confirm','2022-09-10 03:28:33','2022-09-10 03:29:42'),(169,0,'en','core/acl/auth','failed','Failed','2022-09-10 03:28:33','2022-09-10 03:29:42'),(170,0,'en','core/acl/auth','throttle','Throttle','2022-09-10 03:28:33','2022-09-10 03:29:42'),(171,0,'en','core/acl/auth','not_member','Not a member yet?','2022-09-10 03:28:33','2022-09-10 03:29:42'),(172,0,'en','core/acl/auth','register_now','Register now','2022-09-10 03:28:33','2022-09-10 03:29:42'),(173,0,'en','core/acl/auth','lost_your_password','Lost your password?','2022-09-10 03:28:33','2022-09-10 03:29:42'),(174,0,'en','core/acl/auth','login_title','Admin','2022-09-10 03:28:33','2022-09-10 03:29:42'),(175,0,'en','core/acl/auth','login_via_social','Login with social networks','2022-09-10 03:28:33','2022-09-10 03:29:42'),(176,0,'en','core/acl/auth','back_to_login','Back to login page','2022-09-10 03:28:33','2022-09-10 03:29:42'),(177,0,'en','core/acl/auth','sign_in_below','Sign In Below','2022-09-10 03:28:33','2022-09-10 03:29:42'),(178,0,'en','core/acl/auth','languages','Languages','2022-09-10 03:28:33','2022-09-10 03:29:42'),(179,0,'en','core/acl/auth','reset_password','Reset Password','2022-09-10 03:28:33','2022-09-10 03:29:42'),(180,0,'en','core/acl/auth','settings.email.title','ACL','2022-09-10 03:28:33','2022-09-10 03:29:42'),(181,0,'en','core/acl/auth','settings.email.description','ACL email configuration','2022-09-10 03:28:33','2022-09-10 03:29:42'),(182,0,'en','core/acl/permissions','notices.role_in_use','Cannot delete this role, it is still in use!','2022-09-10 03:28:33','2022-09-10 03:29:42'),(183,0,'en','core/acl/permissions','notices.role_delete_belong_user','You are not able to delete this role; it belongs to someone else!','2022-09-10 03:28:33','2022-09-10 03:29:42'),(184,0,'en','core/acl/permissions','notices.role_edit_belong_user','You are not able to edit this role; it belongs to someone else!','2022-09-10 03:28:33','2022-09-10 03:29:42'),(185,0,'en','core/acl/permissions','notices.delete_global_role','You are not allowed to delete global roles!','2022-09-10 03:28:33','2022-09-10 03:29:42'),(186,0,'en','core/acl/permissions','notices.delete_success','The selected role was deleted successfully!','2022-09-10 03:28:33','2022-09-10 03:29:42'),(187,0,'en','core/acl/permissions','notices.modified_success','The selected role was modified successfully!','2022-09-10 03:28:33','2022-09-10 03:29:42'),(188,0,'en','core/acl/permissions','notices.create_success','The new role was successfully created','2022-09-10 03:28:33','2022-09-10 03:29:42'),(189,0,'en','core/acl/permissions','notices.duplicated_success','The selected role was duplicated successfully','2022-09-10 03:28:33','2022-09-10 03:29:42'),(190,0,'en','core/acl/permissions','notices.no_select','Please select at least one record to take this action!','2022-09-10 03:28:33','2022-09-10 03:29:42'),(191,0,'en','core/acl/permissions','notices.not_found','Role not found','2022-09-10 03:28:33','2022-09-10 03:29:42'),(192,0,'en','core/acl/permissions','name','Name','2022-09-10 03:28:33','2022-09-10 03:29:42'),(193,0,'en','core/acl/permissions','current_role','Current Role','2022-09-10 03:28:33','2022-09-10 03:29:42'),(194,0,'en','core/acl/permissions','no_role_assigned','No role assigned','2022-09-10 03:28:33','2022-09-10 03:29:42'),(195,0,'en','core/acl/permissions','role_assigned','Assigned Role','2022-09-10 03:28:33','2022-09-10 03:29:42'),(196,0,'en','core/acl/permissions','create_role','Create New Role','2022-09-10 03:28:33','2022-09-10 03:29:42'),(197,0,'en','core/acl/permissions','role_name','Name','2022-09-10 03:28:33','2022-09-10 03:29:42'),(198,0,'en','core/acl/permissions','role_description','Description','2022-09-10 03:28:33','2022-09-10 03:29:42'),(199,0,'en','core/acl/permissions','permission_flags','Permission Flags','2022-09-10 03:28:33','2022-09-10 03:29:42'),(200,0,'en','core/acl/permissions','cancel','Cancel','2022-09-10 03:28:33','2022-09-10 03:29:42'),(201,0,'en','core/acl/permissions','reset','Reset','2022-09-10 03:28:33','2022-09-10 03:29:42'),(202,0,'en','core/acl/permissions','save','Save','2022-09-10 03:28:33','2022-09-10 03:29:42'),(203,0,'en','core/acl/permissions','global_role_msg','This is a global role and cannot be modified.  You can use the Duplicate button to make a copy of this role that you can then modify.','2022-09-10 03:28:33','2022-09-10 03:29:42'),(204,0,'en','core/acl/permissions','details','Details','2022-09-10 03:28:33','2022-09-10 03:29:42'),(205,0,'en','core/acl/permissions','duplicate','Duplicate','2022-09-10 03:28:33','2022-09-10 03:29:42'),(206,0,'en','core/acl/permissions','all','All Permissions','2022-09-10 03:28:33','2022-09-10 03:29:42'),(207,0,'en','core/acl/permissions','list_role','List Roles','2022-09-10 03:28:33','2022-09-10 03:29:42'),(208,0,'en','core/acl/permissions','created_on','Created On','2022-09-10 03:28:33','2022-09-10 03:29:42'),(209,0,'en','core/acl/permissions','created_by','Created By','2022-09-10 03:28:33','2022-09-10 03:29:42'),(210,0,'en','core/acl/permissions','actions','Actions','2022-09-10 03:28:33','2022-09-10 03:29:42'),(211,0,'en','core/acl/permissions','role_in_use','Cannot delete this role, it is still in use!','2022-09-10 03:28:33','2022-09-10 03:29:42'),(212,0,'en','core/acl/permissions','role_delete_belong_user','You are not able to delete this role; it belongs to someone else!','2022-09-10 03:28:33','2022-09-10 03:29:42'),(213,0,'en','core/acl/permissions','delete_global_role','Can not delete global role','2022-09-10 03:28:33','2022-09-10 03:29:42'),(214,0,'en','core/acl/permissions','delete_success','Delete role successfully','2022-09-10 03:28:33','2022-09-10 03:29:42'),(215,0,'en','core/acl/permissions','no_select','Please select at least one role to take this action!','2022-09-10 03:28:33','2022-09-10 03:29:42'),(216,0,'en','core/acl/permissions','not_found','No role found!','2022-09-10 03:28:33','2022-09-10 03:29:42'),(217,0,'en','core/acl/permissions','role_edit_belong_user','You are not able to edit this role; it belongs to someone else!','2022-09-10 03:28:33','2022-09-10 03:29:42'),(218,0,'en','core/acl/permissions','modified_success','Modified successfully','2022-09-10 03:28:33','2022-09-10 03:29:42'),(219,0,'en','core/acl/permissions','create_success','Create successfully','2022-09-10 03:28:33','2022-09-10 03:29:42'),(220,0,'en','core/acl/permissions','duplicated_success','Duplicated successfully','2022-09-10 03:28:33','2022-09-10 03:29:42'),(221,0,'en','core/acl/permissions','options','Options','2022-09-10 03:28:33','2022-09-10 03:29:42'),(222,0,'en','core/acl/permissions','access_denied_message','You are not allowed to do this action','2022-09-10 03:28:33','2022-09-10 03:29:42'),(223,0,'en','core/acl/permissions','roles','Roles','2022-09-10 03:28:33','2022-09-10 03:29:42'),(224,0,'en','core/acl/permissions','role_permission','Roles and Permissions','2022-09-10 03:28:33','2022-09-10 03:29:42'),(225,0,'en','core/acl/permissions','user_management','User Management','2022-09-10 03:28:33','2022-09-10 03:29:42'),(226,0,'en','core/acl/permissions','super_user_management','Super User Management','2022-09-10 03:28:33','2022-09-10 03:29:42'),(227,0,'en','core/acl/permissions','action_unauthorized','This action is unauthorized.','2022-09-10 03:28:33','2022-09-10 03:29:42'),(228,0,'en','core/acl/reminders','password','Passwords must be at least six characters and match the confirmation.','2022-09-10 03:28:33','2022-09-10 03:29:42'),(229,0,'en','core/acl/reminders','user','We can\'t find a user with that e-mail address.','2022-09-10 03:28:33','2022-09-10 03:29:42'),(230,0,'en','core/acl/reminders','token','This password reset token is invalid.','2022-09-10 03:28:33','2022-09-10 03:29:42'),(231,0,'en','core/acl/reminders','sent','Password reminder sent!','2022-09-10 03:28:33','2022-09-10 03:29:42'),(232,0,'en','core/acl/reminders','reset','Password has been reset!','2022-09-10 03:28:33','2022-09-10 03:29:42'),(233,0,'en','core/acl/users','delete_user_logged_in','Can\'t delete this user. This user is logged on!','2022-09-10 03:28:33','2022-09-10 03:29:42'),(234,0,'en','core/acl/users','no_select','Please select at least one record to take this action!','2022-09-10 03:28:33','2022-09-10 03:29:42'),(235,0,'en','core/acl/users','lock_user_logged_in','Can\'t lock this user. This user is logged on!','2022-09-10 03:28:33','2022-09-10 03:29:42'),(236,0,'en','core/acl/users','update_success','Update status successfully!','2022-09-10 03:28:33','2022-09-10 03:29:42'),(237,0,'en','core/acl/users','save_setting_failed','Something went wrong when save your setting','2022-09-10 03:28:33','2022-09-10 03:29:42'),(238,0,'en','core/acl/users','not_found','User not found','2022-09-10 03:28:33','2022-09-10 03:29:42'),(239,0,'en','core/acl/users','email_exist','That email address already belongs to an existing account','2022-09-10 03:28:33','2022-09-10 03:29:42'),(240,0,'en','core/acl/users','username_exist','That username address already belongs to an existing account','2022-09-10 03:28:33','2022-09-10 03:29:42'),(241,0,'en','core/acl/users','update_profile_success','Your profile changes were successfully saved','2022-09-10 03:28:33','2022-09-10 03:29:42'),(242,0,'en','core/acl/users','password_update_success','Password successfully changed','2022-09-10 03:28:33','2022-09-10 03:29:42'),(243,0,'en','core/acl/users','current_password_not_valid','Current password is not valid','2022-09-10 03:28:33','2022-09-10 03:29:42'),(244,0,'en','core/acl/users','user_exist_in','User is already a member','2022-09-10 03:28:33','2022-09-10 03:29:42'),(245,0,'en','core/acl/users','email','Email','2022-09-10 03:28:33','2022-09-10 03:29:42'),(246,0,'en','core/acl/users','role','Role','2022-09-10 03:28:33','2022-09-10 03:29:42'),(247,0,'en','core/acl/users','username','Username','2022-09-10 03:28:33','2022-09-10 03:29:42'),(248,0,'en','core/acl/users','last_name','Last Name','2022-09-10 03:28:33','2022-09-10 03:29:42'),(249,0,'en','core/acl/users','first_name','First Name','2022-09-10 03:28:33','2022-09-10 03:29:42'),(250,0,'en','core/acl/users','message','Message','2022-09-10 03:28:33','2022-09-10 03:29:42'),(251,0,'en','core/acl/users','cancel_btn','Cancel','2022-09-10 03:28:33','2022-09-10 03:29:42'),(252,0,'en','core/acl/users','change_password','Change password','2022-09-10 03:28:33','2022-09-10 03:29:42'),(253,0,'en','core/acl/users','current_password','Current password','2022-09-10 03:28:33','2022-09-10 03:29:42'),(254,0,'en','core/acl/users','new_password','New Password','2022-09-10 03:28:33','2022-09-10 03:29:42'),(255,0,'en','core/acl/users','confirm_new_password','Confirm New Password','2022-09-10 03:28:33','2022-09-10 03:29:42'),(256,0,'en','core/acl/users','password','Password','2022-09-10 03:28:33','2022-09-10 03:29:42'),(257,0,'en','core/acl/users','save','Save','2022-09-10 03:28:33','2022-09-10 03:29:42'),(258,0,'en','core/acl/users','cannot_delete','User could not be deleted','2022-09-10 03:28:33','2022-09-10 03:29:42'),(259,0,'en','core/acl/users','deleted','User deleted','2022-09-10 03:28:33','2022-09-10 03:29:42'),(260,0,'en','core/acl/users','last_login','Last Login','2022-09-10 03:28:33','2022-09-10 03:29:42'),(261,0,'en','core/acl/users','error_update_profile_image','Error when update profile image','2022-09-10 03:28:33','2022-09-10 03:29:42'),(262,0,'en','core/acl/users','email_reminder_template','<h3>Hello :name</h3><p>The system has received a request to restore the password for your account, to complete this task please click the link below.</p><p><a href=\":link\">Reset password now</a></p><p>If not you ask recover password, please ignore this email.</p><p>This email is valid for 60 minutes after receiving the email.</p>','2022-09-10 03:28:33','2022-09-10 03:29:42'),(263,0,'en','core/acl/users','change_profile_image','Change Profile Image','2022-09-10 03:28:33','2022-09-10 03:29:42'),(264,0,'en','core/acl/users','new_image','New Image','2022-09-10 03:28:33','2022-09-10 03:29:42'),(265,0,'en','core/acl/users','loading','Loading','2022-09-10 03:28:33','2022-09-10 03:29:42'),(266,0,'en','core/acl/users','close','Close','2022-09-10 03:28:33','2022-09-10 03:29:42'),(267,0,'en','core/acl/users','update','Update','2022-09-10 03:28:33','2022-09-10 03:29:42'),(268,0,'en','core/acl/users','read_image_failed','Failed to read the image file','2022-09-10 03:28:33','2022-09-10 03:29:42'),(269,0,'en','core/acl/users','users','Users','2022-09-10 03:28:33','2022-09-10 03:29:42'),(270,0,'en','core/acl/users','update_avatar_success','Update profile image successfully!','2022-09-10 03:28:33','2022-09-10 03:29:42'),(271,0,'en','core/acl/users','info.title','User profile','2022-09-10 03:28:33','2022-09-10 03:29:42'),(272,0,'en','core/acl/users','info.first_name','First Name','2022-09-10 03:28:33','2022-09-10 03:29:42'),(273,0,'en','core/acl/users','info.last_name','Last Name','2022-09-10 03:28:33','2022-09-10 03:29:42'),(274,0,'en','core/acl/users','total_users','Total users','2022-09-10 03:28:33','2022-09-10 03:29:42'),(275,0,'en','core/acl/users','statuses.activated','Activated','2022-09-10 03:28:33','2022-09-10 03:29:42'),(276,0,'en','core/acl/users','statuses.deactivated','Deactivated','2022-09-10 03:28:33','2022-09-10 03:29:42'),(277,0,'en','core/acl/users','make_super','Make super','2022-09-10 03:28:33','2022-09-10 03:29:42'),(278,0,'en','core/acl/users','remove_super','Remove super','2022-09-10 03:28:33','2022-09-10 03:29:42'),(279,0,'en','core/acl/users','is_super','Is super?','2022-09-10 03:28:33','2022-09-10 03:29:42'),(280,0,'en','core/acl/users','email_placeholder','Ex: example@gmail.com','2022-09-10 03:28:33','2022-09-10 03:29:42'),(281,0,'en','core/acl/users','password_confirmation','Re-type password','2022-09-10 03:28:33','2022-09-10 03:29:42'),(282,0,'en','core/acl/users','select_role','Select role','2022-09-10 03:28:33','2022-09-10 03:29:42'),(283,0,'en','core/acl/users','create_new_user','Create a new user','2022-09-10 03:28:33','2022-09-10 03:29:42'),(284,0,'en','core/acl/users','cannot_delete_super_user','Permission denied. Cannot delete a super user!','2022-09-10 03:28:33','2022-09-10 03:29:42'),(285,0,'en','core/acl/users','assigned_role','Assigned Role','2022-09-10 03:28:33','2022-09-10 03:29:42'),(286,0,'en','core/acl/users','no_role_assigned','No role assigned','2022-09-10 03:28:33','2022-09-10 03:29:42'),(287,0,'en','core/acl/users','view_user_profile','View user\'s profile','2022-09-10 03:28:33','2022-09-10 03:29:42'),(288,0,'vi','core/acl/auth','login.username','Email/Tên truy cập','2022-09-10 03:28:33','2022-09-10 03:29:42'),(289,0,'vi','core/acl/auth','login.password','Mật khẩu','2022-09-10 03:28:33','2022-09-10 03:29:42'),(290,0,'vi','core/acl/auth','login.title','Đăng nhập vào quản trị','2022-09-10 03:28:33','2022-09-10 03:29:42'),(291,0,'vi','core/acl/auth','login.remember','Nhớ mật khẩu?','2022-09-10 03:28:33','2022-09-10 03:29:42'),(292,0,'vi','core/acl/auth','login.login','Đăng nhập','2022-09-10 03:28:33','2022-09-10 03:29:42'),(293,0,'vi','core/acl/auth','login.placeholder.username','Vui lòng nhập tên truy cập','2022-09-10 03:28:33','2022-09-10 03:29:42'),(294,0,'vi','core/acl/auth','login.placeholder.email','Vui lòng nhập email','2022-09-10 03:28:33','2022-09-10 03:29:42'),(295,0,'vi','core/acl/auth','login.success','Đăng nhập thành công!','2022-09-10 03:28:33','2022-09-10 03:29:42'),(296,0,'vi','core/acl/auth','login.fail','Sai tên truy cập hoặc mật khẩu.','2022-09-10 03:28:33','2022-09-10 03:29:42'),(297,0,'vi','core/acl/auth','login.not_active','Tài khoản của bạn chưa được kích hoạt!','2022-09-10 03:28:33','2022-09-10 03:29:42'),(298,0,'vi','core/acl/auth','login.banned','Tài khoản này đã bị khóa.','2022-09-10 03:28:33','2022-09-10 03:29:42'),(299,0,'vi','core/acl/auth','login.logout_success','Đăng xuất thành công!','2022-09-10 03:28:33','2022-09-10 03:29:42'),(300,0,'vi','core/acl/auth','login.dont_have_account','Bạn không có tài khoản trong hệ thống, vui lòng liên hệ quản trị viên!','2022-09-10 03:28:33','2022-09-10 03:29:42'),(301,0,'vi','core/acl/auth','login.email','Email','2022-09-10 03:28:33','2022-09-10 03:29:42'),(302,0,'vi','core/acl/auth','forgot_password.title','Quên mật khẩu','2022-09-10 03:28:33','2022-09-10 03:29:42'),(303,0,'vi','core/acl/auth','forgot_password.message','<p>Quên mật khẩu?</p><p>Vui lòng nhập email đăng nhập tài khoản của bạn để hệ thống gửi liên kết khôi phục mật khẩu.</p>','2022-09-10 03:28:33','2022-09-10 03:29:42'),(304,0,'vi','core/acl/auth','forgot_password.submit','Hoàn tất','2022-09-10 03:28:33','2022-09-10 03:29:42'),(305,0,'vi','core/acl/auth','reset.new_password','Mật khẩu mới','2022-09-10 03:28:33','2022-09-10 03:29:42'),(306,0,'vi','core/acl/auth','reset.title','Khôi phục mật khẩu','2022-09-10 03:28:33','2022-09-10 03:29:42'),(307,0,'vi','core/acl/auth','reset.update','Cập nhật','2022-09-10 03:28:33','2022-09-10 03:29:42'),(308,0,'vi','core/acl/auth','reset.wrong_token','Liên kết này không chính xác hoặc đã hết hiệu lực, vui lòng yêu cầu khôi phục mật khẩu lại!','2022-09-10 03:28:33','2022-09-10 03:29:42'),(309,0,'vi','core/acl/auth','reset.user_not_found','Tên đăng nhập không tồn tại.','2022-09-10 03:28:33','2022-09-10 03:29:42'),(310,0,'vi','core/acl/auth','reset.success','Khôi phục mật khẩu thành công!','2022-09-10 03:28:33','2022-09-10 03:29:42'),(311,0,'vi','core/acl/auth','reset.fail','Token không hợp lệ hoặc liên kết khôi phục mật khẩu đã hết thời gian hiệu lực!','2022-09-10 03:28:33','2022-09-10 03:29:42'),(312,0,'vi','core/acl/auth','reset.reset.title','Email khôi phục mật khẩu','2022-09-10 03:28:33','2022-09-10 03:29:42'),(313,0,'vi','core/acl/auth','reset.send.success','Một email khôi phục mật khẩu đã được gửi tới email của bạn, vui lòng kiểm tra và hoàn tất yêu cầu.','2022-09-10 03:28:33','2022-09-10 03:29:42'),(314,0,'vi','core/acl/auth','reset.send.fail','Không thể gửi email trong lúc này. Vui lòng thực hiện lại sau.','2022-09-10 03:28:33','2022-09-10 03:29:42'),(315,0,'vi','core/acl/auth','reset.new-password','Mật khẩu mới','2022-09-10 03:28:33','2022-09-10 03:29:42'),(316,0,'vi','core/acl/auth','reset.email','Email','2022-09-10 03:28:33','2022-09-10 03:29:42'),(317,0,'vi','core/acl/auth','reset.password_confirmation','Xác nhận mật khẩu mới','2022-09-10 03:28:33','2022-09-10 03:29:42'),(318,0,'vi','core/acl/auth','email.reminder.title','Email khôi phục mật khẩu','2022-09-10 03:28:33','2022-09-10 03:29:42'),(319,0,'vi','core/acl/auth','failed','Không thành công','2022-09-10 03:28:33','2022-09-10 03:29:42'),(320,0,'vi','core/acl/auth','throttle','Throttle','2022-09-10 03:28:33','2022-09-10 03:29:42'),(321,0,'vi','core/acl/auth','back_to_login','Quay lại trang đăng nhập','2022-09-10 03:28:33','2022-09-10 03:29:42'),(322,0,'vi','core/acl/auth','login_title','Đăng nhập vào quản trị','2022-09-10 03:28:33','2022-09-10 03:29:42'),(323,0,'vi','core/acl/auth','login_via_social','Đăng nhập thông qua mạng xã hội','2022-09-10 03:28:33','2022-09-10 03:29:42'),(324,0,'vi','core/acl/auth','lost_your_password','Quên mật khẩu?','2022-09-10 03:28:33','2022-09-10 03:29:42'),(325,0,'vi','core/acl/auth','not_member','Chưa là thành viên?','2022-09-10 03:28:33','2022-09-10 03:29:42'),(326,0,'vi','core/acl/auth','register_now','Đăng ký ngay','2022-09-10 03:28:33','2022-09-10 03:29:42'),(327,0,'vi','core/acl/auth','languages','Ngôn ngữ','2022-09-10 03:28:33','2022-09-10 03:29:42'),(328,0,'vi','core/acl/auth','password_confirmation','Xác nhận mật khẩu','2022-09-10 03:28:33','2022-09-10 03:29:42'),(329,0,'vi','core/acl/auth','reset_password','Khôi phục mật khẩu','2022-09-10 03:28:33','2022-09-10 03:29:42'),(330,0,'vi','core/acl/auth','sign_in_below','Đăng nhập','2022-09-10 03:28:33','2022-09-10 03:29:42'),(331,0,'vi','core/acl/permissions','notices.role_in_use','Không thể xóa quyền người dùng này vì nó đang được sử dụng!','2022-09-10 03:28:33','2022-09-10 03:29:42'),(332,0,'vi','core/acl/permissions','notices.role_delete_belong_user','Không thể xóa quyền hạn này vì nó thuộc về người khác!','2022-09-10 03:28:33','2022-09-10 03:29:42'),(333,0,'vi','core/acl/permissions','notices.role_edit_belong_user','Bạn không được phép sửa quyền này vì nó thuộc về người khác','2022-09-10 03:28:33','2022-09-10 03:29:42'),(334,0,'vi','core/acl/permissions','notices.delete_global_role','Bạn không thể xóa quyền người dùng hệ thống!','2022-09-10 03:28:33','2022-09-10 03:29:42'),(335,0,'vi','core/acl/permissions','notices.delete_success','Quyền người dùng đã được xóa!','2022-09-10 03:28:33','2022-09-10 03:29:42'),(336,0,'vi','core/acl/permissions','notices.modified_success','Quyền người dùng đã được cập nhật thành công!','2022-09-10 03:28:33','2022-09-10 03:29:42'),(337,0,'vi','core/acl/permissions','notices.create_success','Quyền người dùng mới đã được tạo thành công!','2022-09-10 03:28:33','2022-09-10 03:29:42'),(338,0,'vi','core/acl/permissions','notices.duplicated_success','Quyền người dùng đã được sao chép thành công!','2022-09-10 03:28:33','2022-09-10 03:29:42'),(339,0,'vi','core/acl/permissions','notices.no_select','Hãy chọn ít nhất một quyền người dùng để thực hiện hành động này!','2022-09-10 03:28:33','2022-09-10 03:29:42'),(340,0,'vi','core/acl/permissions','notices.not_found','Không tìm thấy quyền người dùng này','2022-09-10 03:28:33','2022-09-10 03:29:42'),(341,0,'vi','core/acl/permissions','name','Tên','2022-09-10 03:28:33','2022-09-10 03:29:42'),(342,0,'vi','core/acl/permissions','current_role','Quyền hiện tại','2022-09-10 03:28:33','2022-09-10 03:29:42'),(343,0,'vi','core/acl/permissions','no_role_assigned','Không có quyền hạn nào','2022-09-10 03:28:33','2022-09-10 03:29:42'),(344,0,'vi','core/acl/permissions','role_assigned','Quyền đã được gán','2022-09-10 03:28:33','2022-09-10 03:29:42'),(345,0,'vi','core/acl/permissions','create_role','Tạo quyền mới','2022-09-10 03:28:33','2022-09-10 03:29:42'),(346,0,'vi','core/acl/permissions','role_name','Tên','2022-09-10 03:28:33','2022-09-10 03:29:42'),(347,0,'vi','core/acl/permissions','role_description','Mô tả','2022-09-10 03:28:33','2022-09-10 03:29:42'),(348,0,'vi','core/acl/permissions','permission_flags','Cờ đánh dấu quyền hạn','2022-09-10 03:28:33','2022-09-10 03:29:42'),(349,0,'vi','core/acl/permissions','cancel','Hủy bỏ','2022-09-10 03:28:33','2022-09-10 03:29:42'),(350,0,'vi','core/acl/permissions','reset','Làm lại','2022-09-10 03:28:33','2022-09-10 03:29:42'),(351,0,'vi','core/acl/permissions','save','Lưu','2022-09-10 03:28:33','2022-09-10 03:29:42'),(352,0,'vi','core/acl/permissions','global_role_msg','Đây là một phân quyền toàn cục và không thể thay đổi.  Bạn có thể sử dụng nút \"Nhân bản\" để tạo một bản sao chép cho phân quyền này và chỉnh sửa.','2022-09-10 03:28:33','2022-09-10 03:29:42'),(353,0,'vi','core/acl/permissions','details','Chi tiết','2022-09-10 03:28:33','2022-09-10 03:29:42'),(354,0,'vi','core/acl/permissions','duplicate','Nhân bản','2022-09-10 03:28:33','2022-09-10 03:29:42'),(355,0,'vi','core/acl/permissions','all','Tất cả phân quyền','2022-09-10 03:28:33','2022-09-10 03:29:42'),(356,0,'vi','core/acl/permissions','list_role','Danh sách quyền','2022-09-10 03:28:33','2022-09-10 03:29:42'),(357,0,'vi','core/acl/permissions','created_on','Ngày tạo','2022-09-10 03:28:33','2022-09-10 03:29:42'),(358,0,'vi','core/acl/permissions','created_by','Được tạo bởi','2022-09-10 03:28:33','2022-09-10 03:29:42'),(359,0,'vi','core/acl/permissions','actions','Tác vụ','2022-09-10 03:28:33','2022-09-10 03:29:42'),(360,0,'vi','core/acl/permissions','create_success','Tạo thành công!','2022-09-10 03:28:33','2022-09-10 03:29:42'),(361,0,'vi','core/acl/permissions','delete_global_role','Không thể xóa quyền hệ thống','2022-09-10 03:28:33','2022-09-10 03:29:42'),(362,0,'vi','core/acl/permissions','delete_success','Xóa quyền thành công','2022-09-10 03:28:33','2022-09-10 03:29:42'),(363,0,'vi','core/acl/permissions','duplicated_success','Nhân bản thành công','2022-09-10 03:28:33','2022-09-10 03:29:42'),(364,0,'vi','core/acl/permissions','modified_success','Sửa thành công','2022-09-10 03:28:33','2022-09-10 03:29:42'),(365,0,'vi','core/acl/permissions','no_select','Hãy chọn ít nhất một quyền để thực hiện hành động này!','2022-09-10 03:28:33','2022-09-10 03:29:42'),(366,0,'vi','core/acl/permissions','not_found','Không tìm thấy quyền thành viên nào!','2022-09-10 03:28:33','2022-09-10 03:29:42'),(367,0,'vi','core/acl/permissions','options','Tùy chọn','2022-09-10 03:28:33','2022-09-10 03:29:42'),(368,0,'vi','core/acl/permissions','role_delete_belong_user','Không thể xóa quyền hạn này vì nó thuộc về người khác!','2022-09-10 03:28:33','2022-09-10 03:29:42'),(369,0,'vi','core/acl/permissions','role_edit_belong_user','Bạn không được phép sửa quyền này vì nó thuộc về người khác','2022-09-10 03:28:33','2022-09-10 03:29:42'),(370,0,'vi','core/acl/permissions','role_in_use','Không thể xóa quyền người dùng này vì nó đang được sử dụng!','2022-09-10 03:28:33','2022-09-10 03:29:42'),(371,0,'vi','core/acl/permissions','access_denied_message','Bạn không có quyền sử dụng chức năng này!','2022-09-10 03:28:33','2022-09-10 03:29:42'),(372,0,'vi','core/acl/permissions','roles','Quyền','2022-09-10 03:28:33','2022-09-10 03:29:42'),(373,0,'vi','core/acl/permissions','role_permission','Nhóm và phân quyền','2022-09-10 03:28:33','2022-09-10 03:29:42'),(374,0,'vi','core/acl/permissions','user_management','Quản lý người dùng hệ thống','2022-09-10 03:28:33','2022-09-10 03:29:42'),(375,0,'vi','core/acl/permissions','super_user_management','Quản lý người dùng cấp cao','2022-09-10 03:28:33','2022-09-10 03:29:42'),(376,0,'vi','core/acl/permissions','action_unauthorized','Hành động này không được phép','2022-09-10 03:28:33','2022-09-10 03:29:42'),(377,0,'vi','core/acl/reminders','password','Mật khẩu phải ít nhất 6 kí tự và trùng khớp với mật khẩu xác nhận.','2022-09-10 03:28:33','2022-09-10 03:29:42'),(378,0,'vi','core/acl/reminders','user','Hệ thống không thể tìm thấy tài khoản với email này.','2022-09-10 03:28:33','2022-09-10 03:29:42'),(379,0,'vi','core/acl/reminders','token','Mã khôi phục mật khẩu này không hợp lệ.','2022-09-10 03:28:33','2022-09-10 03:29:42'),(380,0,'vi','core/acl/reminders','sent','Liên kết khôi phục mật khẩu đã được gửi!','2022-09-10 03:28:33','2022-09-10 03:29:42'),(381,0,'vi','core/acl/reminders','reset','Mật khẩu đã được thay đổi!','2022-09-10 03:28:33','2022-09-10 03:29:42'),(382,0,'vi','core/acl/users','delete_user_logged_in','Không thể xóa người dùng đang đăng nhập hệ thống!','2022-09-10 03:28:33','2022-09-10 03:29:42'),(383,0,'vi','core/acl/users','no_select','Hãy chọn ít nhất một trường để thực hiện hành động này!','2022-09-10 03:28:33','2022-09-10 03:29:42'),(384,0,'vi','core/acl/users','lock_user_logged_in','Không thể khóa người dùng đang đăng nhập hệ thống!','2022-09-10 03:28:33','2022-09-10 03:29:42'),(385,0,'vi','core/acl/users','update_success','Cập nhật trạng thái thành công!','2022-09-10 03:28:33','2022-09-10 03:29:42'),(386,0,'vi','core/acl/users','save_setting_failed','Có lỗi xảy ra trong quá trình lưu cài đặt của người dùng','2022-09-10 03:28:33','2022-09-10 03:29:42'),(387,0,'vi','core/acl/users','not_found','Không tìm thấy người dùng','2022-09-10 03:28:33','2022-09-10 03:29:42'),(388,0,'vi','core/acl/users','email_exist','Email này đã được sử dụng bởi người dùng khác trong hệ thống','2022-09-10 03:28:34','2022-09-10 03:29:42'),(389,0,'vi','core/acl/users','username_exist','Tên đăng nhập này đã được sử dụng bởi người dùng khác trong hệ thống','2022-09-10 03:28:34','2022-09-10 03:29:42'),(390,0,'vi','core/acl/users','update_profile_success','Thông tin tài khoản của bạn đã được cập nhật thành công','2022-09-10 03:28:34','2022-09-10 03:29:42'),(391,0,'vi','core/acl/users','password_update_success','Cập nhật mật khẩu thành công','2022-09-10 03:28:34','2022-09-10 03:29:42'),(392,0,'vi','core/acl/users','current_password_not_valid','Mật khẩu hiện tại không chính xác','2022-09-10 03:28:34','2022-09-10 03:29:42'),(393,0,'vi','core/acl/users','user_exist_in','Người dùng đã là thành viên','2022-09-10 03:28:34','2022-09-10 03:29:42'),(394,0,'vi','core/acl/users','email','Email','2022-09-10 03:28:34','2022-09-10 03:29:42'),(395,0,'vi','core/acl/users','username','Tên đăng nhập','2022-09-10 03:28:34','2022-09-10 03:29:42'),(396,0,'vi','core/acl/users','role','Phân quyền','2022-09-10 03:28:34','2022-09-10 03:29:42'),(397,0,'vi','core/acl/users','first_name','Họ','2022-09-10 03:28:34','2022-09-10 03:29:42'),(398,0,'vi','core/acl/users','last_name','Tên','2022-09-10 03:28:34','2022-09-10 03:29:42'),(399,0,'vi','core/acl/users','message','Thông điệp','2022-09-10 03:28:34','2022-09-10 03:29:42'),(400,0,'vi','core/acl/users','cancel_btn','Hủy bỏ','2022-09-10 03:28:34','2022-09-10 03:29:42'),(401,0,'vi','core/acl/users','password','Mật khẩu','2022-09-10 03:28:34','2022-09-10 03:29:42'),(402,0,'vi','core/acl/users','new_password','Mật khẩu mới','2022-09-10 03:28:34','2022-09-10 03:29:42'),(403,0,'vi','core/acl/users','save','Lưu','2022-09-10 03:28:34','2022-09-10 03:29:42'),(404,0,'vi','core/acl/users','confirm_new_password','Xác nhận mật khẩu mới','2022-09-10 03:28:34','2022-09-10 03:29:42'),(405,0,'vi','core/acl/users','deleted','Xóa thành viên thành công','2022-09-10 03:28:34','2022-09-10 03:29:42'),(406,0,'vi','core/acl/users','cannot_delete','Không thể xóa thành viên','2022-09-10 03:28:34','2022-09-10 03:29:42'),(407,0,'vi','core/acl/users','last_login','Lần cuối đăng nhập','2022-09-10 03:28:34','2022-09-10 03:29:42'),(408,0,'vi','core/acl/users','error_update_profile_image','Có lỗi trong quá trình đổi ảnh đại diện','2022-09-10 03:28:34','2022-09-10 03:29:42'),(409,0,'vi','core/acl/users','email_reminder_template','<h3>Xin chào :name</h3><p>Hệ thống vừa nhận được yêu cầu khôi phục mật khẩu cho tài khoản của bạn, để hoàn tất tác vụ này vui lòng click vào đường link bên dưới.</p><p><a href=\":link\">Khôi phục mật khẩu</a></p><p>Nếu không phải bạn yêu cầu khôi phục mật khẩu, vui lòng bỏ qua email này.</p><p>Email này có giá trị trong vòng 60 phút kể từ lúc nhận được email.</p>','2022-09-10 03:28:34','2022-09-10 03:29:42'),(410,0,'vi','core/acl/users','change_profile_image','Thay đổi ảnh đại diện','2022-09-10 03:28:34','2022-09-10 03:29:42'),(411,0,'vi','core/acl/users','new_image','Ảnh mới','2022-09-10 03:28:34','2022-09-10 03:29:42'),(412,0,'vi','core/acl/users','loading','Đang tải','2022-09-10 03:28:34','2022-09-10 03:29:42'),(413,0,'vi','core/acl/users','close','Đóng','2022-09-10 03:28:34','2022-09-10 03:29:42'),(414,0,'vi','core/acl/users','update','Cập nhật','2022-09-10 03:28:34','2022-09-10 03:29:42'),(415,0,'vi','core/acl/users','read_image_failed','Không đọc được nội dung của hình ảnh','2022-09-10 03:28:34','2022-09-10 03:29:42'),(416,0,'vi','core/acl/users','update_avatar_success','Cập nhật ảnh đại diện thành công!','2022-09-10 03:28:34','2022-09-10 03:29:42'),(417,0,'vi','core/acl/users','users','Quản trị viên','2022-09-10 03:28:34','2022-09-10 03:29:42'),(418,0,'vi','core/acl/users','info.title','Thông tin người dùng','2022-09-10 03:28:34','2022-09-10 03:29:42'),(419,0,'vi','core/acl/users','info.first_name','Họ','2022-09-10 03:28:34','2022-09-10 03:29:42'),(420,0,'vi','core/acl/users','info.last_name','Tên','2022-09-10 03:28:34','2022-09-10 03:29:42'),(421,0,'vi','core/acl/users','statuses.activated','Đang hoạt động','2022-09-10 03:28:34','2022-09-10 03:29:42'),(422,0,'vi','core/acl/users','statuses.deactivated','Đã khoá','2022-09-10 03:28:34','2022-09-10 03:29:42'),(423,0,'vi','core/acl/users','change_password','Thay đổi mật khẩu','2022-09-10 03:28:34','2022-09-10 03:29:42'),(424,0,'vi','core/acl/users','current_password','Mật khẩu hiện tại','2022-09-10 03:28:34','2022-09-10 03:29:42'),(425,0,'vi','core/acl/users','make_super','Thiết lập quyền cao nhất','2022-09-10 03:28:34','2022-09-10 03:29:42'),(426,0,'vi','core/acl/users','remove_super','Loại bỏ quyền cao nhất','2022-09-10 03:28:34','2022-09-10 03:29:42'),(427,0,'vi','core/acl/users','is_super','Quyền cao nhất?','2022-09-10 03:28:34','2022-09-10 03:29:42'),(428,0,'vi','core/acl/users','email_placeholder','Ex: example@gmail.com','2022-09-10 03:28:34','2022-09-10 03:29:42'),(429,0,'vi','core/acl/users','password_confirmation','Nhập lại mật khẩu','2022-09-10 03:28:34','2022-09-10 03:29:42'),(430,0,'vi','core/acl/users','select_role','Chọn nhóm','2022-09-10 03:28:34','2022-09-10 03:29:42'),(431,0,'vi','core/acl/users','create_new_user','Tạo tài khoản quản trị viên mới','2022-09-10 03:28:34','2022-09-10 03:29:42'),(432,0,'vi','core/acl/users','cannot_delete_super_user','Vượt quyền hạn, không thể xoá quản trị viên cấp cao nhất!','2022-09-10 03:28:34','2022-09-10 03:29:42'),(433,0,'vi','core/acl/users','assigned_role','Cấp quyền','2022-09-10 03:28:34','2022-09-10 03:29:42'),(434,0,'vi','core/acl/users','total_users','Tổng số người dùng','2022-09-10 03:28:34','2022-09-10 03:29:42'),(435,0,'vi','core/acl/users','view_user_profile','Xem thông tin người dùng','2022-09-10 03:28:34','2022-09-10 03:29:42'),(436,0,'vi','core/acl/users','no_role_assigned','Chưa có quyền nào','2022-09-10 03:28:34','2022-09-10 03:29:42'),(437,0,'en','core/base/base','yes','Yes','2022-09-10 03:28:34','2022-09-10 03:29:42'),(438,0,'en','core/base/base','no','No','2022-09-10 03:28:34','2022-09-10 03:29:42'),(439,0,'en','core/base/base','is_default','Is default?','2022-09-10 03:28:34','2022-09-10 03:29:42'),(440,0,'en','core/base/base','proc_close_disabled_error','Function proc_close() is disabled. Please contact your hosting provider to enable\n    it. Or you can add to .env: CAN_EXECUTE_COMMAND=false to disable this feature.','2022-09-10 03:28:34','2022-09-10 03:29:42'),(441,0,'en','core/base/base','email_template.header','Email template header','2022-09-10 03:28:34','2022-09-10 03:29:42'),(442,0,'en','core/base/base','email_template.footer','Email template footer','2022-09-10 03:28:34','2022-09-10 03:29:42'),(443,0,'en','core/base/base','email_template.site_title','Site title','2022-09-10 03:28:34','2022-09-10 03:29:42'),(444,0,'en','core/base/base','email_template.site_url','Site URL','2022-09-10 03:28:34','2022-09-10 03:29:42'),(445,0,'en','core/base/base','email_template.site_logo','Site Logo','2022-09-10 03:28:34','2022-09-10 03:29:42'),(446,0,'en','core/base/base','email_template.date_time','Current date time','2022-09-10 03:28:34','2022-09-10 03:29:42'),(447,0,'en','core/base/base','email_template.date_year','Current year','2022-09-10 03:28:34','2022-09-10 03:29:42'),(448,0,'en','core/base/base','email_template.site_admin_email','Site admin email','2022-09-10 03:28:34','2022-09-10 03:29:42'),(449,0,'en','core/base/base','change_image','Change image','2022-09-10 03:28:34','2022-09-10 03:29:42'),(450,0,'en','core/base/base','delete_image','Delete image','2022-09-10 03:28:34','2022-09-10 03:29:42'),(451,0,'en','core/base/base','preview_image','Preview image','2022-09-10 03:28:34','2022-09-10 03:29:42'),(452,0,'en','core/base/base','image','Image','2022-09-10 03:28:34','2022-09-10 03:29:42'),(453,0,'en','core/base/base','using_button','Using button','2022-09-10 03:28:34','2022-09-10 03:29:42'),(454,0,'en','core/base/base','select_image','Select image','2022-09-10 03:28:34','2022-09-10 03:29:42'),(455,0,'en','core/base/base','to_add_more_image','to add more images','2022-09-10 03:28:34','2022-09-10 03:29:42'),(456,0,'en','core/base/base','add_image','Add image','2022-09-10 03:28:34','2022-09-10 03:29:42'),(457,0,'en','core/base/base','tools','Tools','2022-09-10 03:28:34','2022-09-10 03:29:42'),(458,0,'en','core/base/cache','cache_management','Cache management','2022-09-10 03:28:34','2022-09-10 03:29:42'),(459,0,'en','core/base/cache','cache_commands','Clear cache commands','2022-09-10 03:28:34','2022-09-10 03:29:42'),(460,0,'en','core/base/cache','commands.clear_cms_cache.title','Clear all CMS cache','2022-09-10 03:28:34','2022-09-10 03:29:42'),(461,0,'en','core/base/cache','commands.clear_cms_cache.description','Clear CMS caching: database caching, static blocks... Run this command when you don\'t see the changes after updating data.','2022-09-10 03:28:34','2022-09-10 03:29:42'),(462,0,'en','core/base/cache','commands.clear_cms_cache.success_msg','Cache cleaned','2022-09-10 03:28:34','2022-09-10 03:29:42'),(463,0,'en','core/base/cache','commands.refresh_compiled_views.title','Refresh compiled views','2022-09-10 03:28:34','2022-09-10 03:29:42'),(464,0,'en','core/base/cache','commands.refresh_compiled_views.description','Clear compiled views to make views up to date.','2022-09-10 03:28:34','2022-09-10 03:29:42'),(465,0,'en','core/base/cache','commands.refresh_compiled_views.success_msg','Cache view refreshed','2022-09-10 03:28:34','2022-09-10 03:29:42'),(466,0,'en','core/base/cache','commands.clear_config_cache.title','Clear config cache','2022-09-10 03:28:34','2022-09-10 03:29:42'),(467,0,'en','core/base/cache','commands.clear_config_cache.description','You might need to refresh the config caching when you change something on production environment.','2022-09-10 03:28:34','2022-09-10 03:29:42'),(468,0,'en','core/base/cache','commands.clear_config_cache.success_msg','Config cache cleaned','2022-09-10 03:28:34','2022-09-10 03:29:42'),(469,0,'en','core/base/cache','commands.clear_route_cache.title','Clear route cache','2022-09-10 03:28:34','2022-09-10 03:29:42'),(470,0,'en','core/base/cache','commands.clear_route_cache.description','Clear cache routing.','2022-09-10 03:28:34','2022-09-10 03:29:42'),(471,0,'en','core/base/cache','commands.clear_route_cache.success_msg','The route cache has been cleaned','2022-09-10 03:28:34','2022-09-10 03:29:42'),(472,0,'en','core/base/cache','commands.clear_log.title','Clear log','2022-09-10 03:28:34','2022-09-10 03:29:42'),(473,0,'en','core/base/cache','commands.clear_log.description','Clear system log files','2022-09-10 03:28:34','2022-09-10 03:29:42'),(474,0,'en','core/base/cache','commands.clear_log.success_msg','The system log has been cleaned','2022-09-10 03:28:34','2022-09-10 03:29:42'),(475,0,'en','core/base/enums','statuses.draft','Draft','2022-09-10 03:28:34','2022-09-10 03:29:42'),(476,0,'en','core/base/enums','statuses.pending','Pending','2022-09-10 03:28:34','2022-09-10 03:29:42'),(477,0,'en','core/base/enums','statuses.published','Published','2022-09-10 03:28:34','2022-09-10 03:29:42'),(478,0,'en','core/base/errors','401_title','Permission Denied','2022-09-10 03:28:34','2022-09-10 03:29:42'),(479,0,'en','core/base/errors','401_msg','<li>You have not been granted access to the section by the administrator.</li>\n	                <li>You may have the wrong account type.</li>\n	                <li>You are not authorized to view the requested resource.</li>\n	                <li>Your subscription may have expired.</li>','2022-09-10 03:28:34','2022-09-10 03:29:42'),(480,0,'en','core/base/errors','404_title','Page could not be found','2022-09-10 03:28:34','2022-09-10 03:29:42'),(481,0,'en','core/base/errors','404_msg','<li>The page you requested does not exist.</li>\n	                <li>The link you clicked is no longer.</li>\n	                <li>The page may have moved to a new location.</li>\n	                <li>An error may have occurred.</li>\n	                <li>You are not authorized to view the requested resource.</li>','2022-09-10 03:28:34','2022-09-10 03:29:42'),(482,0,'en','core/base/errors','500_title','Page could not be loaded','2022-09-10 03:28:34','2022-09-10 03:29:42'),(483,0,'en','core/base/errors','500_msg','<li>The page you requested does not exist.</li>\n	                <li>The link you clicked is no longer.</li>\n	                <li>The page may have moved to a new location.</li>\n	                <li>An error may have occurred.</li>\n	                <li>You are not authorized to view the requested resource.</li>','2022-09-10 03:28:34','2022-09-10 03:29:42'),(484,0,'en','core/base/errors','reasons','This may have occurred because of several reasons','2022-09-10 03:28:34','2022-09-10 03:29:42'),(485,0,'en','core/base/errors','try_again','Please try again in a few minutes, or alternatively return to the homepage by <a href=\"http://wowy.test/admin\">clicking here</a>.','2022-09-10 03:28:34','2022-09-10 03:29:42'),(486,0,'en','core/base/errors','not_found','Not Found','2022-09-10 03:28:34','2022-09-10 03:29:42'),(487,0,'en','core/base/forms','choose_image','Choose image','2022-09-10 03:28:34','2022-09-10 03:29:42'),(488,0,'en','core/base/forms','actions','Actions','2022-09-10 03:28:34','2022-09-10 03:29:42'),(489,0,'en','core/base/forms','save','Save','2022-09-10 03:28:34','2022-09-10 03:29:42'),(490,0,'en','core/base/forms','save_and_continue','Save & Edit','2022-09-10 03:28:34','2022-09-10 03:29:42'),(491,0,'en','core/base/forms','image','Image','2022-09-10 03:28:34','2022-09-10 03:29:42'),(492,0,'en','core/base/forms','image_placeholder','Insert path of image or click upload button','2022-09-10 03:28:34','2022-09-10 03:29:42'),(493,0,'en','core/base/forms','create','Create','2022-09-10 03:28:34','2022-09-10 03:29:42'),(494,0,'en','core/base/forms','edit','Edit','2022-09-10 03:28:34','2022-09-10 03:29:42'),(495,0,'en','core/base/forms','permalink','Permalink','2022-09-10 03:28:34','2022-09-10 03:29:42'),(496,0,'en','core/base/forms','ok','OK','2022-09-10 03:28:34','2022-09-10 03:29:42'),(497,0,'en','core/base/forms','cancel','Cancel','2022-09-10 03:28:34','2022-09-10 03:29:42'),(498,0,'en','core/base/forms','character_remain','character(s) remain','2022-09-10 03:28:34','2022-09-10 03:29:42'),(499,0,'en','core/base/forms','template','Template','2022-09-10 03:28:34','2022-09-10 03:29:42'),(500,0,'en','core/base/forms','choose_file','Choose file','2022-09-10 03:28:34','2022-09-10 03:29:42'),(501,0,'en','core/base/forms','file','File','2022-09-10 03:28:34','2022-09-10 03:29:42'),(502,0,'en','core/base/forms','content','Content','2022-09-10 03:28:34','2022-09-10 03:29:42'),(503,0,'en','core/base/forms','description','Description','2022-09-10 03:28:34','2022-09-10 03:29:42'),(504,0,'en','core/base/forms','name','Name','2022-09-10 03:28:34','2022-09-10 03:29:42'),(505,0,'en','core/base/forms','slug','Slug','2022-09-10 03:28:34','2022-09-10 03:29:42'),(506,0,'en','core/base/forms','title','Title','2022-09-10 03:28:34','2022-09-10 03:29:42'),(507,0,'en','core/base/forms','value','Value','2022-09-10 03:28:34','2022-09-10 03:29:42'),(508,0,'en','core/base/forms','name_placeholder','Name','2022-09-10 03:28:34','2022-09-10 03:29:42'),(509,0,'en','core/base/forms','alias_placeholder','Alias','2022-09-10 03:28:34','2022-09-10 03:29:42'),(510,0,'en','core/base/forms','description_placeholder','Short description','2022-09-10 03:28:34','2022-09-10 03:29:42'),(511,0,'en','core/base/forms','parent','Parent','2022-09-10 03:28:34','2022-09-10 03:29:42'),(512,0,'en','core/base/forms','icon','Icon','2022-09-10 03:28:34','2022-09-10 03:29:42'),(513,0,'en','core/base/forms','icon_placeholder','Ex: fa fa-home','2022-09-10 03:28:34','2022-09-10 03:29:42'),(514,0,'en','core/base/forms','order_by','Order by','2022-09-10 03:28:34','2022-09-10 03:29:42'),(515,0,'en','core/base/forms','order_by_placeholder','Order by','2022-09-10 03:28:34','2022-09-10 03:29:42'),(516,0,'en','core/base/forms','is_featured','Is featured?','2022-09-10 03:28:34','2022-09-10 03:29:42'),(517,0,'en','core/base/forms','is_default','Is default?','2022-09-10 03:28:34','2022-09-10 03:29:42'),(518,0,'en','core/base/forms','update','Update','2022-09-10 03:28:34','2022-09-10 03:29:42'),(519,0,'en','core/base/forms','publish','Publish','2022-09-10 03:28:34','2022-09-10 03:29:42'),(520,0,'en','core/base/forms','remove_image','Remove image','2022-09-10 03:28:34','2022-09-10 03:29:42'),(521,0,'en','core/base/forms','remove_file','Remove file','2022-09-10 03:28:34','2022-09-10 03:29:42'),(522,0,'en','core/base/forms','order','Order','2022-09-10 03:28:34','2022-09-10 03:29:42'),(523,0,'en','core/base/forms','alias','Alias','2022-09-10 03:28:34','2022-09-10 03:29:42'),(524,0,'en','core/base/forms','basic_information','Basic information','2022-09-10 03:28:34','2022-09-10 03:29:42'),(525,0,'en','core/base/forms','short_code','Shortcode','2022-09-10 03:28:34','2022-09-10 03:29:42'),(526,0,'en','core/base/forms','add_short_code','Add a shortcode','2022-09-10 03:28:34','2022-09-10 03:29:42'),(527,0,'en','core/base/forms','add','Add','2022-09-10 03:28:34','2022-09-10 03:29:42'),(528,0,'en','core/base/forms','link','Link','2022-09-10 03:28:34','2022-09-10 03:29:42'),(529,0,'en','core/base/forms','show_hide_editor','Show/Hide Editor','2022-09-10 03:28:34','2022-09-10 03:29:42'),(530,0,'en','core/base/forms','basic_info_title','Basic information','2022-09-10 03:28:34','2022-09-10 03:29:42'),(531,0,'en','core/base/forms','expand_all','Expand all','2022-09-10 03:28:34','2022-09-10 03:29:42'),(532,0,'en','core/base/forms','collapse_all','Collapse all','2022-09-10 03:28:34','2022-09-10 03:29:42'),(533,0,'en','core/base/forms','view_new_tab','Open in new tab','2022-09-10 03:28:34','2022-09-10 03:29:42'),(534,0,'en','core/base/layouts','platform_admin','Platform Administration','2022-09-10 03:28:34','2022-09-10 03:29:42'),(535,0,'en','core/base/layouts','dashboard','Dashboard','2022-09-10 03:28:34','2022-09-10 03:29:42'),(536,0,'en','core/base/layouts','widgets','Widgets','2022-09-10 03:28:34','2022-09-10 03:29:42'),(537,0,'en','core/base/layouts','plugins','Plugins','2022-09-10 03:28:34','2022-09-10 03:29:42'),(538,0,'en','core/base/layouts','settings','Settings','2022-09-10 03:28:34','2022-09-10 03:29:42'),(539,0,'en','core/base/layouts','setting_general','General','2022-09-10 03:28:34','2022-09-10 03:29:42'),(540,0,'en','core/base/layouts','setting_email','Email','2022-09-10 03:28:34','2022-09-10 03:29:42'),(541,0,'en','core/base/layouts','system_information','System information','2022-09-10 03:28:34','2022-09-10 03:29:42'),(542,0,'en','core/base/layouts','theme','Theme','2022-09-10 03:28:34','2022-09-10 03:29:42'),(543,0,'en','core/base/layouts','copyright','Copyright :year &copy; :company. Version: <span>:version</span>','2022-09-10 03:28:34','2022-09-10 03:29:42'),(544,0,'en','core/base/layouts','profile','Profile','2022-09-10 03:28:34','2022-09-10 03:29:42'),(545,0,'en','core/base/layouts','logout','Logout','2022-09-10 03:28:34','2022-09-10 03:29:42'),(546,0,'en','core/base/layouts','no_search_result','No results found, please try with different keywords.','2022-09-10 03:28:34','2022-09-10 03:29:42'),(547,0,'en','core/base/layouts','home','Home','2022-09-10 03:28:34','2022-09-10 03:29:42'),(548,0,'en','core/base/layouts','search','Search','2022-09-10 03:28:34','2022-09-10 03:29:42'),(549,0,'en','core/base/layouts','add_new','Add new','2022-09-10 03:28:34','2022-09-10 03:29:42'),(550,0,'en','core/base/layouts','n_a','N/A','2022-09-10 03:28:34','2022-09-10 03:29:42'),(551,0,'en','core/base/layouts','page_loaded_time','Page loaded in','2022-09-10 03:28:34','2022-09-10 03:29:42'),(552,0,'en','core/base/layouts','view_website','View website','2022-09-10 03:28:34','2022-09-10 03:29:42'),(553,0,'en','core/base/mail','send-fail','Send email failed','2022-09-10 03:28:34','2022-09-10 03:29:42'),(554,0,'en','core/base/notices','create_success_message','Created successfully','2022-09-10 03:28:34','2022-09-10 03:29:42'),(555,0,'en','core/base/notices','update_success_message','Updated successfully','2022-09-10 03:28:34','2022-09-10 03:29:42'),(556,0,'en','core/base/notices','delete_success_message','Deleted successfully','2022-09-10 03:28:34','2022-09-10 03:29:42'),(557,0,'en','core/base/notices','success_header','Success!','2022-09-10 03:28:34','2022-09-10 03:29:42'),(558,0,'en','core/base/notices','error_header','Error!','2022-09-10 03:28:34','2022-09-10 03:29:42'),(559,0,'en','core/base/notices','no_select','Please select at least one record to perform this action!','2022-09-10 03:28:34','2022-09-10 03:29:42'),(560,0,'en','core/base/notices','processing_request','We are processing your request.','2022-09-10 03:28:34','2022-09-10 03:29:42'),(561,0,'en','core/base/notices','error','Error!','2022-09-10 03:28:34','2022-09-10 03:29:42'),(562,0,'en','core/base/notices','success','Success!','2022-09-10 03:28:34','2022-09-10 03:29:42'),(563,0,'en','core/base/notices','info','Info!','2022-09-10 03:28:34','2022-09-10 03:29:42'),(564,0,'en','core/base/notices','enum.validate_message','The :attribute value you have entered is invalid.','2022-09-10 03:28:34','2022-09-10 03:29:42'),(565,0,'en','core/base/system','no_select','Please select at least one record to take this action!','2022-09-10 03:28:34','2022-09-10 03:29:42'),(566,0,'en','core/base/system','cannot_find_user','Unable to find specified user','2022-09-10 03:28:34','2022-09-10 03:29:42'),(567,0,'en','core/base/system','supper_revoked','Super user access revoked','2022-09-10 03:28:34','2022-09-10 03:29:42'),(568,0,'en','core/base/system','cannot_revoke_yourself','Can not revoke supper user access permission yourself!','2022-09-10 03:28:34','2022-09-10 03:29:42'),(569,0,'en','core/base/system','cant_remove_supper','You don\'t has permission to remove this super user','2022-09-10 03:28:34','2022-09-10 03:29:42'),(570,0,'en','core/base/system','cant_find_user_with_email','Unable to find user with specified email address','2022-09-10 03:28:34','2022-09-10 03:29:42'),(571,0,'en','core/base/system','supper_granted','Super user access granted','2022-09-10 03:28:34','2022-09-10 03:29:42'),(572,0,'en','core/base/system','delete_log_success','Delete log file successfully!','2022-09-10 03:28:34','2022-09-10 03:29:42'),(573,0,'en','core/base/system','get_member_success','Member list retrieved successfully','2022-09-10 03:28:34','2022-09-10 03:29:42'),(574,0,'en','core/base/system','error_occur','The following errors occurred','2022-09-10 03:28:34','2022-09-10 03:29:42'),(575,0,'en','core/base/system','user_management','User Management','2022-09-10 03:28:34','2022-09-10 03:29:42'),(576,0,'en','core/base/system','user_management_description','Manage users.','2022-09-10 03:28:34','2022-09-10 03:29:42'),(577,0,'en','core/base/system','role_and_permission','Roles and Permissions','2022-09-10 03:28:34','2022-09-10 03:29:42'),(578,0,'en','core/base/system','role_and_permission_description','Manage the available roles.','2022-09-10 03:28:34','2022-09-10 03:29:42'),(579,0,'en','core/base/system','user.list_super','List Super Users','2022-09-10 03:28:34','2022-09-10 03:29:42'),(580,0,'en','core/base/system','user.email','Email','2022-09-10 03:28:34','2022-09-10 03:29:42'),(581,0,'en','core/base/system','user.last_login','Last Login','2022-09-10 03:28:34','2022-09-10 03:29:42'),(582,0,'en','core/base/system','user.username','Username','2022-09-10 03:28:34','2022-09-10 03:29:42'),(583,0,'en','core/base/system','user.add_user','Add Super User','2022-09-10 03:28:34','2022-09-10 03:29:42'),(584,0,'en','core/base/system','user.cancel','Cancel','2022-09-10 03:28:34','2022-09-10 03:29:42'),(585,0,'en','core/base/system','user.create','Create','2022-09-10 03:28:34','2022-09-10 03:29:42'),(586,0,'en','core/base/system','options.features','Feature Access Control','2022-09-10 03:28:34','2022-09-10 03:29:42'),(587,0,'en','core/base/system','options.feature_description','Manage the available.','2022-09-10 03:28:34','2022-09-10 03:29:42'),(588,0,'en','core/base/system','options.manage_super','Super User Management','2022-09-10 03:28:34','2022-09-10 03:29:42'),(589,0,'en','core/base/system','options.manage_super_description','Add/remove super users.','2022-09-10 03:28:34','2022-09-10 03:29:42'),(590,0,'en','core/base/system','options.info','System information','2022-09-10 03:28:34','2022-09-10 03:29:42'),(591,0,'en','core/base/system','options.info_description','All information about current system configuration.','2022-09-10 03:28:34','2022-09-10 03:29:42'),(592,0,'en','core/base/system','info.title','System information','2022-09-10 03:28:34','2022-09-10 03:29:42'),(593,0,'en','core/base/system','info.cache','Cache','2022-09-10 03:28:34','2022-09-10 03:29:42'),(594,0,'en','core/base/system','info.locale','Active locale','2022-09-10 03:28:34','2022-09-10 03:29:42'),(595,0,'en','core/base/system','info.environment','Environment','2022-09-10 03:28:34','2022-09-10 03:29:42'),(596,0,'en','core/base/system','disabled_in_demo_mode','You cannot do it in demo mode!','2022-09-10 03:28:34','2022-09-10 03:29:42'),(597,0,'en','core/base/system','report_description','Please share this information for troubleshooting','2022-09-10 03:28:34','2022-09-10 03:29:42'),(598,0,'en','core/base/system','get_system_report','Get System Report','2022-09-10 03:28:34','2022-09-10 03:29:42'),(599,0,'en','core/base/system','system_environment','System Environment','2022-09-10 03:28:34','2022-09-10 03:29:42'),(600,0,'en','core/base/system','framework_version','Framework Version','2022-09-10 03:28:34','2022-09-10 03:29:42'),(601,0,'en','core/base/system','timezone','Timezone','2022-09-10 03:28:34','2022-09-10 03:29:42'),(602,0,'en','core/base/system','debug_mode','Debug Mode','2022-09-10 03:28:34','2022-09-10 03:29:42'),(603,0,'en','core/base/system','storage_dir_writable','Storage Dir Writable','2022-09-10 03:28:34','2022-09-10 03:29:42'),(604,0,'en','core/base/system','cache_dir_writable','Cache Dir Writable','2022-09-10 03:28:34','2022-09-10 03:29:42'),(605,0,'en','core/base/system','app_size','App Size','2022-09-10 03:28:34','2022-09-10 03:29:42'),(606,0,'en','core/base/system','server_environment','Server Environment','2022-09-10 03:28:34','2022-09-10 03:29:42'),(607,0,'en','core/base/system','php_version','PHP Version','2022-09-10 03:28:34','2022-09-10 03:29:42'),(608,0,'en','core/base/system','php_version_error','PHP must be >= :version','2022-09-10 03:28:34','2022-09-10 03:29:42'),(609,0,'en','core/base/system','server_software','Server Software','2022-09-10 03:28:34','2022-09-10 03:29:42'),(610,0,'en','core/base/system','server_os','Server OS','2022-09-10 03:28:34','2022-09-10 03:29:42'),(611,0,'en','core/base/system','database','Database','2022-09-10 03:28:34','2022-09-10 03:29:42'),(612,0,'en','core/base/system','ssl_installed','SSL Installed','2022-09-10 03:28:34','2022-09-10 03:29:42'),(613,0,'en','core/base/system','cache_driver','Cache Driver','2022-09-10 03:28:34','2022-09-10 03:29:42'),(614,0,'en','core/base/system','session_driver','Session Driver','2022-09-10 03:28:34','2022-09-10 03:29:42'),(615,0,'en','core/base/system','queue_connection','Queue Connection','2022-09-10 03:28:34','2022-09-10 03:29:42'),(616,0,'en','core/base/system','mbstring_ext','Mbstring Ext','2022-09-10 03:28:34','2022-09-10 03:29:42'),(617,0,'en','core/base/system','openssl_ext','OpenSSL Ext','2022-09-10 03:28:34','2022-09-10 03:29:42'),(618,0,'en','core/base/system','pdo_ext','PDO Ext','2022-09-10 03:28:35','2022-09-10 03:29:42'),(619,0,'en','core/base/system','curl_ext','CURL Ext','2022-09-10 03:28:35','2022-09-10 03:29:42'),(620,0,'en','core/base/system','exif_ext','Exif Ext','2022-09-10 03:28:35','2022-09-10 03:29:42'),(621,0,'en','core/base/system','file_info_ext','File info Ext','2022-09-10 03:28:35','2022-09-10 03:29:42'),(622,0,'en','core/base/system','tokenizer_ext','Tokenizer Ext','2022-09-10 03:28:35','2022-09-10 03:29:42'),(623,0,'en','core/base/system','extra_stats','Extra Stats','2022-09-10 03:28:35','2022-09-10 03:29:42'),(624,0,'en','core/base/system','installed_packages','Installed packages and their version numbers','2022-09-10 03:28:35','2022-09-10 03:29:42'),(625,0,'en','core/base/system','extra_information','Extra Information','2022-09-10 03:28:35','2022-09-10 03:29:42'),(626,0,'en','core/base/system','copy_report','Copy Report','2022-09-10 03:28:35','2022-09-10 03:29:42'),(627,0,'en','core/base/system','package_name','Package Name','2022-09-10 03:28:35','2022-09-10 03:29:42'),(628,0,'en','core/base/system','dependency_name','Dependency Name','2022-09-10 03:28:35','2022-09-10 03:29:42'),(629,0,'en','core/base/system','version','Version','2022-09-10 03:28:35','2022-09-10 03:29:42'),(630,0,'en','core/base/system','cms_version','CMS Version','2022-09-10 03:28:35','2022-09-10 03:29:42'),(631,0,'en','core/base/system','imagick_or_gd_ext','Imagick/GD Ext','2022-09-10 03:28:35','2022-09-10 03:29:42'),(632,0,'en','core/base/system','updater','System Updater','2022-09-10 03:28:35','2022-09-10 03:29:42'),(633,0,'en','core/base/system','zip','Zip Ext','2022-09-10 03:28:35','2022-09-10 03:29:42'),(634,0,'en','core/base/system','memory_limit','Memory limit','2022-09-10 03:28:35','2022-09-10 03:29:42'),(635,0,'en','core/base/system','max_execution_time','Max execution time (s)','2022-09-10 03:28:35','2022-09-10 03:29:42'),(636,0,'en','core/base/tables','id','ID','2022-09-10 03:28:35','2022-09-10 03:29:42'),(637,0,'en','core/base/tables','name','Name','2022-09-10 03:28:35','2022-09-10 03:29:42'),(638,0,'en','core/base/tables','slug','Slug','2022-09-10 03:28:35','2022-09-10 03:29:42'),(639,0,'en','core/base/tables','title','Title','2022-09-10 03:28:35','2022-09-10 03:29:42'),(640,0,'en','core/base/tables','order_by','Order By','2022-09-10 03:28:35','2022-09-10 03:29:42'),(641,0,'en','core/base/tables','order','Order','2022-09-10 03:28:35','2022-09-10 03:29:42'),(642,0,'en','core/base/tables','status','Status','2022-09-10 03:28:35','2022-09-10 03:29:42'),(643,0,'en','core/base/tables','created_at','Created At','2022-09-10 03:28:35','2022-09-10 03:29:42'),(644,0,'en','core/base/tables','updated_at','Updated At','2022-09-10 03:28:35','2022-09-10 03:29:42'),(645,0,'en','core/base/tables','description','Description','2022-09-10 03:28:35','2022-09-10 03:29:42'),(646,0,'en','core/base/tables','operations','Operations','2022-09-10 03:28:35','2022-09-10 03:29:42'),(647,0,'en','core/base/tables','url','URL','2022-09-10 03:28:35','2022-09-10 03:29:42'),(648,0,'en','core/base/tables','author','Author','2022-09-10 03:28:35','2022-09-10 03:29:42'),(649,0,'en','core/base/tables','notes','Notes','2022-09-10 03:28:35','2022-09-10 03:29:42'),(650,0,'en','core/base/tables','column','Column','2022-09-10 03:28:35','2022-09-10 03:29:42'),(651,0,'en','core/base/tables','origin','Origin','2022-09-10 03:28:35','2022-09-10 03:29:42'),(652,0,'en','core/base/tables','after_change','After changes','2022-09-10 03:28:35','2022-09-10 03:29:42'),(653,0,'en','core/base/tables','views','Views','2022-09-10 03:28:35','2022-09-10 03:29:42'),(654,0,'en','core/base/tables','browser','Browser','2022-09-10 03:28:35','2022-09-10 03:29:42'),(655,0,'en','core/base/tables','session','Session','2022-09-10 03:28:35','2022-09-10 03:29:42'),(656,0,'en','core/base/tables','activated','activated','2022-09-10 03:28:35','2022-09-10 03:29:42'),(657,0,'en','core/base/tables','deactivated','deactivated','2022-09-10 03:28:35','2022-09-10 03:29:42'),(658,0,'en','core/base/tables','is_featured','Is featured','2022-09-10 03:28:35','2022-09-10 03:29:42'),(659,0,'en','core/base/tables','edit','Edit','2022-09-10 03:28:35','2022-09-10 03:29:42'),(660,0,'en','core/base/tables','delete','Delete','2022-09-10 03:28:35','2022-09-10 03:29:42'),(661,0,'en','core/base/tables','restore','Restore','2022-09-10 03:28:35','2022-09-10 03:29:42'),(662,0,'en','core/base/tables','activate','Activate','2022-09-10 03:28:35','2022-09-10 03:29:42'),(663,0,'en','core/base/tables','deactivate','Deactivate','2022-09-10 03:28:35','2022-09-10 03:29:42'),(664,0,'en','core/base/tables','excel','Excel','2022-09-10 03:28:35','2022-09-10 03:29:42'),(665,0,'en','core/base/tables','export','Export','2022-09-10 03:28:35','2022-09-10 03:29:42'),(666,0,'en','core/base/tables','csv','CSV','2022-09-10 03:28:35','2022-09-10 03:29:42'),(667,0,'en','core/base/tables','pdf','PDF','2022-09-10 03:28:35','2022-09-10 03:29:42'),(668,0,'en','core/base/tables','print','Print','2022-09-10 03:28:35','2022-09-10 03:29:42'),(669,0,'en','core/base/tables','reset','Reset','2022-09-10 03:28:35','2022-09-10 03:29:42'),(670,0,'en','core/base/tables','reload','Reload','2022-09-10 03:28:35','2022-09-10 03:29:42'),(671,0,'en','core/base/tables','display','Display','2022-09-10 03:28:35','2022-09-10 03:29:42'),(672,0,'en','core/base/tables','all','All','2022-09-10 03:28:35','2022-09-10 03:29:42'),(673,0,'en','core/base/tables','add_new','Add New','2022-09-10 03:28:35','2022-09-10 03:29:42'),(674,0,'en','core/base/tables','action','Actions','2022-09-10 03:28:35','2022-09-10 03:29:42'),(675,0,'en','core/base/tables','delete_entry','Delete','2022-09-10 03:28:35','2022-09-10 03:29:42'),(676,0,'en','core/base/tables','view','View Detail','2022-09-10 03:28:35','2022-09-10 03:29:42'),(677,0,'en','core/base/tables','save','Save','2022-09-10 03:28:35','2022-09-10 03:29:42'),(678,0,'en','core/base/tables','show_from','Show from','2022-09-10 03:28:35','2022-09-10 03:29:42'),(679,0,'en','core/base/tables','to','to','2022-09-10 03:28:35','2022-09-10 03:29:42'),(680,0,'en','core/base/tables','in','in','2022-09-10 03:28:35','2022-09-10 03:29:42'),(681,0,'en','core/base/tables','records','records','2022-09-10 03:28:35','2022-09-10 03:29:42'),(682,0,'en','core/base/tables','no_data','No data to display','2022-09-10 03:28:35','2022-09-10 03:29:42'),(683,0,'en','core/base/tables','no_record','No record','2022-09-10 03:28:35','2022-09-10 03:29:42'),(684,0,'en','core/base/tables','confirm_delete','Confirm delete','2022-09-10 03:28:35','2022-09-10 03:29:42'),(685,0,'en','core/base/tables','confirm_delete_msg','Do you really want to delete this record?','2022-09-10 03:28:35','2022-09-10 03:29:42'),(686,0,'en','core/base/tables','confirm_delete_many_msg','Do you really want to delete selected record(s)?','2022-09-10 03:28:35','2022-09-10 03:29:42'),(687,0,'en','core/base/tables','cancel','Cancel','2022-09-10 03:28:35','2022-09-10 03:29:42'),(688,0,'en','core/base/tables','template','Template','2022-09-10 03:28:35','2022-09-10 03:29:42'),(689,0,'en','core/base/tables','email','Email','2022-09-10 03:28:35','2022-09-10 03:29:42'),(690,0,'en','core/base/tables','last_login','Last login','2022-09-10 03:28:35','2022-09-10 03:29:42'),(691,0,'en','core/base/tables','shortcode','Shortcode','2022-09-10 03:28:35','2022-09-10 03:29:42'),(692,0,'en','core/base/tables','image','Image','2022-09-10 03:28:35','2022-09-10 03:29:42'),(693,0,'en','core/base/tables','bulk_changes','Bulk changes','2022-09-10 03:28:35','2022-09-10 03:29:42'),(694,0,'en','core/base/tables','submit','Submit','2022-09-10 03:28:35','2022-09-10 03:29:42'),(695,0,'en','core/base/tables','please_select_record','Please select at least one record to perform this action!','2022-09-10 03:28:35','2022-09-10 03:29:42'),(696,0,'en','core/base/tabs','detail','Detail','2022-09-10 03:28:35','2022-09-10 03:29:43'),(697,0,'en','core/base/tabs','file','Files','2022-09-10 03:28:35','2022-09-10 03:29:43'),(698,0,'en','core/base/tabs','record_note','Record Note','2022-09-10 03:28:35','2022-09-10 03:29:43'),(699,0,'en','core/base/tabs','revision','Revision History','2022-09-10 03:28:35','2022-09-10 03:29:43'),(700,0,'vi','core/base/base','yes','Có','2022-09-10 03:28:35','2022-09-10 03:29:42'),(701,0,'vi','core/base/base','no','Không','2022-09-10 03:28:35','2022-09-10 03:29:42'),(702,0,'vi','core/base/base','is_default','Mặc định?','2022-09-10 03:28:35','2022-09-10 03:29:42'),(703,0,'vi','core/base/base','proc_close_disabled_error','Hàm proc_close() đã bị tắt. Vui lòng liên hệ nhà cung cấp hosting để mở hàm này. Hoặc có thể thêm vào .env: CAN_EXECUTE_COMMAND=false để tắt tính năng này.','2022-09-10 03:28:35','2022-09-10 03:29:42'),(704,0,'vi','core/base/base','add_image','Thêm ảnh','2022-09-10 03:28:35','2022-09-10 03:29:42'),(705,0,'vi','core/base/base','change_image','Đổi ảnh','2022-09-10 03:28:35','2022-09-10 03:29:42'),(706,0,'vi','core/base/base','delete_image','Xóa ảnh','2022-09-10 03:28:35','2022-09-10 03:29:42'),(707,0,'vi','core/base/base','email_template.date_time','Ngày giờ hiện tại','2022-09-10 03:28:35','2022-09-10 03:29:42'),(708,0,'vi','core/base/base','email_template.date_year','Năm hiện tại','2022-09-10 03:28:35','2022-09-10 03:29:42'),(709,0,'vi','core/base/base','email_template.footer','Mẫu chân trang email','2022-09-10 03:28:35','2022-09-10 03:29:42'),(710,0,'vi','core/base/base','email_template.header','Mẫu đầu trang email','2022-09-10 03:28:35','2022-09-10 03:29:42'),(711,0,'vi','core/base/base','email_template.site_admin_email','Email quản trị viên','2022-09-10 03:28:35','2022-09-10 03:29:42'),(712,0,'vi','core/base/base','email_template.site_logo','Logo của trang','2022-09-10 03:28:35','2022-09-10 03:29:42'),(713,0,'vi','core/base/base','email_template.site_title','Tiêu đề trang','2022-09-10 03:28:35','2022-09-10 03:29:42'),(714,0,'vi','core/base/base','email_template.site_url','URL trang','2022-09-10 03:28:35','2022-09-10 03:29:42'),(715,0,'vi','core/base/base','image','Hình ảnh','2022-09-10 03:28:35','2022-09-10 03:29:42'),(716,0,'vi','core/base/base','preview_image','Ảnh xem trước','2022-09-10 03:28:35','2022-09-10 03:29:42'),(717,0,'vi','core/base/base','select_image','Chọn ảnh','2022-09-10 03:28:35','2022-09-10 03:29:42'),(718,0,'vi','core/base/base','to_add_more_image','để thêm hình ảnh','2022-09-10 03:28:35','2022-09-10 03:29:42'),(719,0,'vi','core/base/base','using_button','Sử dụng nút','2022-09-10 03:28:35','2022-09-10 03:29:42'),(720,0,'vi','core/base/cache','cache_management','Quản lý bộ nhớ đệm','2022-09-10 03:28:35','2022-09-10 03:29:42'),(721,0,'vi','core/base/cache','cache_commands','Các lệnh xoá bộ nhớ đệm cơ bản','2022-09-10 03:28:35','2022-09-10 03:29:42'),(722,0,'vi','core/base/cache','commands.clear_cms_cache.title','Xóa tất cả bộ đệm hiện có của ứng dụng','2022-09-10 03:28:35','2022-09-10 03:29:42'),(723,0,'vi','core/base/cache','commands.clear_cms_cache.description','Xóa các bộ nhớ đệm của ứng dụng: cơ sở dữ liệu, nội dung tĩnh... Chạy lệnh này khi bạn thử cập nhật dữ liệu nhưng giao diện không thay đổi','2022-09-10 03:28:35','2022-09-10 03:29:42'),(724,0,'vi','core/base/cache','commands.clear_cms_cache.success_msg','Bộ đệm đã được xóa','2022-09-10 03:28:35','2022-09-10 03:29:42'),(725,0,'vi','core/base/cache','commands.refresh_compiled_views.title','Làm mới bộ đệm giao diện','2022-09-10 03:28:35','2022-09-10 03:29:42'),(726,0,'vi','core/base/cache','commands.refresh_compiled_views.description','Làm mới bộ đệm giao diện giúp phần giao diện luôn mới nhất','2022-09-10 03:28:35','2022-09-10 03:29:42'),(727,0,'vi','core/base/cache','commands.refresh_compiled_views.success_msg','Bộ đệm giao diện đã được làm mới','2022-09-10 03:28:35','2022-09-10 03:29:42'),(728,0,'vi','core/base/cache','commands.clear_config_cache.title','Xóa bộ nhớ đệm của phần cấu hình','2022-09-10 03:28:35','2022-09-10 03:29:42'),(729,0,'vi','core/base/cache','commands.clear_config_cache.description','Bạn cần làm mới bộ đệm cấu hình khi bạn tạo ra sự thay đổi nào đó ở môi trường thành phẩm.','2022-09-10 03:28:35','2022-09-10 03:29:42'),(730,0,'vi','core/base/cache','commands.clear_config_cache.success_msg','Bộ đệm cấu hình đã được xóa','2022-09-10 03:28:35','2022-09-10 03:29:42'),(731,0,'vi','core/base/cache','commands.clear_route_cache.title','Xoá cache đường dẫn','2022-09-10 03:28:35','2022-09-10 03:29:42'),(732,0,'vi','core/base/cache','commands.clear_route_cache.description','Cần thực hiện thao tác này khi thấy không xuất hiện đường dẫn mới.','2022-09-10 03:28:35','2022-09-10 03:29:42'),(733,0,'vi','core/base/cache','commands.clear_route_cache.success_msg','Bộ đệm điều hướng đã bị xóa','2022-09-10 03:28:35','2022-09-10 03:29:42'),(734,0,'vi','core/base/cache','commands.clear_log.description','Xoá lịch sử lỗi','2022-09-10 03:28:35','2022-09-10 03:29:42'),(735,0,'vi','core/base/cache','commands.clear_log.success_msg','Lịch sử lỗi đã được làm sạch','2022-09-10 03:28:35','2022-09-10 03:29:42'),(736,0,'vi','core/base/cache','commands.clear_log.title','Xoá lịch sử lỗi','2022-09-10 03:28:35','2022-09-10 03:29:42'),(737,0,'vi','core/base/enums','statuses.draft','Bản nháp','2022-09-10 03:28:35','2022-09-10 03:29:42'),(738,0,'vi','core/base/enums','statuses.pending','Đang chờ xử lý','2022-09-10 03:28:35','2022-09-10 03:29:42'),(739,0,'vi','core/base/enums','statuses.published','Đã xuất bản','2022-09-10 03:28:35','2022-09-10 03:29:42'),(740,0,'vi','core/base/errors','401_title','Bạn không có quyền truy cập trang này','2022-09-10 03:28:35','2022-09-10 03:29:42'),(741,0,'vi','core/base/errors','401_msg','<li>Bạn không được cấp quyền truy cập bởi quản trị viên.</li>\n	                <li>Bạn sử dụng sai loại tài khoản.</li>\n	                <li>Bạn không được cấp quyền để có thể truy cập trang này</li>','2022-09-10 03:28:35','2022-09-10 03:29:42'),(742,0,'vi','core/base/errors','404_title','Không tìm thấy trang yêu cầu','2022-09-10 03:28:35','2022-09-10 03:29:42'),(743,0,'vi','core/base/errors','404_msg','<li>Trang bạn yêu cầu không tồn tại.</li>\n	                <li>Liên kết bạn vừa nhấn không còn được sử dụng.</li>\n	                <li>Trang này có thể đã được chuyển sang vị trí khác.</li>\n	                <li>Có thể có lỗi xảy ra.</li>\n	                <li>Bạn không được cấp quyền để có thể truy cập trang này</li>','2022-09-10 03:28:35','2022-09-10 03:29:42'),(744,0,'vi','core/base/errors','500_title','Không thể tải trang','2022-09-10 03:28:35','2022-09-10 03:29:42'),(745,0,'vi','core/base/errors','500_msg','<li>Trang bạn yêu cầu không tồn tại.</li>\n	                <li>Liên kết bạn vừa nhấn không còn được sử dụng.</li>\n	                <li>Trang này có thể đã được chuyển sang vị trí khác.</li>\n	                <li>Có thể có lỗi xảy ra.</li>\n	                <li>Bạn không được cấp quyền để có thể truy cập trang này</li>','2022-09-10 03:28:35','2022-09-10 03:29:42'),(746,0,'vi','core/base/errors','reasons','Điều này có thể xảy ra vì nhiều lý do.','2022-09-10 03:28:35','2022-09-10 03:29:42'),(747,0,'vi','core/base/errors','try_again','Vui lòng thử lại trong vài phút, hoặc quay trở lại trang chủ bằng cách <a href=\"http://cms.local/admin\"> nhấn vào đây </a>.','2022-09-10 03:28:35','2022-09-10 03:29:42'),(748,0,'vi','core/base/errors','not_found','Không tìm thấy','2022-09-10 03:28:35','2022-09-10 03:29:42'),(749,0,'vi','core/base/forms','choose_image','Chọn ảnh','2022-09-10 03:28:35','2022-09-10 03:29:42'),(750,0,'vi','core/base/forms','actions','Tác vụ','2022-09-10 03:28:35','2022-09-10 03:29:42'),(751,0,'vi','core/base/forms','save','Lưu','2022-09-10 03:28:35','2022-09-10 03:29:42'),(752,0,'vi','core/base/forms','save_and_continue','Lưu & chỉnh sửa','2022-09-10 03:28:35','2022-09-10 03:29:42'),(753,0,'vi','core/base/forms','image','Hình ảnh','2022-09-10 03:28:35','2022-09-10 03:29:42'),(754,0,'vi','core/base/forms','image_placeholder','Chèn đường dẫn hình ảnh hoặc nhấn nút để chọn hình','2022-09-10 03:28:35','2022-09-10 03:29:42'),(755,0,'vi','core/base/forms','create','Tạo mới','2022-09-10 03:28:35','2022-09-10 03:29:42'),(756,0,'vi','core/base/forms','edit','Sửa','2022-09-10 03:28:35','2022-09-10 03:29:42'),(757,0,'vi','core/base/forms','permalink','Đường dẫn','2022-09-10 03:28:35','2022-09-10 03:29:42'),(758,0,'vi','core/base/forms','ok','OK','2022-09-10 03:28:35','2022-09-10 03:29:42'),(759,0,'vi','core/base/forms','cancel','Hủy bỏ','2022-09-10 03:28:35','2022-09-10 03:29:42'),(760,0,'vi','core/base/forms','character_remain','kí tự còn lại','2022-09-10 03:28:35','2022-09-10 03:29:42'),(761,0,'vi','core/base/forms','template','Template','2022-09-10 03:28:35','2022-09-10 03:29:42'),(762,0,'vi','core/base/forms','choose_file','Chọn tập tin','2022-09-10 03:28:35','2022-09-10 03:29:42'),(763,0,'vi','core/base/forms','file','Tập tin','2022-09-10 03:28:36','2022-09-10 03:29:42'),(764,0,'vi','core/base/forms','content','Nội dung','2022-09-10 03:28:36','2022-09-10 03:29:42'),(765,0,'vi','core/base/forms','description','Mô tả','2022-09-10 03:28:36','2022-09-10 03:29:42'),(766,0,'vi','core/base/forms','name','Tên','2022-09-10 03:28:36','2022-09-10 03:29:42'),(767,0,'vi','core/base/forms','name_placeholder','Nhập tên','2022-09-10 03:28:36','2022-09-10 03:29:42'),(768,0,'vi','core/base/forms','description_placeholder','Mô tả ngắn','2022-09-10 03:28:36','2022-09-10 03:29:42'),(769,0,'vi','core/base/forms','parent','Cha','2022-09-10 03:28:36','2022-09-10 03:29:42'),(770,0,'vi','core/base/forms','icon','Biểu tượng','2022-09-10 03:28:36','2022-09-10 03:29:42'),(771,0,'vi','core/base/forms','order_by','Sắp xếp','2022-09-10 03:28:36','2022-09-10 03:29:42'),(772,0,'vi','core/base/forms','order_by_placeholder','Sắp xếp','2022-09-10 03:28:36','2022-09-10 03:29:42'),(773,0,'vi','core/base/forms','slug','Slug','2022-09-10 03:28:36','2022-09-10 03:29:42'),(774,0,'vi','core/base/forms','is_featured','Nổi bật?','2022-09-10 03:28:36','2022-09-10 03:29:42'),(775,0,'vi','core/base/forms','is_default','Mặc định?','2022-09-10 03:28:36','2022-09-10 03:29:42'),(776,0,'vi','core/base/forms','icon_placeholder','Ví dụ: fa fa-home','2022-09-10 03:28:36','2022-09-10 03:29:42'),(777,0,'vi','core/base/forms','update','Cập nhật','2022-09-10 03:28:36','2022-09-10 03:29:42'),(778,0,'vi','core/base/forms','publish','Xuất bản','2022-09-10 03:28:36','2022-09-10 03:29:42'),(779,0,'vi','core/base/forms','remove_image','Xoá ảnh','2022-09-10 03:28:36','2022-09-10 03:29:42'),(780,0,'vi','core/base/forms','add','Thêm','2022-09-10 03:28:36','2022-09-10 03:29:42'),(781,0,'vi','core/base/forms','add_short_code','Thêm shortcode','2022-09-10 03:28:36','2022-09-10 03:29:42'),(782,0,'vi','core/base/forms','alias','Mã thay thế','2022-09-10 03:28:36','2022-09-10 03:29:42'),(783,0,'vi','core/base/forms','alias_placeholder','Mã thay thế','2022-09-10 03:28:36','2022-09-10 03:29:42'),(784,0,'vi','core/base/forms','basic_information','Thông tin cơ bản','2022-09-10 03:28:36','2022-09-10 03:29:42'),(785,0,'vi','core/base/forms','link','Liên kết','2022-09-10 03:28:36','2022-09-10 03:29:42'),(786,0,'vi','core/base/forms','order','Thứ tự','2022-09-10 03:28:36','2022-09-10 03:29:42'),(787,0,'vi','core/base/forms','short_code','Shortcode','2022-09-10 03:28:36','2022-09-10 03:29:42'),(788,0,'vi','core/base/forms','title','Tiêu đề','2022-09-10 03:28:36','2022-09-10 03:29:42'),(789,0,'vi','core/base/forms','value','Giá trị','2022-09-10 03:28:36','2022-09-10 03:29:42'),(790,0,'vi','core/base/forms','show_hide_editor','Ẩn/Hiện trình soạn thảo','2022-09-10 03:28:36','2022-09-10 03:29:42'),(791,0,'vi','core/base/forms','basic_info_title','Thông tin cơ bản','2022-09-10 03:28:36','2022-09-10 03:29:42'),(792,0,'vi','core/base/forms','remove_file','Xóa tập tin','2022-09-10 03:28:36','2022-09-10 03:29:42'),(793,0,'vi','core/base/layouts','platform_admin','Quản trị hệ thống','2022-09-10 03:28:36','2022-09-10 03:29:42'),(794,0,'vi','core/base/layouts','dashboard','Bảng điều khiển','2022-09-10 03:28:36','2022-09-10 03:29:42'),(795,0,'vi','core/base/layouts','widgets','Tiện ích','2022-09-10 03:28:36','2022-09-10 03:29:42'),(796,0,'vi','core/base/layouts','plugins','Tiện ích mở rộng','2022-09-10 03:28:36','2022-09-10 03:29:42'),(797,0,'vi','core/base/layouts','settings','Cài đặt','2022-09-10 03:28:36','2022-09-10 03:29:42'),(798,0,'vi','core/base/layouts','setting_general','Cơ bản','2022-09-10 03:28:36','2022-09-10 03:29:42'),(799,0,'vi','core/base/layouts','system_information','Thông tin hệ thống','2022-09-10 03:28:36','2022-09-10 03:29:42'),(800,0,'vi','core/base/layouts','theme','Giao diện','2022-09-10 03:28:36','2022-09-10 03:29:42'),(801,0,'vi','core/base/layouts','copyright','Bản quyền :year &copy; :company. Phiên bản: <span>:version</span>','2022-09-10 03:28:36','2022-09-10 03:29:42'),(802,0,'vi','core/base/layouts','profile','Thông tin cá nhân','2022-09-10 03:28:36','2022-09-10 03:29:42'),(803,0,'vi','core/base/layouts','logout','Đăng xuất','2022-09-10 03:28:36','2022-09-10 03:29:42'),(804,0,'vi','core/base/layouts','no_search_result','Không có kết quả tìm kiếm, hãy thử lại với từ khóa khác.','2022-09-10 03:28:36','2022-09-10 03:29:42'),(805,0,'vi','core/base/layouts','home','Trang chủ','2022-09-10 03:28:36','2022-09-10 03:29:42'),(806,0,'vi','core/base/layouts','search','Tìm kiếm','2022-09-10 03:28:36','2022-09-10 03:29:42'),(807,0,'vi','core/base/layouts','add_new','Thêm mới','2022-09-10 03:28:36','2022-09-10 03:29:42'),(808,0,'vi','core/base/layouts','n_a','N/A','2022-09-10 03:28:36','2022-09-10 03:29:42'),(809,0,'vi','core/base/layouts','page_loaded_time','Trang tải xong trong','2022-09-10 03:28:36','2022-09-10 03:29:42'),(810,0,'vi','core/base/layouts','view_website','Xem trang ngoài','2022-09-10 03:28:36','2022-09-10 03:29:42'),(811,0,'vi','core/base/layouts','setting_email','Email','2022-09-10 03:28:36','2022-09-10 03:29:42'),(812,0,'vi','core/base/mail','send-fail','Gửi email không thành công','2022-09-10 03:28:36','2022-09-10 03:29:42'),(813,0,'vi','core/base/notices','create_success_message','Tạo thành công','2022-09-10 03:28:36','2022-09-10 03:29:42'),(814,0,'vi','core/base/notices','update_success_message','Cập nhật thành công','2022-09-10 03:28:36','2022-09-10 03:29:42'),(815,0,'vi','core/base/notices','delete_success_message','Xóa thành công','2022-09-10 03:28:36','2022-09-10 03:29:42'),(816,0,'vi','core/base/notices','success_header','Thành công!','2022-09-10 03:28:36','2022-09-10 03:29:42'),(817,0,'vi','core/base/notices','error_header','Lỗi!','2022-09-10 03:28:36','2022-09-10 03:29:42'),(818,0,'vi','core/base/notices','no_select','Chọn ít nhất 1 trường để thực hiện hành động này!','2022-09-10 03:28:36','2022-09-10 03:29:42'),(819,0,'vi','core/base/notices','processing_request','Hệ thống đang xử lý yêu cầu.','2022-09-10 03:28:36','2022-09-10 03:29:42'),(820,0,'vi','core/base/notices','error','Lỗi!','2022-09-10 03:28:36','2022-09-10 03:29:42'),(821,0,'vi','core/base/notices','success','Thành công!','2022-09-10 03:28:36','2022-09-10 03:29:42'),(822,0,'vi','core/base/notices','info','Thông tin!','2022-09-10 03:28:36','2022-09-10 03:29:42'),(823,0,'vi','core/base/notices','enum.validate_message','Giá trị của :attribute không hợp lệ','2022-09-10 03:28:36','2022-09-10 03:29:42'),(824,0,'vi','core/base/system','no_select','Hãy chọn ít nhất 1 trường để thực hiện hành động này!','2022-09-10 03:28:36','2022-09-10 03:29:42'),(825,0,'vi','core/base/system','cannot_find_user','Không thể tải được thông tin người dùng','2022-09-10 03:28:36','2022-09-10 03:29:42'),(826,0,'vi','core/base/system','supper_revoked','Quyền quản trị viên cao nhất đã được gỡ bỏ','2022-09-10 03:28:36','2022-09-10 03:29:42'),(827,0,'vi','core/base/system','cannot_revoke_yourself','Không thể gỡ bỏ quyền quản trị cấp cao của chính bạn!','2022-09-10 03:28:36','2022-09-10 03:29:42'),(828,0,'vi','core/base/system','cant_remove_supper','Bạn không có quyền xóa quản trị viên cấp cao','2022-09-10 03:28:36','2022-09-10 03:29:42'),(829,0,'vi','core/base/system','cant_find_user_with_email','Không thể tìm thấy người dùng với email này','2022-09-10 03:28:36','2022-09-10 03:29:42'),(830,0,'vi','core/base/system','supper_granted','Quyền quản trị cao nhất đã được gán','2022-09-10 03:28:36','2022-09-10 03:29:42'),(831,0,'vi','core/base/system','delete_log_success','Xóa tập tin log thành công!','2022-09-10 03:28:36','2022-09-10 03:29:42'),(832,0,'vi','core/base/system','get_member_success','Hiển thị danh sách thành viên thành công','2022-09-10 03:28:36','2022-09-10 03:29:42'),(833,0,'vi','core/base/system','error_occur','Có lỗi dưới đây','2022-09-10 03:28:36','2022-09-10 03:29:42'),(834,0,'vi','core/base/system','role_and_permission','Phân quyền hệ thống','2022-09-10 03:28:36','2022-09-10 03:29:42'),(835,0,'vi','core/base/system','role_and_permission_description','Quản lý những phân quyền trong hệ thống','2022-09-10 03:28:36','2022-09-10 03:29:42'),(836,0,'vi','core/base/system','user.list_super','Danh sách quản trị viên cấp cao','2022-09-10 03:28:36','2022-09-10 03:29:42'),(837,0,'vi','core/base/system','user.username','Tên đăng nhập','2022-09-10 03:28:36','2022-09-10 03:29:42'),(838,0,'vi','core/base/system','user.email','Email','2022-09-10 03:28:36','2022-09-10 03:29:42'),(839,0,'vi','core/base/system','user.last_login','Đăng nhập lần cuối	','2022-09-10 03:28:36','2022-09-10 03:29:42'),(840,0,'vi','core/base/system','user.add_user','Thêm quản trị viên cấp cao','2022-09-10 03:28:36','2022-09-10 03:29:42'),(841,0,'vi','core/base/system','user.cancel','Hủy bỏ','2022-09-10 03:28:36','2022-09-10 03:29:42'),(842,0,'vi','core/base/system','user.create','Thêm','2022-09-10 03:28:36','2022-09-10 03:29:42'),(843,0,'vi','core/base/system','options.features','Kiểm soát truy cập các tính năng','2022-09-10 03:28:36','2022-09-10 03:29:42'),(844,0,'vi','core/base/system','options.feature_description','Bật/tắt các tính năng.','2022-09-10 03:28:36','2022-09-10 03:29:42'),(845,0,'vi','core/base/system','options.manage_super','Quản lý quản trị viên cấp cao','2022-09-10 03:28:36','2022-09-10 03:29:42'),(846,0,'vi','core/base/system','options.manage_super_description','Thêm/xóa quản trị viên cấp cao','2022-09-10 03:28:36','2022-09-10 03:29:42'),(847,0,'vi','core/base/system','options.info','Thông tin hệ thống','2022-09-10 03:28:36','2022-09-10 03:29:42'),(848,0,'vi','core/base/system','options.info_description','Những thông tin về cấu hình hiện tại của hệ thống.','2022-09-10 03:28:36','2022-09-10 03:29:42'),(849,0,'vi','core/base/system','info.title','Thông tin hệ thống','2022-09-10 03:28:36','2022-09-10 03:29:42'),(850,0,'vi','core/base/system','info.cache','Bộ nhớ đệm','2022-09-10 03:28:36','2022-09-10 03:29:42'),(851,0,'vi','core/base/system','info.environment','Môi trường','2022-09-10 03:28:36','2022-09-10 03:29:42'),(852,0,'vi','core/base/system','info.locale','Ngôn ngữ hệ thống','2022-09-10 03:28:36','2022-09-10 03:29:42'),(853,0,'vi','core/base/system','user_management','Quản lý thành viên','2022-09-10 03:28:36','2022-09-10 03:29:42'),(854,0,'vi','core/base/system','user_management_description','Quản lý người dùng trong hệ thống','2022-09-10 03:28:36','2022-09-10 03:29:42'),(855,0,'vi','core/base/system','app_size','Kích thước ứng dụng','2022-09-10 03:28:36','2022-09-10 03:29:42'),(856,0,'vi','core/base/system','cache_dir_writable','Có thể ghi bộ nhớ đệm','2022-09-10 03:28:36','2022-09-10 03:29:42'),(857,0,'vi','core/base/system','cache_driver','Loại lưu trữ bộ nhớ đệm','2022-09-10 03:28:36','2022-09-10 03:29:42'),(858,0,'vi','core/base/system','copy_report','Sao chép báo cáo','2022-09-10 03:28:36','2022-09-10 03:29:42'),(859,0,'vi','core/base/system','curl_ext','CURL Ext','2022-09-10 03:28:36','2022-09-10 03:29:42'),(860,0,'vi','core/base/system','database','Hệ thống dữ liệu','2022-09-10 03:28:36','2022-09-10 03:29:42'),(861,0,'vi','core/base/system','debug_mode','Chế độ sửa lỗi','2022-09-10 03:28:36','2022-09-10 03:29:42'),(862,0,'vi','core/base/system','dependency_name','Tên gói','2022-09-10 03:28:36','2022-09-10 03:29:42'),(863,0,'vi','core/base/system','exif_ext','Exif Ext','2022-09-10 03:28:36','2022-09-10 03:29:42'),(864,0,'vi','core/base/system','extra_information','Thông tin mở rộng','2022-09-10 03:28:36','2022-09-10 03:29:42'),(865,0,'vi','core/base/system','extra_stats','Thống kê thêm','2022-09-10 03:28:36','2022-09-10 03:29:42'),(866,0,'vi','core/base/system','file_info_ext','File info Ext','2022-09-10 03:28:36','2022-09-10 03:29:42'),(867,0,'vi','core/base/system','framework_version','Phiên bản framework','2022-09-10 03:28:36','2022-09-10 03:29:42'),(868,0,'vi','core/base/system','get_system_report','Lấy thông tin hệ thống','2022-09-10 03:28:36','2022-09-10 03:29:42'),(869,0,'vi','core/base/system','installed_packages','Các gói đã cài đặt và phiên bản','2022-09-10 03:28:36','2022-09-10 03:29:42'),(870,0,'vi','core/base/system','mbstring_ext','Mbstring Ext','2022-09-10 03:28:37','2022-09-10 03:29:42'),(871,0,'vi','core/base/system','openssl_ext','OpenSSL Ext','2022-09-10 03:28:37','2022-09-10 03:29:42'),(872,0,'vi','core/base/system','package_name','Tên gói','2022-09-10 03:28:37','2022-09-10 03:29:42'),(873,0,'vi','core/base/system','pdo_ext','PDO Ext','2022-09-10 03:28:37','2022-09-10 03:29:42'),(874,0,'vi','core/base/system','php_version','Phiên bản PHP','2022-09-10 03:28:37','2022-09-10 03:29:42'),(875,0,'vi','core/base/system','report_description','Vui lòng chia sẻ thông tin này nhằm mục đích điều tra nguyên nhân gây lỗi','2022-09-10 03:28:37','2022-09-10 03:29:42'),(876,0,'vi','core/base/system','server_environment','Môi trường máy chủ','2022-09-10 03:28:37','2022-09-10 03:29:42'),(877,0,'vi','core/base/system','server_os','Hệ điều hành của máy chủ','2022-09-10 03:28:37','2022-09-10 03:29:42'),(878,0,'vi','core/base/system','server_software','Phần mềm','2022-09-10 03:28:37','2022-09-10 03:29:42'),(879,0,'vi','core/base/system','session_driver','Loại lưu trữ phiên làm việc','2022-09-10 03:28:37','2022-09-10 03:29:42'),(880,0,'vi','core/base/system','ssl_installed','Đã cài đặt chứng chỉ SSL','2022-09-10 03:28:37','2022-09-10 03:29:42'),(881,0,'vi','core/base/system','storage_dir_writable','Có thể lưu trữ dữ liệu tạm','2022-09-10 03:28:37','2022-09-10 03:29:42'),(882,0,'vi','core/base/system','system_environment','Môi trường hệ thống','2022-09-10 03:28:37','2022-09-10 03:29:42'),(883,0,'vi','core/base/system','timezone','Múi giờ','2022-09-10 03:28:37','2022-09-10 03:29:42'),(884,0,'vi','core/base/system','tokenizer_ext','Tokenizer Ext','2022-09-10 03:28:37','2022-09-10 03:29:42'),(885,0,'vi','core/base/system','version','Phiên bản','2022-09-10 03:28:37','2022-09-10 03:29:42'),(886,0,'vi','core/base/system','cms_version','Phiên bản CMS','2022-09-10 03:28:37','2022-09-10 03:29:42'),(887,0,'vi','core/base/system','queue_connection','Queue Connection','2022-09-10 03:28:37','2022-09-10 03:29:42'),(888,0,'vi','core/base/system','disabled_in_demo_mode','Bạn không thể thực hiện hành động này ở chế độ demo!','2022-09-10 03:28:37','2022-09-10 03:29:42'),(889,0,'vi','core/base/system','imagick_or_gd_ext','Imagick/GD Ext','2022-09-10 03:28:37','2022-09-10 03:29:42'),(890,0,'vi','core/base/system','php_version_error','Phiên bản PHP phải >= :version','2022-09-10 03:28:37','2022-09-10 03:29:42'),(891,0,'vi','core/base/system','updater','Nâng cấp hệ thống','2022-09-10 03:28:37','2022-09-10 03:29:42'),(892,0,'vi','core/base/tables','id','ID','2022-09-10 03:28:37','2022-09-10 03:29:42'),(893,0,'vi','core/base/tables','name','Tên','2022-09-10 03:28:37','2022-09-10 03:29:42'),(894,0,'vi','core/base/tables','order_by','Thứ tự','2022-09-10 03:28:37','2022-09-10 03:29:42'),(895,0,'vi','core/base/tables','status','Trạng thái','2022-09-10 03:28:37','2022-09-10 03:29:42'),(896,0,'vi','core/base/tables','created_at','Ngày tạo','2022-09-10 03:28:37','2022-09-10 03:29:42'),(897,0,'vi','core/base/tables','updated_at','Ngày cập nhật','2022-09-10 03:28:37','2022-09-10 03:29:42'),(898,0,'vi','core/base/tables','operations','Tác vụ','2022-09-10 03:28:37','2022-09-10 03:29:42'),(899,0,'vi','core/base/tables','url','URL','2022-09-10 03:28:37','2022-09-10 03:29:42'),(900,0,'vi','core/base/tables','author','Người tạo','2022-09-10 03:28:37','2022-09-10 03:29:42'),(901,0,'vi','core/base/tables','column','Cột','2022-09-10 03:28:37','2022-09-10 03:29:42'),(902,0,'vi','core/base/tables','origin','Bản cũ','2022-09-10 03:28:37','2022-09-10 03:29:42'),(903,0,'vi','core/base/tables','after_change','Sau khi thay đổi','2022-09-10 03:28:37','2022-09-10 03:29:42'),(904,0,'vi','core/base/tables','notes','Ghi chú','2022-09-10 03:28:37','2022-09-10 03:29:42'),(905,0,'vi','core/base/tables','activated','kích hoạt','2022-09-10 03:28:37','2022-09-10 03:29:42'),(906,0,'vi','core/base/tables','browser','Trình duyệt','2022-09-10 03:28:37','2022-09-10 03:29:42'),(907,0,'vi','core/base/tables','deactivated','hủy kích hoạt','2022-09-10 03:28:37','2022-09-10 03:29:42'),(908,0,'vi','core/base/tables','description','Mô tả','2022-09-10 03:28:37','2022-09-10 03:29:42'),(909,0,'vi','core/base/tables','session','Phiên','2022-09-10 03:28:37','2022-09-10 03:29:42'),(910,0,'vi','core/base/tables','views','Lượt xem','2022-09-10 03:28:37','2022-09-10 03:29:42'),(911,0,'vi','core/base/tables','restore','Khôi phục','2022-09-10 03:28:37','2022-09-10 03:29:42'),(912,0,'vi','core/base/tables','edit','Sửa','2022-09-10 03:28:37','2022-09-10 03:29:42'),(913,0,'vi','core/base/tables','delete','Xóa','2022-09-10 03:28:37','2022-09-10 03:29:42'),(914,0,'vi','core/base/tables','action','Hành động','2022-09-10 03:28:37','2022-09-10 03:29:42'),(915,0,'vi','core/base/tables','activate','Kích hoạt','2022-09-10 03:28:37','2022-09-10 03:29:42'),(916,0,'vi','core/base/tables','add_new','Thêm mới','2022-09-10 03:28:37','2022-09-10 03:29:42'),(917,0,'vi','core/base/tables','all','Tất cả','2022-09-10 03:28:37','2022-09-10 03:29:42'),(918,0,'vi','core/base/tables','cancel','Hủy bỏ','2022-09-10 03:28:37','2022-09-10 03:29:42'),(919,0,'vi','core/base/tables','confirm_delete','Xác nhận xóa','2022-09-10 03:28:37','2022-09-10 03:29:42'),(920,0,'vi','core/base/tables','confirm_delete_msg','Bạn có chắc chắn muốn xóa bản ghi này?','2022-09-10 03:28:37','2022-09-10 03:29:42'),(921,0,'vi','core/base/tables','csv','CSV','2022-09-10 03:28:37','2022-09-10 03:29:42'),(922,0,'vi','core/base/tables','deactivate','Hủy kích hoạt','2022-09-10 03:28:37','2022-09-10 03:29:42'),(923,0,'vi','core/base/tables','delete_entry','Xóa bản ghi','2022-09-10 03:28:37','2022-09-10 03:29:42'),(924,0,'vi','core/base/tables','display','Hiển thị','2022-09-10 03:28:37','2022-09-10 03:29:42'),(925,0,'vi','core/base/tables','excel','Excel','2022-09-10 03:28:37','2022-09-10 03:29:42'),(926,0,'vi','core/base/tables','export','Xuất bản','2022-09-10 03:28:37','2022-09-10 03:29:42'),(927,0,'vi','core/base/tables','in','trong tổng số','2022-09-10 03:28:37','2022-09-10 03:29:42'),(928,0,'vi','core/base/tables','no_data','Không có dữ liệu để hiển thị','2022-09-10 03:28:37','2022-09-10 03:29:42'),(929,0,'vi','core/base/tables','no_record','Không có dữ liệu','2022-09-10 03:28:37','2022-09-10 03:29:42'),(930,0,'vi','core/base/tables','pdf','PDF','2022-09-10 03:28:37','2022-09-10 03:29:42'),(931,0,'vi','core/base/tables','print','In','2022-09-10 03:28:37','2022-09-10 03:29:42'),(932,0,'vi','core/base/tables','records','bản ghi','2022-09-10 03:28:37','2022-09-10 03:29:42'),(933,0,'vi','core/base/tables','reload','Tải lại','2022-09-10 03:28:37','2022-09-10 03:29:42'),(934,0,'vi','core/base/tables','reset','Làm mới','2022-09-10 03:28:37','2022-09-10 03:29:42'),(935,0,'vi','core/base/tables','save','Lưu','2022-09-10 03:28:37','2022-09-10 03:29:42'),(936,0,'vi','core/base/tables','show_from','Hiển thị từ','2022-09-10 03:28:37','2022-09-10 03:29:42'),(937,0,'vi','core/base/tables','template','Giao diện','2022-09-10 03:28:37','2022-09-10 03:29:42'),(938,0,'vi','core/base/tables','to','đến','2022-09-10 03:28:37','2022-09-10 03:29:42'),(939,0,'vi','core/base/tables','view','Xem chi tiết','2022-09-10 03:28:37','2022-09-10 03:29:42'),(940,0,'vi','core/base/tables','email','Email','2022-09-10 03:28:37','2022-09-10 03:29:42'),(941,0,'vi','core/base/tables','image','Hình ảnh','2022-09-10 03:28:37','2022-09-10 03:29:42'),(942,0,'vi','core/base/tables','is_featured','Nổi bật','2022-09-10 03:28:37','2022-09-10 03:29:42'),(943,0,'vi','core/base/tables','last_login','Lần cuối đăng nhập','2022-09-10 03:28:37','2022-09-10 03:29:42'),(944,0,'vi','core/base/tables','order','Thứ tự','2022-09-10 03:28:37','2022-09-10 03:29:42'),(945,0,'vi','core/base/tables','shortcode','Shortcode','2022-09-10 03:28:37','2022-09-10 03:29:42'),(946,0,'vi','core/base/tables','slug','Slug','2022-09-10 03:28:37','2022-09-10 03:29:42'),(947,0,'vi','core/base/tables','title','Tiêu đề','2022-09-10 03:28:37','2022-09-10 03:29:42'),(948,0,'vi','core/base/tables','bulk_changes','Thay đổi hàng loạt','2022-09-10 03:28:37','2022-09-10 03:29:42'),(949,0,'vi','core/base/tables','confirm_delete_many_msg','Bạn có chắc chắn muốn xóa những bản ghi này?','2022-09-10 03:28:37','2022-09-10 03:29:42'),(950,0,'vi','core/base/tables','submit','Hoàn tất','2022-09-10 03:28:37','2022-09-10 03:29:42'),(951,0,'vi','core/base/tables','please_select_record','Vui lòng chọn ít nhất 1 bản ghi để thực hiện hành động này!','2022-09-10 03:28:37','2022-09-10 03:29:42'),(952,0,'vi','core/base/tabs','detail','Chi tiết','2022-09-10 03:28:37','2022-09-10 03:29:43'),(953,0,'vi','core/base/tabs','file','Tập tin','2022-09-10 03:28:37','2022-09-10 03:29:43'),(954,0,'vi','core/base/tabs','record_note','Ghi chú','2022-09-10 03:28:37','2022-09-10 03:29:43'),(955,0,'vi','core/base/tabs','revision','Lịch sử thay đổi','2022-09-10 03:28:37','2022-09-10 03:29:43'),(956,0,'en','core/dashboard/dashboard','update_position_success','Update widget position successfully!','2022-09-10 03:28:37','2022-09-10 03:29:43'),(957,0,'en','core/dashboard/dashboard','hide_success','Update widget successfully!','2022-09-10 03:28:37','2022-09-10 03:29:43'),(958,0,'en','core/dashboard/dashboard','confirm_hide','Are you sure?','2022-09-10 03:28:37','2022-09-10 03:29:43'),(959,0,'en','core/dashboard/dashboard','hide_message','Do you really want to hide this widget? It will be disappear on Dashboard!','2022-09-10 03:28:37','2022-09-10 03:29:43'),(960,0,'en','core/dashboard/dashboard','confirm_hide_btn','Yes, hide this widget','2022-09-10 03:28:37','2022-09-10 03:29:43'),(961,0,'en','core/dashboard/dashboard','cancel_hide_btn','Cancel','2022-09-10 03:28:37','2022-09-10 03:29:43'),(962,0,'en','core/dashboard/dashboard','collapse_expand','Collapse/Expand','2022-09-10 03:28:37','2022-09-10 03:29:43'),(963,0,'en','core/dashboard/dashboard','hide','Hide','2022-09-10 03:28:37','2022-09-10 03:29:43'),(964,0,'en','core/dashboard/dashboard','reload','Reload','2022-09-10 03:28:37','2022-09-10 03:29:43'),(965,0,'en','core/dashboard/dashboard','save_setting_success','Save widget settings successfully!','2022-09-10 03:28:37','2022-09-10 03:29:43'),(966,0,'en','core/dashboard/dashboard','widget_not_exists','Widget is not exits!','2022-09-10 03:28:37','2022-09-10 03:29:43'),(967,0,'en','core/dashboard/dashboard','manage_widgets','Manage Widgets','2022-09-10 03:28:37','2022-09-10 03:29:43'),(968,0,'en','core/dashboard/dashboard','fullscreen','Full screen','2022-09-10 03:28:37','2022-09-10 03:29:43'),(969,0,'en','core/dashboard/dashboard','title','Dashboard','2022-09-10 03:28:37','2022-09-10 03:29:43'),(970,0,'en','core/dashboard/dashboard','predefined_ranges.today','Today','2022-09-10 03:28:37','2022-09-10 03:29:43'),(971,0,'en','core/dashboard/dashboard','predefined_ranges.yesterday','Yesterday','2022-09-10 03:28:37','2022-09-10 03:29:43'),(972,0,'en','core/dashboard/dashboard','predefined_ranges.this_week','This Week','2022-09-10 03:28:37','2022-09-10 03:29:43'),(973,0,'en','core/dashboard/dashboard','predefined_ranges.last_7_days','Last 7 Days','2022-09-10 03:28:37','2022-09-10 03:29:43'),(974,0,'en','core/dashboard/dashboard','predefined_ranges.this_month','This Month','2022-09-10 03:28:37','2022-09-10 03:29:43'),(975,0,'en','core/dashboard/dashboard','predefined_ranges.last_30_days','Last 30 Days','2022-09-10 03:28:37','2022-09-10 03:29:43'),(976,0,'en','core/dashboard/dashboard','predefined_ranges.this_year','This Year','2022-09-10 03:28:37','2022-09-10 03:29:43'),(977,0,'vi','core/dashboard/dashboard','cancel_hide_btn','Hủy bỏ','2022-09-10 03:28:37','2022-09-10 03:29:43'),(978,0,'vi','core/dashboard/dashboard','collapse_expand','Mở rộng','2022-09-10 03:28:37','2022-09-10 03:29:43'),(979,0,'vi','core/dashboard/dashboard','confirm_hide','Bạn có chắc?','2022-09-10 03:28:37','2022-09-10 03:29:43'),(980,0,'vi','core/dashboard/dashboard','confirm_hide_btn','Vâng, ẩn tiện ích này','2022-09-10 03:28:37','2022-09-10 03:29:43'),(981,0,'vi','core/dashboard/dashboard','hide','Ẩn','2022-09-10 03:28:37','2022-09-10 03:29:43'),(982,0,'vi','core/dashboard/dashboard','hide_message','Bạn có chắc chắn muốn ẩn tiện ích này? Nó sẽ không được hiển thị trên trang chủ nữa!','2022-09-10 03:28:37','2022-09-10 03:29:43'),(983,0,'vi','core/dashboard/dashboard','hide_success','Ẩn tiện ích thành công!','2022-09-10 03:28:37','2022-09-10 03:29:43'),(984,0,'vi','core/dashboard/dashboard','manage_widgets','Quản lý tiện ích','2022-09-10 03:28:37','2022-09-10 03:29:43'),(985,0,'vi','core/dashboard/dashboard','reload','Làm mới','2022-09-10 03:28:37','2022-09-10 03:29:43'),(986,0,'vi','core/dashboard/dashboard','save_setting_success','Lưu tiện ích thành công','2022-09-10 03:28:37','2022-09-10 03:29:43'),(987,0,'vi','core/dashboard/dashboard','update_position_success','Cập nhật vị trí tiện ích thành công!','2022-09-10 03:28:37','2022-09-10 03:29:43'),(988,0,'vi','core/dashboard/dashboard','widget_not_exists','Tiện ích này không tồn tại!','2022-09-10 03:28:37','2022-09-10 03:29:43'),(989,0,'vi','core/dashboard/dashboard','fullscreen','Toàn màn hình','2022-09-10 03:28:37','2022-09-10 03:29:43'),(990,0,'vi','core/dashboard/dashboard','title','Trang quản trị','2022-09-10 03:28:37','2022-09-10 03:29:43'),(991,0,'en','core/media/media','filter','Filter','2022-09-10 03:28:37','2022-09-10 03:29:43'),(992,0,'en','core/media/media','everything','Everything','2022-09-10 03:28:37','2022-09-10 03:29:43'),(993,0,'en','core/media/media','image','Image','2022-09-10 03:28:37','2022-09-10 03:29:43'),(994,0,'en','core/media/media','video','Video','2022-09-10 03:28:37','2022-09-10 03:29:43'),(995,0,'en','core/media/media','document','Document','2022-09-10 03:28:37','2022-09-10 03:29:43'),(996,0,'en','core/media/media','view_in','View in','2022-09-10 03:28:37','2022-09-10 03:29:43'),(997,0,'en','core/media/media','all_media','All media','2022-09-10 03:28:37','2022-09-10 03:29:43'),(998,0,'en','core/media/media','trash','Trash','2022-09-10 03:28:37','2022-09-10 03:29:43'),(999,0,'en','core/media/media','recent','Recent','2022-09-10 03:28:37','2022-09-10 03:29:43'),(1000,0,'en','core/media/media','favorites','Favorites','2022-09-10 03:28:37','2022-09-10 03:29:43'),(1001,0,'en','core/media/media','upload','Upload','2022-09-10 03:28:37','2022-09-10 03:29:43'),(1002,0,'en','core/media/media','create_folder','Create folder','2022-09-10 03:28:37','2022-09-10 03:29:43'),(1003,0,'en','core/media/media','refresh','Refresh','2022-09-10 03:28:37','2022-09-10 03:29:43'),(1004,0,'en','core/media/media','empty_trash','Empty trash','2022-09-10 03:28:37','2022-09-10 03:29:43'),(1005,0,'en','core/media/media','search_file_and_folder','Search in current folder','2022-09-10 03:28:37','2022-09-10 03:29:43'),(1006,0,'en','core/media/media','sort','Sort','2022-09-10 03:28:37','2022-09-10 03:29:43'),(1007,0,'en','core/media/media','file_name_asc','File name - ASC','2022-09-10 03:28:37','2022-09-10 03:29:43'),(1008,0,'en','core/media/media','file_name_desc','File name - DESC','2022-09-10 03:28:37','2022-09-10 03:29:43'),(1009,0,'en','core/media/media','uploaded_date_asc','Uploaded date - ASC','2022-09-10 03:28:37','2022-09-10 03:29:43'),(1010,0,'en','core/media/media','uploaded_date_desc','Uploaded date - DESC','2022-09-10 03:28:37','2022-09-10 03:29:43'),(1011,0,'en','core/media/media','size_asc','Size - ASC','2022-09-10 03:28:37','2022-09-10 03:29:43'),(1012,0,'en','core/media/media','size_desc','Size - DESC','2022-09-10 03:28:37','2022-09-10 03:29:43'),(1013,0,'en','core/media/media','actions','Actions','2022-09-10 03:28:37','2022-09-10 03:29:43'),(1014,0,'en','core/media/media','nothing_is_selected','Nothing is selected','2022-09-10 03:28:37','2022-09-10 03:29:43'),(1015,0,'en','core/media/media','insert','Insert','2022-09-10 03:28:37','2022-09-10 03:29:43'),(1016,0,'en','core/media/media','folder_name','Folder name','2022-09-10 03:28:37','2022-09-10 03:29:43'),(1017,0,'en','core/media/media','create','Create','2022-09-10 03:28:37','2022-09-10 03:29:43'),(1018,0,'en','core/media/media','rename','Rename','2022-09-10 03:28:37','2022-09-10 03:29:43'),(1019,0,'en','core/media/media','close','Close','2022-09-10 03:28:37','2022-09-10 03:29:43'),(1020,0,'en','core/media/media','save_changes','Save changes','2022-09-10 03:28:37','2022-09-10 03:29:43'),(1021,0,'en','core/media/media','move_to_trash','Move items to trash','2022-09-10 03:28:37','2022-09-10 03:29:43'),(1022,0,'en','core/media/media','confirm_trash','Are you sure you want to move these items to trash?','2022-09-10 03:28:37','2022-09-10 03:29:43'),(1023,0,'en','core/media/media','confirm','Confirm','2022-09-10 03:28:37','2022-09-10 03:29:43'),(1024,0,'en','core/media/media','confirm_delete','Delete item(s)','2022-09-10 03:28:37','2022-09-10 03:29:43'),(1025,0,'en','core/media/media','confirm_delete_description','Your request cannot rollback. Are you sure you wanna delete these items?','2022-09-10 03:28:37','2022-09-10 03:29:43'),(1026,0,'en','core/media/media','empty_trash_title','Empty trash','2022-09-10 03:28:37','2022-09-10 03:29:43'),(1027,0,'en','core/media/media','empty_trash_description','Your request cannot rollback. Are you sure you wanna remove all items in trash?','2022-09-10 03:28:37','2022-09-10 03:29:43'),(1028,0,'en','core/media/media','up_level','Up one level','2022-09-10 03:28:37','2022-09-10 03:29:43'),(1029,0,'en','core/media/media','upload_progress','Upload progress','2022-09-10 03:28:37','2022-09-10 03:29:43'),(1030,0,'en','core/media/media','folder_created','Folder is created successfully!','2022-09-10 03:28:37','2022-09-10 03:29:43'),(1031,0,'en','core/media/media','gallery','Media gallery','2022-09-10 03:28:37','2022-09-10 03:29:43'),(1032,0,'en','core/media/media','trash_error','Error when delete selected item(s)','2022-09-10 03:28:37','2022-09-10 03:29:43'),(1033,0,'en','core/media/media','trash_success','Moved selected item(s) to trash successfully!','2022-09-10 03:28:37','2022-09-10 03:29:43'),(1034,0,'en','core/media/media','restore_error','Error when restore selected item(s)','2022-09-10 03:28:37','2022-09-10 03:29:43'),(1035,0,'en','core/media/media','restore_success','Restore selected item(s) successfully!','2022-09-10 03:28:37','2022-09-10 03:29:43'),(1036,0,'en','core/media/media','copy_success','Copied selected item(s) successfully!','2022-09-10 03:28:37','2022-09-10 03:29:43'),(1037,0,'en','core/media/media','delete_success','Deleted selected item(s) successfully!','2022-09-10 03:28:37','2022-09-10 03:29:43'),(1038,0,'en','core/media/media','favorite_success','Favorite selected item(s) successfully!','2022-09-10 03:28:37','2022-09-10 03:29:43'),(1039,0,'en','core/media/media','remove_favorite_success','Remove selected item(s) from favorites successfully!','2022-09-10 03:28:37','2022-09-10 03:29:43'),(1040,0,'en','core/media/media','rename_error','Error when rename item(s)','2022-09-10 03:28:37','2022-09-10 03:29:43'),(1041,0,'en','core/media/media','rename_success','Rename selected item(s) successfully!','2022-09-10 03:28:37','2022-09-10 03:29:43'),(1042,0,'en','core/media/media','empty_trash_success','Empty trash successfully!','2022-09-10 03:28:37','2022-09-10 03:29:43'),(1043,0,'en','core/media/media','invalid_action','Invalid action!','2022-09-10 03:28:37','2022-09-10 03:29:43'),(1044,0,'en','core/media/media','file_not_exists','File is not exists!','2022-09-10 03:28:37','2022-09-10 03:29:43'),(1045,0,'en','core/media/media','download_file_error','Error when downloading files!','2022-09-10 03:28:37','2022-09-10 03:29:43'),(1046,0,'en','core/media/media','missing_zip_archive_extension','Please enable ZipArchive extension to download file!','2022-09-10 03:28:37','2022-09-10 03:29:43'),(1047,0,'en','core/media/media','can_not_download_file','Can not download this file!','2022-09-10 03:28:37','2022-09-10 03:29:43'),(1048,0,'en','core/media/media','invalid_request','Invalid request!','2022-09-10 03:28:37','2022-09-10 03:29:43'),(1049,0,'en','core/media/media','add_success','Add item successfully!','2022-09-10 03:28:37','2022-09-10 03:29:43'),(1050,0,'en','core/media/media','file_too_big','File too big. Max file upload is :size bytes','2022-09-10 03:28:37','2022-09-10 03:29:43'),(1051,0,'en','core/media/media','can_not_detect_file_type','File type is not allowed or can not detect file type!','2022-09-10 03:28:37','2022-09-10 03:29:43'),(1052,0,'en','core/media/media','upload_failed','The file is NOT uploaded completely. The server allows max upload file size is :size . Please check your file size OR try to upload again in case of having network errors','2022-09-10 03:28:37','2022-09-10 03:29:43'),(1053,0,'en','core/media/media','menu_name','Media','2022-09-10 03:28:37','2022-09-10 03:29:43'),(1054,0,'en','core/media/media','add','Add media','2022-09-10 03:28:37','2022-09-10 03:29:43'),(1055,0,'en','core/media/media','javascript.name','Name','2022-09-10 03:28:37','2022-09-10 03:29:43'),(1056,0,'en','core/media/media','javascript.url','URL','2022-09-10 03:28:37','2022-09-10 03:29:43'),(1057,0,'en','core/media/media','javascript.full_url','Full URL','2022-09-10 03:28:37','2022-09-10 03:29:43'),(1058,0,'en','core/media/media','javascript.size','Size','2022-09-10 03:28:37','2022-09-10 03:29:43'),(1059,0,'en','core/media/media','javascript.mime_type','Type','2022-09-10 03:28:37','2022-09-10 03:29:43'),(1060,0,'en','core/media/media','javascript.created_at','Uploaded at','2022-09-10 03:28:37','2022-09-10 03:29:43'),(1061,0,'en','core/media/media','javascript.updated_at','Modified at','2022-09-10 03:28:37','2022-09-10 03:29:43'),(1062,0,'en','core/media/media','javascript.nothing_selected','Nothing is selected','2022-09-10 03:28:37','2022-09-10 03:29:43'),(1063,0,'en','core/media/media','javascript.visit_link','Open link','2022-09-10 03:28:37','2022-09-10 03:29:43'),(1064,0,'en','core/media/media','javascript.no_item.all_media.icon','fas fa-cloud-upload-alt','2022-09-10 03:28:37','2022-09-10 03:29:43'),(1065,0,'en','core/media/media','javascript.no_item.all_media.title','Drop files and folders here','2022-09-10 03:28:37','2022-09-10 03:29:43'),(1066,0,'en','core/media/media','javascript.no_item.all_media.message','Or use the upload button above','2022-09-10 03:28:37','2022-09-10 03:29:43'),(1067,0,'en','core/media/media','javascript.no_item.trash.icon','fas fa-trash-alt','2022-09-10 03:28:37','2022-09-10 03:29:43'),(1068,0,'en','core/media/media','javascript.no_item.trash.title','There is nothing in your trash currently','2022-09-10 03:28:37','2022-09-10 03:29:43'),(1069,0,'en','core/media/media','javascript.no_item.trash.message','Delete files to move them to trash automatically. Delete files from trash to remove them permanently','2022-09-10 03:28:37','2022-09-10 03:29:43'),(1070,0,'en','core/media/media','javascript.no_item.favorites.icon','fas fa-star','2022-09-10 03:28:37','2022-09-10 03:29:43'),(1071,0,'en','core/media/media','javascript.no_item.favorites.title','You have not added anything to your favorites yet','2022-09-10 03:28:37','2022-09-10 03:29:43'),(1072,0,'en','core/media/media','javascript.no_item.favorites.message','Add files to favorites to easily find them later','2022-09-10 03:28:37','2022-09-10 03:29:43'),(1073,0,'en','core/media/media','javascript.no_item.recent.icon','far fa-clock','2022-09-10 03:28:37','2022-09-10 03:29:43'),(1074,0,'en','core/media/media','javascript.no_item.recent.title','You did not opened anything yet','2022-09-10 03:28:37','2022-09-10 03:29:43'),(1075,0,'en','core/media/media','javascript.no_item.recent.message','All recent files that you opened will be appeared here','2022-09-10 03:28:37','2022-09-10 03:29:43'),(1076,0,'en','core/media/media','javascript.no_item.default.icon','fas fa-sync','2022-09-10 03:28:37','2022-09-10 03:29:43'),(1077,0,'en','core/media/media','javascript.no_item.default.title','No items','2022-09-10 03:28:37','2022-09-10 03:29:43'),(1078,0,'en','core/media/media','javascript.no_item.default.message','This directory has no item','2022-09-10 03:28:37','2022-09-10 03:29:43'),(1079,0,'en','core/media/media','javascript.clipboard.success','These file links has been copied to clipboard','2022-09-10 03:28:37','2022-09-10 03:29:43'),(1080,0,'en','core/media/media','javascript.message.error_header','Error','2022-09-10 03:28:37','2022-09-10 03:29:43'),(1081,0,'en','core/media/media','javascript.message.success_header','Success','2022-09-10 03:28:37','2022-09-10 03:29:43'),(1082,0,'en','core/media/media','javascript.download.error','No files selected or cannot download these files','2022-09-10 03:28:37','2022-09-10 03:29:43'),(1083,0,'en','core/media/media','javascript.actions_list.basic.preview','Preview','2022-09-10 03:28:37','2022-09-10 03:29:43'),(1084,0,'en','core/media/media','javascript.actions_list.file.copy_link','Copy link','2022-09-10 03:28:37','2022-09-10 03:29:43'),(1085,0,'en','core/media/media','javascript.actions_list.file.rename','Rename','2022-09-10 03:28:37','2022-09-10 03:29:43'),(1086,0,'en','core/media/media','javascript.actions_list.file.make_copy','Make a copy','2022-09-10 03:28:37','2022-09-10 03:29:43'),(1087,0,'en','core/media/media','javascript.actions_list.user.favorite','Add to favorite','2022-09-10 03:28:37','2022-09-10 03:29:43'),(1088,0,'en','core/media/media','javascript.actions_list.user.remove_favorite','Remove favorite','2022-09-10 03:28:37','2022-09-10 03:29:43'),(1089,0,'en','core/media/media','javascript.actions_list.other.download','Download','2022-09-10 03:28:37','2022-09-10 03:29:43'),(1090,0,'en','core/media/media','javascript.actions_list.other.trash','Move to trash','2022-09-10 03:28:37','2022-09-10 03:29:43'),(1091,0,'en','core/media/media','javascript.actions_list.other.delete','Delete permanently','2022-09-10 03:28:37','2022-09-10 03:29:43'),(1092,0,'en','core/media/media','javascript.actions_list.other.restore','Restore','2022-09-10 03:28:37','2022-09-10 03:29:43'),(1093,0,'en','core/media/media','javascript.change_image','Change image','2022-09-10 03:28:37','2022-09-10 03:29:43'),(1094,0,'en','core/media/media','javascript.delete_image','Delete image','2022-09-10 03:28:37','2022-09-10 03:29:43'),(1095,0,'en','core/media/media','javascript.choose_image','Choose image','2022-09-10 03:28:37','2022-09-10 03:29:43'),(1096,0,'en','core/media/media','javascript.preview_image','Preview image','2022-09-10 03:28:37','2022-09-10 03:29:43'),(1097,0,'en','core/media/media','name_invalid','The folder name has invalid character(s).','2022-09-10 03:28:37','2022-09-10 03:29:43'),(1098,0,'en','core/media/media','url_invalid','Please provide a valid URL','2022-09-10 03:28:37','2022-09-10 03:29:43'),(1099,0,'en','core/media/media','path_invalid','Please provide a valid path','2022-09-10 03:28:37','2022-09-10 03:29:43'),(1100,0,'en','core/media/media','download_link','Download','2022-09-10 03:28:37','2022-09-10 03:29:43'),(1101,0,'en','core/media/media','url','URL','2022-09-10 03:28:37','2022-09-10 03:29:43'),(1102,0,'en','core/media/media','download_explain','Enter one URL per line.','2022-09-10 03:28:37','2022-09-10 03:29:43'),(1103,0,'en','core/media/media','downloading','Downloading...','2022-09-10 03:28:37','2022-09-10 03:29:43'),(1104,0,'vi','core/media/media','filter','Lọc','2022-09-10 03:28:37','2022-09-10 03:29:43'),(1105,0,'vi','core/media/media','everything','Tất cả','2022-09-10 03:28:37','2022-09-10 03:29:43'),(1106,0,'vi','core/media/media','image','Hình ảnh','2022-09-10 03:28:37','2022-09-10 03:29:43'),(1107,0,'vi','core/media/media','video','Phim','2022-09-10 03:28:37','2022-09-10 03:29:43'),(1108,0,'vi','core/media/media','document','Tài liệu','2022-09-10 03:28:37','2022-09-10 03:29:43'),(1109,0,'vi','core/media/media','view_in','Chế độ xem','2022-09-10 03:28:37','2022-09-10 03:29:43'),(1110,0,'vi','core/media/media','all_media','Tất cả tập tin','2022-09-10 03:28:37','2022-09-10 03:29:43'),(1111,0,'vi','core/media/media','trash','Thùng rác','2022-09-10 03:28:37','2022-09-10 03:29:43'),(1112,0,'vi','core/media/media','recent','Gần đây','2022-09-10 03:28:37','2022-09-10 03:29:43'),(1113,0,'vi','core/media/media','favorites','Được gắn dấu sao','2022-09-10 03:28:37','2022-09-10 03:29:43'),(1114,0,'vi','core/media/media','upload','Tải lên','2022-09-10 03:28:37','2022-09-10 03:29:43'),(1115,0,'vi','core/media/media','create_folder','Tạo thư mục','2022-09-10 03:28:37','2022-09-10 03:29:43'),(1116,0,'vi','core/media/media','refresh','Làm mới','2022-09-10 03:28:37','2022-09-10 03:29:43'),(1117,0,'vi','core/media/media','empty_trash','Dọn thùng rác','2022-09-10 03:28:37','2022-09-10 03:29:43'),(1118,0,'vi','core/media/media','search_file_and_folder','Tìm kiếm tập tin và thư mục','2022-09-10 03:28:37','2022-09-10 03:29:43'),(1119,0,'vi','core/media/media','sort','Sắp xếp','2022-09-10 03:28:37','2022-09-10 03:29:43'),(1120,0,'vi','core/media/media','file_name_asc','Tên tập tin - ASC','2022-09-10 03:28:37','2022-09-10 03:29:43'),(1121,0,'vi','core/media/media','file_name_desc','Tên tập tin - DESC','2022-09-10 03:28:37','2022-09-10 03:29:43'),(1122,0,'vi','core/media/media','uploaded_date_asc','Ngày tải lên - ASC','2022-09-10 03:28:37','2022-09-10 03:29:43'),(1123,0,'vi','core/media/media','uploaded_date_desc','Ngày tải lên - DESC','2022-09-10 03:28:37','2022-09-10 03:29:43'),(1124,0,'vi','core/media/media','size_asc','Kích thước - ASC','2022-09-10 03:28:37','2022-09-10 03:29:43'),(1125,0,'vi','core/media/media','size_desc','Kích thước - DESC','2022-09-10 03:28:37','2022-09-10 03:29:43'),(1126,0,'vi','core/media/media','actions','Hành động','2022-09-10 03:28:37','2022-09-10 03:29:43'),(1127,0,'vi','core/media/media','nothing_is_selected','Không có tập tin nào được chọn','2022-09-10 03:28:37','2022-09-10 03:29:43'),(1128,0,'vi','core/media/media','insert','Chèn','2022-09-10 03:28:37','2022-09-10 03:29:43'),(1129,0,'vi','core/media/media','folder_name','Tên thư mục','2022-09-10 03:28:38','2022-09-10 03:29:43'),(1130,0,'vi','core/media/media','create','Tạo','2022-09-10 03:28:38','2022-09-10 03:29:43'),(1131,0,'vi','core/media/media','rename','Đổi tên','2022-09-10 03:28:38','2022-09-10 03:29:43'),(1132,0,'vi','core/media/media','close','Đóng','2022-09-10 03:28:38','2022-09-10 03:29:43'),(1133,0,'vi','core/media/media','save_changes','Lưu thay đổi','2022-09-10 03:28:38','2022-09-10 03:29:43'),(1134,0,'vi','core/media/media','move_to_trash','Đưa vào thùng rác','2022-09-10 03:28:38','2022-09-10 03:29:43'),(1135,0,'vi','core/media/media','confirm_trash','Bạn có chắc chắn muốn bỏ những tập tin này vào thùng rác?','2022-09-10 03:28:38','2022-09-10 03:29:43'),(1136,0,'vi','core/media/media','confirm','Xác nhận','2022-09-10 03:28:38','2022-09-10 03:29:43'),(1137,0,'vi','core/media/media','confirm_delete','Xóa tập tin','2022-09-10 03:28:38','2022-09-10 03:29:43'),(1138,0,'vi','core/media/media','confirm_delete_description','Hành động này không thể khôi phục. Bạn có chắc chắn muốn xóa các tập tin này?','2022-09-10 03:28:38','2022-09-10 03:29:43'),(1139,0,'vi','core/media/media','empty_trash_title','Dọn sạch thùng rác','2022-09-10 03:28:38','2022-09-10 03:29:43'),(1140,0,'vi','core/media/media','empty_trash_description','Hành động này không thể khôi phục. Bạn có chắc chắn muốn dọn sạch thùng rác?','2022-09-10 03:28:38','2022-09-10 03:29:43'),(1141,0,'vi','core/media/media','up_level','Quay lại một cấp','2022-09-10 03:28:38','2022-09-10 03:29:43'),(1142,0,'vi','core/media/media','upload_progress','Tiến trình tải lên','2022-09-10 03:28:38','2022-09-10 03:29:43'),(1143,0,'vi','core/media/media','folder_created','Tạo thư mục thành công!','2022-09-10 03:28:38','2022-09-10 03:29:43'),(1144,0,'vi','core/media/media','gallery','Thư viện tập tin','2022-09-10 03:28:38','2022-09-10 03:29:43'),(1145,0,'vi','core/media/media','trash_error','Có lỗi khi xóa tập tin/thư mục','2022-09-10 03:28:38','2022-09-10 03:29:43'),(1146,0,'vi','core/media/media','trash_success','Xóa tập tin/thư mục thành công!','2022-09-10 03:28:38','2022-09-10 03:29:43'),(1147,0,'vi','core/media/media','restore_error','Có lỗi trong quá trình khôi phục','2022-09-10 03:28:38','2022-09-10 03:29:43'),(1148,0,'vi','core/media/media','restore_success','Khôi phục thành công!','2022-09-10 03:28:38','2022-09-10 03:29:43'),(1149,0,'vi','core/media/media','copy_success','Sao chép thành công!','2022-09-10 03:28:38','2022-09-10 03:29:43'),(1150,0,'vi','core/media/media','delete_success','Xóa thành công!','2022-09-10 03:28:38','2022-09-10 03:29:43'),(1151,0,'vi','core/media/media','favorite_success','Thêm dấu sao thành công!','2022-09-10 03:28:38','2022-09-10 03:29:43'),(1152,0,'vi','core/media/media','remove_favorite_success','Bỏ dấu sao thành công!','2022-09-10 03:28:38','2022-09-10 03:29:43'),(1153,0,'vi','core/media/media','rename_error','Có lỗi trong quá trình đổi tên','2022-09-10 03:28:38','2022-09-10 03:29:43'),(1154,0,'vi','core/media/media','rename_success','Đổi tên thành công!','2022-09-10 03:28:38','2022-09-10 03:29:43'),(1155,0,'vi','core/media/media','invalid_action','Hành động không hợp lệ!','2022-09-10 03:28:38','2022-09-10 03:29:43'),(1156,0,'vi','core/media/media','file_not_exists','Tập tin không tồn tại!','2022-09-10 03:28:38','2022-09-10 03:29:43'),(1157,0,'vi','core/media/media','download_file_error','Có lỗi trong quá trình tải xuống tập tin!','2022-09-10 03:28:38','2022-09-10 03:29:43'),(1158,0,'vi','core/media/media','missing_zip_archive_extension','Hãy bật ZipArchive extension để tải tập tin!','2022-09-10 03:28:38','2022-09-10 03:29:43'),(1159,0,'vi','core/media/media','can_not_download_file','Không thể tải tập tin!','2022-09-10 03:28:38','2022-09-10 03:29:43'),(1160,0,'vi','core/media/media','invalid_request','Yêu cầu không hợp lệ!','2022-09-10 03:28:38','2022-09-10 03:29:43'),(1161,0,'vi','core/media/media','add_success','Thêm thành công!','2022-09-10 03:28:38','2022-09-10 03:29:43'),(1162,0,'vi','core/media/media','file_too_big','Tập tin quá lớn. Giới hạn tải lên là :size bytes','2022-09-10 03:28:38','2022-09-10 03:29:43'),(1163,0,'vi','core/media/media','can_not_detect_file_type','Loại tập tin không hợp lệ hoặc không thể xác định loại tập tin!','2022-09-10 03:28:38','2022-09-10 03:29:43'),(1164,0,'vi','core/media/media','upload_failed','The file is NOT uploaded completely. The server allows max upload file size is :size . Please check your file size OR try to upload again in case of having network errors','2022-09-10 03:28:38','2022-09-10 03:29:43'),(1165,0,'vi','core/media/media','menu_name','Quản lý tập tin','2022-09-10 03:28:38','2022-09-10 03:29:43'),(1166,0,'vi','core/media/media','add','Thêm tập tin','2022-09-10 03:28:38','2022-09-10 03:29:43'),(1167,0,'vi','core/media/media','javascript.name','Tên','2022-09-10 03:28:38','2022-09-10 03:29:43'),(1168,0,'vi','core/media/media','javascript.url','Đường dẫn','2022-09-10 03:28:38','2022-09-10 03:29:43'),(1169,0,'vi','core/media/media','javascript.full_url','Đường dẫn tuyệt đối','2022-09-10 03:28:38','2022-09-10 03:29:43'),(1170,0,'vi','core/media/media','javascript.size','Kích thước','2022-09-10 03:28:38','2022-09-10 03:29:43'),(1171,0,'vi','core/media/media','javascript.mime_type','Loại','2022-09-10 03:28:38','2022-09-10 03:29:43'),(1172,0,'vi','core/media/media','javascript.created_at','Được tải lên lúc','2022-09-10 03:28:38','2022-09-10 03:29:43'),(1173,0,'vi','core/media/media','javascript.updated_at','Được chỉnh sửa lúc','2022-09-10 03:28:38','2022-09-10 03:29:43'),(1174,0,'vi','core/media/media','javascript.nothing_selected','Bạn chưa chọn tập tin nào','2022-09-10 03:28:38','2022-09-10 03:29:43'),(1175,0,'vi','core/media/media','javascript.visit_link','Mở liên kết','2022-09-10 03:28:38','2022-09-10 03:29:43'),(1176,0,'vi','core/media/media','javascript.no_item.all_media.icon','fas fa-cloud-upload-alt','2022-09-10 03:28:38','2022-09-10 03:29:43'),(1177,0,'vi','core/media/media','javascript.no_item.all_media.title','Bạn có thể kéo thả tập tin vào đây để tải lên','2022-09-10 03:28:38','2022-09-10 03:29:43'),(1178,0,'vi','core/media/media','javascript.no_item.all_media.message','Hoặc có thể bấm nút Tải lên ở phía trên','2022-09-10 03:28:38','2022-09-10 03:29:43'),(1179,0,'vi','core/media/media','javascript.no_item.trash.icon','fas fa-trash-alt','2022-09-10 03:28:38','2022-09-10 03:29:43'),(1180,0,'vi','core/media/media','javascript.no_item.trash.title','Hiện tại không có tập tin nào trong thùng rác','2022-09-10 03:28:38','2022-09-10 03:29:43'),(1181,0,'vi','core/media/media','javascript.no_item.trash.message','Xóa tập tin sẽ đem tập tin lưu vào thùng rác. Xóa tập tin trong thùng rác sẽ xóa vĩnh viễn.','2022-09-10 03:28:38','2022-09-10 03:29:43'),(1182,0,'vi','core/media/media','javascript.no_item.favorites.icon','fas fa-star','2022-09-10 03:28:38','2022-09-10 03:29:43'),(1183,0,'vi','core/media/media','javascript.no_item.favorites.title','Bạn chưa đặt tập tin nào vào mục yêu thích','2022-09-10 03:28:38','2022-09-10 03:29:43'),(1184,0,'vi','core/media/media','javascript.no_item.favorites.message','Thêm tập tin vào mục yêu thích để tìm kiếm chúng dễ dàng sau này.','2022-09-10 03:28:38','2022-09-10 03:29:43'),(1185,0,'vi','core/media/media','javascript.no_item.recent.icon','far fa-clock','2022-09-10 03:28:38','2022-09-10 03:29:43'),(1186,0,'vi','core/media/media','javascript.no_item.recent.title','Bạn chưa mở tập tin nào.','2022-09-10 03:28:38','2022-09-10 03:29:43'),(1187,0,'vi','core/media/media','javascript.no_item.recent.message','Mục này hiển thị các tập tin bạn đã xem gần đây.','2022-09-10 03:28:38','2022-09-10 03:29:43'),(1188,0,'vi','core/media/media','javascript.no_item.default.icon','fas fa-sync','2022-09-10 03:28:38','2022-09-10 03:29:43'),(1189,0,'vi','core/media/media','javascript.no_item.default.title','Thư mục trống','2022-09-10 03:28:38','2022-09-10 03:29:43'),(1190,0,'vi','core/media/media','javascript.no_item.default.message','Thư mục này chưa có tập tin nào','2022-09-10 03:28:38','2022-09-10 03:29:43'),(1191,0,'vi','core/media/media','javascript.clipboard.success','Đường dẫn của các tập tin đã được sao chép vào clipboard','2022-09-10 03:28:38','2022-09-10 03:29:43'),(1192,0,'vi','core/media/media','javascript.message.error_header','Lỗi','2022-09-10 03:28:38','2022-09-10 03:29:43'),(1193,0,'vi','core/media/media','javascript.message.success_header','Thành công','2022-09-10 03:28:38','2022-09-10 03:29:43'),(1194,0,'vi','core/media/media','javascript.download.error','Bạn chưa chọn tập tin nào hoặc tập tin này không cho phép tải về','2022-09-10 03:28:38','2022-09-10 03:29:43'),(1195,0,'vi','core/media/media','javascript.actions_list.basic.preview','Xem trước','2022-09-10 03:28:38','2022-09-10 03:29:43'),(1196,0,'vi','core/media/media','javascript.actions_list.file.copy_link','Sao chép đường dẫn','2022-09-10 03:28:38','2022-09-10 03:29:43'),(1197,0,'vi','core/media/media','javascript.actions_list.file.rename','Đổi tên','2022-09-10 03:28:38','2022-09-10 03:29:43'),(1198,0,'vi','core/media/media','javascript.actions_list.file.make_copy','Nhân bản','2022-09-10 03:28:38','2022-09-10 03:29:43'),(1199,0,'vi','core/media/media','javascript.actions_list.user.favorite','Yêu thích','2022-09-10 03:28:38','2022-09-10 03:29:43'),(1200,0,'vi','core/media/media','javascript.actions_list.user.remove_favorite','Xóa khỏi mục yêu thích','2022-09-10 03:28:38','2022-09-10 03:29:43'),(1201,0,'vi','core/media/media','javascript.actions_list.other.download','Tải xuống','2022-09-10 03:28:38','2022-09-10 03:29:43'),(1202,0,'vi','core/media/media','javascript.actions_list.other.trash','Chuyển vào thùng rác','2022-09-10 03:28:38','2022-09-10 03:29:43'),(1203,0,'vi','core/media/media','javascript.actions_list.other.delete','Xóa hoàn toàn','2022-09-10 03:28:38','2022-09-10 03:29:43'),(1204,0,'vi','core/media/media','javascript.actions_list.other.restore','Khôi phục','2022-09-10 03:28:38','2022-09-10 03:29:43'),(1205,0,'vi','core/media/media','empty_trash_success','Dọn sạch thùng rác thành công','2022-09-10 03:28:38','2022-09-10 03:29:43'),(1206,0,'vi','core/media/media','name_invalid','Tên thư mục chứa ký tự không hợp lệ','2022-09-10 03:28:38','2022-09-10 03:29:43'),(1207,0,'vi','core/media/media','path_invalid','Vui lòng cung cấp 1 đường dẫn hợp lệ','2022-09-10 03:28:38','2022-09-10 03:29:43'),(1208,0,'vi','core/media/media','url_invalid','Vui lòng cung cấp 1 đường dẫn hợp lệ','2022-09-10 03:28:38','2022-09-10 03:29:43'),(1209,0,'vi','core/media/media','download_explain','Mỗi URL trên 1 dòng','2022-09-10 03:28:38','2022-09-10 03:29:43'),(1210,0,'vi','core/media/media','download_link','Tải xuống','2022-09-10 03:28:38','2022-09-10 03:29:43'),(1211,0,'vi','core/media/media','downloading','Đang tải xuống','2022-09-10 03:28:38','2022-09-10 03:29:43'),(1212,0,'en','core/setting/setting','title','Settings','2022-09-10 03:28:38','2022-09-10 03:29:43'),(1213,0,'en','core/setting/setting','email_setting_title','Email settings','2022-09-10 03:28:38','2022-09-10 03:29:43'),(1214,0,'en','core/setting/setting','general.theme','Theme','2022-09-10 03:28:38','2022-09-10 03:29:43'),(1215,0,'en','core/setting/setting','general.description','Setting site information','2022-09-10 03:28:38','2022-09-10 03:29:43'),(1216,0,'en','core/setting/setting','general.title','General','2022-09-10 03:28:38','2022-09-10 03:29:43'),(1217,0,'en','core/setting/setting','general.general_block','General Information','2022-09-10 03:28:38','2022-09-10 03:29:43'),(1218,0,'en','core/setting/setting','general.rich_editor','Rich Editor','2022-09-10 03:28:38','2022-09-10 03:29:43'),(1219,0,'en','core/setting/setting','general.site_title','Site title','2022-09-10 03:28:38','2022-09-10 03:29:43'),(1220,0,'en','core/setting/setting','general.admin_email','Admin Email','2022-09-10 03:28:38','2022-09-10 03:29:43'),(1221,0,'en','core/setting/setting','general.seo_block','SEO Configuration','2022-09-10 03:28:38','2022-09-10 03:29:43'),(1222,0,'en','core/setting/setting','general.seo_title','SEO Title','2022-09-10 03:28:38','2022-09-10 03:29:43'),(1223,0,'en','core/setting/setting','general.seo_description','SEO Description','2022-09-10 03:28:38','2022-09-10 03:29:43'),(1224,0,'en','core/setting/setting','general.webmaster_tools_block','Google Webmaster Tools','2022-09-10 03:28:38','2022-09-10 03:29:43'),(1225,0,'en','core/setting/setting','general.google_site_verification','Google site verification','2022-09-10 03:28:38','2022-09-10 03:29:43'),(1226,0,'en','core/setting/setting','general.placeholder.site_title','Site Title (maximum 120 characters)','2022-09-10 03:28:38','2022-09-10 03:29:43'),(1227,0,'en','core/setting/setting','general.placeholder.admin_email','Admin Email','2022-09-10 03:28:38','2022-09-10 03:29:43'),(1228,0,'en','core/setting/setting','general.placeholder.seo_title','SEO Title (maximum 120 characters)','2022-09-10 03:28:38','2022-09-10 03:29:43'),(1229,0,'en','core/setting/setting','general.placeholder.seo_description','SEO Description (maximum 120 characters)','2022-09-10 03:28:38','2022-09-10 03:29:43'),(1230,0,'en','core/setting/setting','general.placeholder.google_analytics','Google Analytics','2022-09-10 03:28:38','2022-09-10 03:29:43'),(1231,0,'en','core/setting/setting','general.placeholder.google_site_verification','Google Site Verification','2022-09-10 03:28:38','2022-09-10 03:29:43'),(1232,0,'en','core/setting/setting','general.cache_admin_menu','Cache admin menu?','2022-09-10 03:28:38','2022-09-10 03:29:43'),(1233,0,'en','core/setting/setting','general.enable_send_error_reporting_via_email','Enable to send error reporting via email?','2022-09-10 03:28:38','2022-09-10 03:29:43'),(1234,0,'en','core/setting/setting','general.time_zone','Timezone','2022-09-10 03:28:38','2022-09-10 03:29:43'),(1235,0,'en','core/setting/setting','general.default_admin_theme','Default admin theme','2022-09-10 03:28:38','2022-09-10 03:29:43'),(1236,0,'en','core/setting/setting','general.enable_change_admin_theme','Enable change admin theme?','2022-09-10 03:28:38','2022-09-10 03:29:43'),(1237,0,'en','core/setting/setting','general.enable','Enable','2022-09-10 03:28:38','2022-09-10 03:29:43'),(1238,0,'en','core/setting/setting','general.disable','Disable','2022-09-10 03:28:38','2022-09-10 03:29:43'),(1239,0,'en','core/setting/setting','general.enable_cache','Enable cache?','2022-09-10 03:28:38','2022-09-10 03:29:43'),(1240,0,'en','core/setting/setting','general.cache_time','Cache time (minutes)','2022-09-10 03:28:38','2022-09-10 03:29:43'),(1241,0,'en','core/setting/setting','general.enable_cache_site_map','Enable cache site map?','2022-09-10 03:28:38','2022-09-10 03:29:43'),(1242,0,'en','core/setting/setting','general.cache_time_site_map','Cache Time Site map (minutes)','2022-09-10 03:28:38','2022-09-10 03:29:43'),(1243,0,'en','core/setting/setting','general.admin_logo','Admin logo','2022-09-10 03:28:38','2022-09-10 03:29:43'),(1244,0,'en','core/setting/setting','general.admin_favicon','Admin favicon','2022-09-10 03:28:38','2022-09-10 03:29:43'),(1245,0,'en','core/setting/setting','general.admin_title','Admin title','2022-09-10 03:28:38','2022-09-10 03:29:43'),(1246,0,'en','core/setting/setting','general.admin_title_placeholder','Title show to tab of browser','2022-09-10 03:28:38','2022-09-10 03:29:43'),(1247,0,'en','core/setting/setting','general.cache_block','Cache','2022-09-10 03:28:38','2022-09-10 03:29:43'),(1248,0,'en','core/setting/setting','general.admin_appearance_title','Admin appearance','2022-09-10 03:28:38','2022-09-10 03:29:43'),(1249,0,'en','core/setting/setting','general.admin_appearance_description','Setting admin appearance such as editor, language...','2022-09-10 03:28:38','2022-09-10 03:29:43'),(1250,0,'en','core/setting/setting','general.seo_block_description','Setting site title, site meta description, site keyword for optimize SEO','2022-09-10 03:28:38','2022-09-10 03:29:43'),(1251,0,'en','core/setting/setting','general.webmaster_tools_description','Google Webmaster Tools (GWT) is free software that helps you manage the technical side of your website','2022-09-10 03:28:38','2022-09-10 03:29:43'),(1252,0,'en','core/setting/setting','general.cache_description','Config cache for system for optimize speed','2022-09-10 03:28:38','2022-09-10 03:29:43'),(1253,0,'en','core/setting/setting','general.yes','Yes','2022-09-10 03:28:38','2022-09-10 03:29:43'),(1254,0,'en','core/setting/setting','general.no','No','2022-09-10 03:28:38','2022-09-10 03:29:43'),(1255,0,'en','core/setting/setting','general.show_on_front','Your homepage displays','2022-09-10 03:28:38','2022-09-10 03:29:43'),(1256,0,'en','core/setting/setting','general.select','— Select —','2022-09-10 03:28:38','2022-09-10 03:29:43'),(1257,0,'en','core/setting/setting','general.show_site_name','Show site name after page title, separate with \"-\"?','2022-09-10 03:28:38','2022-09-10 03:29:43'),(1258,0,'en','core/setting/setting','general.locale','Site language','2022-09-10 03:28:38','2022-09-10 03:29:43'),(1259,0,'en','core/setting/setting','general.locale_direction','Front site language direction','2022-09-10 03:28:38','2022-09-10 03:29:43'),(1260,0,'en','core/setting/setting','general.admin_locale_direction','Admin language direction','2022-09-10 03:28:38','2022-09-10 03:29:43'),(1261,0,'en','core/setting/setting','general.admin_login_screen_backgrounds','Login screen backgrounds (~1366x768)','2022-09-10 03:28:38','2022-09-10 03:29:43'),(1262,0,'en','core/setting/setting','email.subject','Subject','2022-09-10 03:28:38','2022-09-10 03:29:43'),(1263,0,'en','core/setting/setting','email.content','Content','2022-09-10 03:28:38','2022-09-10 03:29:43'),(1264,0,'en','core/setting/setting','email.title','Setting for email template','2022-09-10 03:28:38','2022-09-10 03:29:43'),(1265,0,'en','core/setting/setting','email.description','Email template using HTML & system variables.','2022-09-10 03:28:38','2022-09-10 03:29:43'),(1266,0,'en','core/setting/setting','email.reset_to_default','Reset to default','2022-09-10 03:28:38','2022-09-10 03:29:43'),(1267,0,'en','core/setting/setting','email.back','Back to settings','2022-09-10 03:28:38','2022-09-10 03:29:43'),(1268,0,'en','core/setting/setting','email.reset_success','Reset back to default successfully','2022-09-10 03:28:38','2022-09-10 03:29:43'),(1269,0,'en','core/setting/setting','email.confirm_reset','Confirm reset email template?','2022-09-10 03:28:38','2022-09-10 03:29:43'),(1270,0,'en','core/setting/setting','email.confirm_message','Do you really want to reset this email template to default?','2022-09-10 03:28:38','2022-09-10 03:29:43'),(1271,0,'en','core/setting/setting','email.continue','Continue','2022-09-10 03:28:38','2022-09-10 03:29:43'),(1272,0,'en','core/setting/setting','email.sender_name','Sender name','2022-09-10 03:28:38','2022-09-10 03:29:43'),(1273,0,'en','core/setting/setting','email.sender_name_placeholder','Name','2022-09-10 03:28:38','2022-09-10 03:29:43'),(1274,0,'en','core/setting/setting','email.sender_email','Sender email','2022-09-10 03:28:38','2022-09-10 03:29:43'),(1275,0,'en','core/setting/setting','email.mailer','Mailer','2022-09-10 03:28:38','2022-09-10 03:29:43'),(1276,0,'en','core/setting/setting','email.port','Port','2022-09-10 03:28:38','2022-09-10 03:29:43'),(1277,0,'en','core/setting/setting','email.port_placeholder','Ex: 587','2022-09-10 03:28:38','2022-09-10 03:29:43'),(1278,0,'en','core/setting/setting','email.host','Host','2022-09-10 03:28:38','2022-09-10 03:29:43'),(1279,0,'en','core/setting/setting','email.host_placeholder','Ex: smtp.gmail.com','2022-09-10 03:28:38','2022-09-10 03:29:43'),(1280,0,'en','core/setting/setting','email.username','Username','2022-09-10 03:28:38','2022-09-10 03:29:43'),(1281,0,'en','core/setting/setting','email.username_placeholder','Username to login to mail server','2022-09-10 03:28:38','2022-09-10 03:29:43'),(1282,0,'en','core/setting/setting','email.password','Password','2022-09-10 03:28:38','2022-09-10 03:29:43'),(1283,0,'en','core/setting/setting','email.password_placeholder','Password to login to mail server','2022-09-10 03:28:38','2022-09-10 03:29:43'),(1284,0,'en','core/setting/setting','email.encryption','Encryption','2022-09-10 03:28:38','2022-09-10 03:29:43'),(1285,0,'en','core/setting/setting','email.mail_gun_domain','Domain','2022-09-10 03:28:38','2022-09-10 03:29:43'),(1286,0,'en','core/setting/setting','email.mail_gun_domain_placeholder','Domain','2022-09-10 03:28:38','2022-09-10 03:29:43'),(1287,0,'en','core/setting/setting','email.mail_gun_secret','Secret','2022-09-10 03:28:38','2022-09-10 03:29:43'),(1288,0,'en','core/setting/setting','email.mail_gun_secret_placeholder','Secret','2022-09-10 03:28:38','2022-09-10 03:29:43'),(1289,0,'en','core/setting/setting','email.mail_gun_endpoint','Endpoint','2022-09-10 03:28:38','2022-09-10 03:29:43'),(1290,0,'en','core/setting/setting','email.mail_gun_endpoint_placeholder','Endpoint','2022-09-10 03:28:38','2022-09-10 03:29:43'),(1291,0,'en','core/setting/setting','email.log_channel','Log channel','2022-09-10 03:28:38','2022-09-10 03:29:43'),(1292,0,'en','core/setting/setting','email.sendmail_path','Sendmail Path','2022-09-10 03:28:38','2022-09-10 03:29:43'),(1293,0,'en','core/setting/setting','email.encryption_placeholder','Encryption: ssl or tls','2022-09-10 03:28:38','2022-09-10 03:29:43'),(1294,0,'en','core/setting/setting','email.ses_key','Key','2022-09-10 03:28:38','2022-09-10 03:29:43'),(1295,0,'en','core/setting/setting','email.ses_key_placeholder','Key','2022-09-10 03:28:38','2022-09-10 03:29:43'),(1296,0,'en','core/setting/setting','email.ses_secret','Secret','2022-09-10 03:28:38','2022-09-10 03:29:43'),(1297,0,'en','core/setting/setting','email.ses_secret_placeholder','Secret','2022-09-10 03:28:38','2022-09-10 03:29:43'),(1298,0,'en','core/setting/setting','email.ses_region','Region','2022-09-10 03:28:38','2022-09-10 03:29:43'),(1299,0,'en','core/setting/setting','email.ses_region_placeholder','Region','2022-09-10 03:28:38','2022-09-10 03:29:43'),(1300,0,'en','core/setting/setting','email.postmark_token','Token','2022-09-10 03:28:38','2022-09-10 03:29:43'),(1301,0,'en','core/setting/setting','email.postmark_token_placeholder','Token','2022-09-10 03:28:38','2022-09-10 03:29:43'),(1302,0,'en','core/setting/setting','email.template_title','Email templates','2022-09-10 03:28:38','2022-09-10 03:29:43'),(1303,0,'en','core/setting/setting','email.template_description','Base templates for all emails','2022-09-10 03:28:38','2022-09-10 03:29:43'),(1304,0,'en','core/setting/setting','email.template_header','Email template header','2022-09-10 03:28:38','2022-09-10 03:29:43'),(1305,0,'en','core/setting/setting','email.template_header_description','Template for header of emails','2022-09-10 03:28:38','2022-09-10 03:29:43'),(1306,0,'en','core/setting/setting','email.template_footer','Email template footer','2022-09-10 03:28:38','2022-09-10 03:29:43'),(1307,0,'en','core/setting/setting','email.template_footer_description','Template for footer of emails','2022-09-10 03:28:38','2022-09-10 03:29:43'),(1308,0,'en','core/setting/setting','email.default','Default','2022-09-10 03:28:38','2022-09-10 03:29:43'),(1309,0,'en','core/setting/setting','email.using_queue_to_send_mail','Using queue job to send emails (Must to setup Queue first https://laravel.com/docs/queues#supervisor-configuration)','2022-09-10 03:28:38','2022-09-10 03:29:43'),(1310,0,'en','core/setting/setting','media.title','Media','2022-09-10 03:28:38','2022-09-10 03:29:43'),(1311,0,'en','core/setting/setting','media.driver','Driver','2022-09-10 03:28:38','2022-09-10 03:29:43'),(1312,0,'en','core/setting/setting','media.description','Settings for media','2022-09-10 03:28:38','2022-09-10 03:29:43'),(1313,0,'en','core/setting/setting','media.aws_access_key_id','AWS Access Key ID','2022-09-10 03:28:38','2022-09-10 03:29:43'),(1314,0,'en','core/setting/setting','media.aws_secret_key','AWS Secret Key','2022-09-10 03:28:38','2022-09-10 03:29:43'),(1315,0,'en','core/setting/setting','media.aws_default_region','AWS Default Region','2022-09-10 03:28:38','2022-09-10 03:29:43'),(1316,0,'en','core/setting/setting','media.aws_bucket','AWS Bucket','2022-09-10 03:28:38','2022-09-10 03:29:43'),(1317,0,'en','core/setting/setting','media.aws_url','AWS URL','2022-09-10 03:28:38','2022-09-10 03:29:43'),(1318,0,'en','core/setting/setting','media.aws_endpoint','AWS Endpoint (Optional)','2022-09-10 03:28:38','2022-09-10 03:29:43'),(1319,0,'en','core/setting/setting','media.do_spaces_access_key_id','DO Spaces Access Key ID','2022-09-10 03:28:38','2022-09-10 03:29:43'),(1320,0,'en','core/setting/setting','media.do_spaces_secret_key','DO Spaces Secret Key','2022-09-10 03:28:38','2022-09-10 03:29:43'),(1321,0,'en','core/setting/setting','media.do_spaces_default_region','DO Spaces Default Region','2022-09-10 03:28:38','2022-09-10 03:29:43'),(1322,0,'en','core/setting/setting','media.do_spaces_bucket','DO Spaces Bucket','2022-09-10 03:28:38','2022-09-10 03:29:43'),(1323,0,'en','core/setting/setting','media.do_spaces_endpoint','DO Spaces Endpoint','2022-09-10 03:28:38','2022-09-10 03:29:43'),(1324,0,'en','core/setting/setting','media.do_spaces_cdn_enabled','Is DO Spaces CDN enabled?','2022-09-10 03:28:38','2022-09-10 03:29:43'),(1325,0,'en','core/setting/setting','media.media_do_spaces_cdn_custom_domain','Do Spaces CDN custom domain','2022-09-10 03:28:38','2022-09-10 03:29:43'),(1326,0,'en','core/setting/setting','media.media_do_spaces_cdn_custom_domain_placeholder','https://your-custom-domain.com','2022-09-10 03:28:38','2022-09-10 03:29:43'),(1327,0,'en','core/setting/setting','media.wasabi_access_key_id','Wasabi Access Key ID','2022-09-10 03:28:38','2022-09-10 03:29:43'),(1328,0,'en','core/setting/setting','media.wasabi_secret_key','Wasabi Secret Key','2022-09-10 03:28:38','2022-09-10 03:29:43'),(1329,0,'en','core/setting/setting','media.wasabi_default_region','Wasabi Default Region','2022-09-10 03:28:38','2022-09-10 03:29:43'),(1330,0,'en','core/setting/setting','media.wasabi_bucket','Wasabi Bucket','2022-09-10 03:28:38','2022-09-10 03:29:43'),(1331,0,'en','core/setting/setting','media.wasabi_root','Wasabi Root','2022-09-10 03:28:38','2022-09-10 03:29:43'),(1332,0,'en','core/setting/setting','media.default_placeholder_image','Default placeholder image','2022-09-10 03:28:38','2022-09-10 03:29:43'),(1333,0,'en','core/setting/setting','media.enable_chunk','Enable chunk size upload?','2022-09-10 03:28:38','2022-09-10 03:29:43'),(1334,0,'en','core/setting/setting','media.chunk_size','Chunk size (Bytes)','2022-09-10 03:28:38','2022-09-10 03:29:43'),(1335,0,'en','core/setting/setting','media.chunk_size_placeholder','Default: 1048576 ~ 1MB','2022-09-10 03:28:38','2022-09-10 03:29:43'),(1336,0,'en','core/setting/setting','media.max_file_size','Chunk max file size (MB)','2022-09-10 03:28:38','2022-09-10 03:29:43'),(1337,0,'en','core/setting/setting','media.max_file_size_placeholder','Default: 1048576 ~ 1GB','2022-09-10 03:28:38','2022-09-10 03:29:43'),(1338,0,'en','core/setting/setting','media.enable_watermark','Enable watermark?','2022-09-10 03:28:38','2022-09-10 03:29:43'),(1339,0,'en','core/setting/setting','media.watermark_source','Watermark image','2022-09-10 03:28:38','2022-09-10 03:29:43'),(1340,0,'en','core/setting/setting','media.watermark_size','Size of watermark (%)','2022-09-10 03:28:38','2022-09-10 03:29:43'),(1341,0,'en','core/setting/setting','media.watermark_size_placeholder','Default: 10 (%)','2022-09-10 03:28:38','2022-09-10 03:29:43'),(1342,0,'en','core/setting/setting','media.watermark_opacity','Watermark Opacity (%)','2022-09-10 03:28:38','2022-09-10 03:29:43'),(1343,0,'en','core/setting/setting','media.watermark_opacity_placeholder','Default: 70 (%)','2022-09-10 03:28:38','2022-09-10 03:29:43'),(1344,0,'en','core/setting/setting','media.watermark_position','Watermark position','2022-09-10 03:28:38','2022-09-10 03:29:43'),(1345,0,'en','core/setting/setting','media.watermark_position_x','Watermark position X','2022-09-10 03:28:38','2022-09-10 03:29:43'),(1346,0,'en','core/setting/setting','media.watermark_position_y','Watermark position Y','2022-09-10 03:28:38','2022-09-10 03:29:43'),(1347,0,'en','core/setting/setting','media.watermark_position_top_left','Top left','2022-09-10 03:28:38','2022-09-10 03:29:43'),(1348,0,'en','core/setting/setting','media.watermark_position_top_right','Top right','2022-09-10 03:28:38','2022-09-10 03:29:43'),(1349,0,'en','core/setting/setting','media.watermark_position_bottom_left','Bottom left','2022-09-10 03:28:38','2022-09-10 03:29:43'),(1350,0,'en','core/setting/setting','media.watermark_position_bottom_right','Bottom right','2022-09-10 03:28:38','2022-09-10 03:29:43'),(1351,0,'en','core/setting/setting','media.watermark_position_center','Center','2022-09-10 03:28:38','2022-09-10 03:29:43'),(1352,0,'en','core/setting/setting','media.turn_off_automatic_url_translation_into_latin','Turn off automatic URL translation into Latin?','2022-09-10 03:28:38','2022-09-10 03:29:43'),(1353,0,'en','core/setting/setting','media.bunnycdn_hostname','Hostname','2022-09-10 03:28:38','2022-09-10 03:29:43'),(1354,0,'en','core/setting/setting','media.bunnycdn_zone','Zone Name (The name of your storage zone)','2022-09-10 03:28:38','2022-09-10 03:29:43'),(1355,0,'en','core/setting/setting','media.bunnycdn_key','FTP & API Access Password (The storage zone API Access Password)','2022-09-10 03:28:38','2022-09-10 03:29:43'),(1356,0,'en','core/setting/setting','media.bunnycdn_region','Region (The storage zone region)','2022-09-10 03:28:38','2022-09-10 03:29:43'),(1357,0,'en','core/setting/setting','media.optional','Optional','2022-09-10 03:28:38','2022-09-10 03:29:43'),(1358,0,'en','core/setting/setting','media.sizes','Media thumbnails sizes','2022-09-10 03:28:38','2022-09-10 03:29:43'),(1359,0,'en','core/setting/setting','media.media_sizes_helper','Set width or height to 0 if you just want to crop by width or height. Need to click on \"Generate thumbnails\" to apply changes.','2022-09-10 03:28:38','2022-09-10 03:29:43'),(1360,0,'en','core/setting/setting','media.width','Width','2022-09-10 03:28:38','2022-09-10 03:29:43'),(1361,0,'en','core/setting/setting','media.height','Height','2022-09-10 03:28:38','2022-09-10 03:29:43'),(1362,0,'en','core/setting/setting','media.default_size_value','Default: :size','2022-09-10 03:28:38','2022-09-10 03:29:43'),(1363,0,'en','core/setting/setting','media.all','All','2022-09-10 03:28:38','2022-09-10 03:29:43'),(1364,0,'en','core/setting/setting','media.media_folders_can_add_watermark','Add watermark for images in folders:','2022-09-10 03:28:38','2022-09-10 03:29:43'),(1365,0,'en','core/setting/setting','license.purchase_code','Purchase code','2022-09-10 03:28:38','2022-09-10 03:29:43'),(1366,0,'en','core/setting/setting','license.buyer','Buyer','2022-09-10 03:28:38','2022-09-10 03:29:43'),(1367,0,'en','core/setting/setting','field_type_not_exists','This field type does not exist','2022-09-10 03:28:38','2022-09-10 03:29:43'),(1368,0,'en','core/setting/setting','save_settings','Save settings','2022-09-10 03:28:38','2022-09-10 03:29:43'),(1369,0,'en','core/setting/setting','template','Template','2022-09-10 03:28:38','2022-09-10 03:29:43'),(1370,0,'en','core/setting/setting','description','Description','2022-09-10 03:28:38','2022-09-10 03:29:43'),(1371,0,'en','core/setting/setting','enable','Enable','2022-09-10 03:28:38','2022-09-10 03:29:43'),(1372,0,'en','core/setting/setting','send','Send','2022-09-10 03:28:38','2022-09-10 03:29:43'),(1373,0,'en','core/setting/setting','test_email_description','To send test email, please make sure you are updated configuration to send mail!','2022-09-10 03:28:38','2022-09-10 03:29:43'),(1374,0,'en','core/setting/setting','test_email_input_placeholder','Enter the email which you want to send test email.','2022-09-10 03:28:38','2022-09-10 03:29:43'),(1375,0,'en','core/setting/setting','test_email_modal_title','Send a test email','2022-09-10 03:28:38','2022-09-10 03:29:43'),(1376,0,'en','core/setting/setting','test_send_mail','Send test mail','2022-09-10 03:28:38','2022-09-10 03:29:43'),(1377,0,'en','core/setting/setting','test_email_send_success','Send email successfully!','2022-09-10 03:28:38','2022-09-10 03:29:43'),(1378,0,'en','core/setting/setting','locale_direction_ltr','Left to Right','2022-09-10 03:28:38','2022-09-10 03:29:43'),(1379,0,'en','core/setting/setting','locale_direction_rtl','Right to Left','2022-09-10 03:28:38','2022-09-10 03:29:43'),(1380,0,'en','core/setting/setting','saving','Saving...','2022-09-10 03:28:38','2022-09-10 03:29:43'),(1381,0,'en','core/setting/setting','emails_warning','You can add up to :count emails','2022-09-10 03:28:38','2022-09-10 03:29:43'),(1382,0,'en','core/setting/setting','email_add_more','Add more','2022-09-10 03:28:38','2022-09-10 03:29:43'),(1383,0,'en','core/setting/setting','generate','Generate','2022-09-10 03:28:38','2022-09-10 03:29:43'),(1384,0,'en','core/setting/setting','generate_thumbnails','Generate thumbnails','2022-09-10 03:28:38','2022-09-10 03:29:43'),(1385,0,'en','core/setting/setting','generate_thumbnails_success','Generate thumbnails successfully. :count files are generated!','2022-09-10 03:28:38','2022-09-10 03:29:43'),(1386,0,'en','core/setting/setting','generate_thumbnails_error','We are unable to regenerate thumbnail for these files :count files!','2022-09-10 03:28:38','2022-09-10 03:29:43'),(1387,0,'en','core/setting/setting','generate_thumbnails_description','Are you sure you want to re-generate thumbnails for all images? It will take time so please DO NOT leave this page, wait until it is finished.','2022-09-10 03:28:38','2022-09-10 03:29:43'),(1388,0,'en','core/setting/setting','enable_chunk_description','Chunk size upload is used to upload large file size.','2022-09-10 03:28:38','2022-09-10 03:29:43'),(1389,0,'en','core/setting/setting','watermark_description','WARNING: Watermark is just added to new uploaded images, it won\'t be added to existing images. Disable watermark won\'t remove watermark from existing images.','2022-09-10 03:28:38','2022-09-10 03:29:43'),(1390,0,'vi','core/setting/setting','title','Cài đặt','2022-09-10 03:28:38','2022-09-10 03:29:43'),(1391,0,'vi','core/setting/setting','general.theme','Giao diện','2022-09-10 03:28:38','2022-09-10 03:29:43'),(1392,0,'vi','core/setting/setting','general.description','Cấu hình những thông tin cài đặt website.','2022-09-10 03:28:38','2022-09-10 03:29:43'),(1393,0,'vi','core/setting/setting','general.title','Thông tin chung','2022-09-10 03:28:38','2022-09-10 03:29:43'),(1394,0,'vi','core/setting/setting','general.general_block','Thông tin chung','2022-09-10 03:28:38','2022-09-10 03:29:43'),(1395,0,'vi','core/setting/setting','general.site_title','Tên trang','2022-09-10 03:28:38','2022-09-10 03:29:43'),(1396,0,'vi','core/setting/setting','general.admin_email','Email quản trị viên','2022-09-10 03:28:38','2022-09-10 03:29:43'),(1397,0,'vi','core/setting/setting','general.seo_block','Cấu hình SEO','2022-09-10 03:28:38','2022-09-10 03:29:43'),(1398,0,'vi','core/setting/setting','general.seo_title','Tiêu đề SEO','2022-09-10 03:28:38','2022-09-10 03:29:43'),(1399,0,'vi','core/setting/setting','general.seo_description','Mô tả SEO','2022-09-10 03:28:38','2022-09-10 03:29:43'),(1400,0,'vi','core/setting/setting','general.webmaster_tools_block','Google Webmaster Tools','2022-09-10 03:28:38','2022-09-10 03:29:43'),(1401,0,'vi','core/setting/setting','general.google_site_verification','Google site verification','2022-09-10 03:28:38','2022-09-10 03:29:43'),(1402,0,'vi','core/setting/setting','general.placeholder.site_title','Tên trang (tối đa 120 kí tự)','2022-09-10 03:28:38','2022-09-10 03:29:43'),(1403,0,'vi','core/setting/setting','general.placeholder.admin_email','Admin Email','2022-09-10 03:28:38','2022-09-10 03:29:43'),(1404,0,'vi','core/setting/setting','general.placeholder.google_analytics','Ví dụ: UA-42767940-2','2022-09-10 03:28:38','2022-09-10 03:29:43'),(1405,0,'vi','core/setting/setting','general.placeholder.google_site_verification','Mã xác nhận trang web dùng cho Google Webmaster Tool','2022-09-10 03:28:38','2022-09-10 03:29:43'),(1406,0,'vi','core/setting/setting','general.placeholder.seo_title','Tiêu đề SEO (tối đa 120 kí tự)','2022-09-10 03:28:38','2022-09-10 03:29:43'),(1407,0,'vi','core/setting/setting','general.placeholder.seo_description','Mô tả SEO (tối đa 120 kí tự)','2022-09-10 03:28:38','2022-09-10 03:29:43'),(1408,0,'vi','core/setting/setting','general.enable_change_admin_theme','Cho phép thay đổi giao diện quản trị?','2022-09-10 03:28:38','2022-09-10 03:29:43'),(1409,0,'vi','core/setting/setting','general.enable','Bật','2022-09-10 03:28:38','2022-09-10 03:29:43'),(1410,0,'vi','core/setting/setting','general.disable','Tắt','2022-09-10 03:28:38','2022-09-10 03:29:43'),(1411,0,'vi','core/setting/setting','general.enable_cache','Bật bộ nhớ đệm?','2022-09-10 03:28:38','2022-09-10 03:29:43'),(1412,0,'vi','core/setting/setting','general.cache_time','Thời gian lưu bộ nhớ đệm (phút)','2022-09-10 03:28:38','2022-09-10 03:29:43'),(1413,0,'vi','core/setting/setting','general.cache_time_site_map','Thời gian lưu sơ đồ trang trong bộ nhớ đệm','2022-09-10 03:28:38','2022-09-10 03:29:43'),(1414,0,'vi','core/setting/setting','general.admin_logo','Logo trang quản trị','2022-09-10 03:28:38','2022-09-10 03:29:43'),(1415,0,'vi','core/setting/setting','general.admin_title','Tiêu đề trang quản trị','2022-09-10 03:28:38','2022-09-10 03:29:43'),(1416,0,'vi','core/setting/setting','general.admin_title_placeholder','Tiêu đề hiển thị trên thẻ trình duyệt','2022-09-10 03:28:38','2022-09-10 03:29:43'),(1417,0,'vi','core/setting/setting','general.rich_editor','Bộ soạn thảo văn bản','2022-09-10 03:28:38','2022-09-10 03:29:43'),(1418,0,'vi','core/setting/setting','general.cache_block','Bộ nhớ đệm','2022-09-10 03:28:38','2022-09-10 03:29:43'),(1419,0,'vi','core/setting/setting','general.yes','Bật','2022-09-10 03:28:38','2022-09-10 03:29:43'),(1420,0,'vi','core/setting/setting','general.no','Tắt','2022-09-10 03:28:38','2022-09-10 03:29:43'),(1421,0,'vi','core/setting/setting','general.locale','Ngôn ngữ','2022-09-10 03:28:38','2022-09-10 03:29:43'),(1422,0,'vi','core/setting/setting','general.admin_appearance_description','Setting admin appearance such as editor, language...','2022-09-10 03:28:38','2022-09-10 03:29:43'),(1423,0,'vi','core/setting/setting','general.admin_appearance_title','Admin appearance','2022-09-10 03:28:38','2022-09-10 03:29:43'),(1424,0,'vi','core/setting/setting','general.admin_login_screen_backgrounds','Login screen backgrounds (~1366x768)','2022-09-10 03:28:38','2022-09-10 03:29:43'),(1425,0,'vi','core/setting/setting','general.admin_favicon','Admin favicon','2022-09-10 03:28:38','2022-09-10 03:29:43'),(1426,0,'vi','core/setting/setting','general.cache_admin_menu','Cache admin menu?','2022-09-10 03:28:38','2022-09-10 03:29:43'),(1427,0,'vi','core/setting/setting','general.cache_description','Config cache for system for optimize speed','2022-09-10 03:28:38','2022-09-10 03:29:43'),(1428,0,'vi','core/setting/setting','general.default_admin_theme','Default admin theme','2022-09-10 03:28:38','2022-09-10 03:29:43'),(1429,0,'vi','core/setting/setting','general.enable_send_error_reporting_via_email','Enable to send error reporting via email?','2022-09-10 03:28:38','2022-09-10 03:29:43'),(1430,0,'vi','core/setting/setting','general.locale_direction','Hướng chữ viết','2022-09-10 03:28:38','2022-09-10 03:29:43'),(1431,0,'vi','core/setting/setting','general.select','-- Lựa chọn --','2022-09-10 03:28:38','2022-09-10 03:29:43'),(1432,0,'vi','core/setting/setting','general.seo_block_description','Setting site title, site meta description, site keyword for optimize SEO','2022-09-10 03:28:38','2022-09-10 03:29:43'),(1433,0,'vi','core/setting/setting','general.show_on_front','Thiết lập trang chủ','2022-09-10 03:28:38','2022-09-10 03:29:43'),(1434,0,'vi','core/setting/setting','general.show_site_name','Hiển thị tên trang web sau tiêu đề trang, tách biệt bằng \"-\"?','2022-09-10 03:28:38','2022-09-10 03:29:43'),(1435,0,'vi','core/setting/setting','general.time_zone','Múi giờ','2022-09-10 03:28:38','2022-09-10 03:29:43'),(1436,0,'vi','core/setting/setting','general.webmaster_tools_description','Công cụ quản trị trang web của Google (GWT) là phần mềm miễn phí giúp bạn quản lý khía cạnh kỹ thuật của trang web của mình','2022-09-10 03:28:38','2022-09-10 03:29:43'),(1437,0,'vi','core/setting/setting','email.subject','Tiêu đề','2022-09-10 03:28:38','2022-09-10 03:29:43'),(1438,0,'vi','core/setting/setting','email.content','Nội dung','2022-09-10 03:28:38','2022-09-10 03:29:43'),(1439,0,'vi','core/setting/setting','email.title','Cấu hình email template','2022-09-10 03:28:38','2022-09-10 03:29:43'),(1440,0,'vi','core/setting/setting','email.description','Cấu trúc file template sử dụng HTML và các biến trong hệ thống.','2022-09-10 03:28:38','2022-09-10 03:29:43'),(1441,0,'vi','core/setting/setting','email.reset_to_default','Khôi phục về mặc định','2022-09-10 03:28:38','2022-09-10 03:29:43'),(1442,0,'vi','core/setting/setting','email.back','Trở lại trang cài đặt','2022-09-10 03:28:38','2022-09-10 03:29:43'),(1443,0,'vi','core/setting/setting','email.reset_success','Khôi phục mặc định thành công','2022-09-10 03:28:38','2022-09-10 03:29:43'),(1444,0,'vi','core/setting/setting','email.confirm_reset','Xác nhận khôi phục mặc định?','2022-09-10 03:28:38','2022-09-10 03:29:43'),(1445,0,'vi','core/setting/setting','email.confirm_message','Bạn có chắc chắn muốn khôi phục về bản mặc định?','2022-09-10 03:28:39','2022-09-10 03:29:43'),(1446,0,'vi','core/setting/setting','email.continue','Tiếp tục','2022-09-10 03:28:39','2022-09-10 03:29:43'),(1447,0,'vi','core/setting/setting','email.sender_name','Tên người gửi','2022-09-10 03:28:39','2022-09-10 03:29:43'),(1448,0,'vi','core/setting/setting','email.sender_name_placeholder','Tên','2022-09-10 03:28:39','2022-09-10 03:29:43'),(1449,0,'vi','core/setting/setting','email.sender_email','Email của người gửi','2022-09-10 03:28:39','2022-09-10 03:29:43'),(1450,0,'vi','core/setting/setting','email.mailer','Loại','2022-09-10 03:28:39','2022-09-10 03:29:43'),(1451,0,'vi','core/setting/setting','email.port','Cổng','2022-09-10 03:28:39','2022-09-10 03:29:43'),(1452,0,'vi','core/setting/setting','email.port_placeholder','Ví dụ: 587','2022-09-10 03:28:39','2022-09-10 03:29:43'),(1453,0,'vi','core/setting/setting','email.host','Máy chủ','2022-09-10 03:28:39','2022-09-10 03:29:43'),(1454,0,'vi','core/setting/setting','email.host_placeholder','Ví dụ: smtp.gmail.com','2022-09-10 03:28:39','2022-09-10 03:29:43'),(1455,0,'vi','core/setting/setting','email.username','Tên đăng nhập','2022-09-10 03:28:39','2022-09-10 03:29:43'),(1456,0,'vi','core/setting/setting','email.username_placeholder','Tên đăng nhập vào máy chủ mail','2022-09-10 03:28:39','2022-09-10 03:29:43'),(1457,0,'vi','core/setting/setting','email.password','Mật khẩu','2022-09-10 03:28:39','2022-09-10 03:29:43'),(1458,0,'vi','core/setting/setting','email.password_placeholder','Mật khẩu đăng nhập vào máy chủ mail','2022-09-10 03:28:39','2022-09-10 03:29:43'),(1459,0,'vi','core/setting/setting','email.encryption','Mã hoá','2022-09-10 03:28:39','2022-09-10 03:29:43'),(1460,0,'vi','core/setting/setting','email.mail_gun_domain','Tên miền','2022-09-10 03:28:39','2022-09-10 03:29:43'),(1461,0,'vi','core/setting/setting','email.mail_gun_domain_placeholder','Tên miền','2022-09-10 03:28:39','2022-09-10 03:29:43'),(1462,0,'vi','core/setting/setting','email.mail_gun_secret','Chuỗi bí mật','2022-09-10 03:28:39','2022-09-10 03:29:43'),(1463,0,'vi','core/setting/setting','email.mail_gun_secret_placeholder','Chuỗi bí mật','2022-09-10 03:28:39','2022-09-10 03:29:43'),(1464,0,'vi','core/setting/setting','email.template_title','Mẫu giao diện email','2022-09-10 03:28:39','2022-09-10 03:29:43'),(1465,0,'vi','core/setting/setting','email.template_description','Giao diện mặc định cho tất cả email','2022-09-10 03:28:39','2022-09-10 03:29:43'),(1466,0,'vi','core/setting/setting','email.template_header','Mẫu cho phần trên của email','2022-09-10 03:28:39','2022-09-10 03:29:43'),(1467,0,'vi','core/setting/setting','email.template_header_description','Phần trên của tất cả email','2022-09-10 03:28:39','2022-09-10 03:29:43'),(1468,0,'vi','core/setting/setting','email.template_footer','Mẫu cho phần dưới của email','2022-09-10 03:28:39','2022-09-10 03:29:43'),(1469,0,'vi','core/setting/setting','email.template_footer_description','Phần dưới của tất cả email','2022-09-10 03:28:39','2022-09-10 03:29:43'),(1470,0,'vi','core/setting/setting','email.default','Mặc định','2022-09-10 03:28:39','2022-09-10 03:29:43'),(1471,0,'vi','core/setting/setting','email.mail_gun_endpoint','Endpoint','2022-09-10 03:28:39','2022-09-10 03:29:43'),(1472,0,'vi','core/setting/setting','email.mail_gun_endpoint_placeholder','Endpoint','2022-09-10 03:28:39','2022-09-10 03:29:43'),(1473,0,'vi','core/setting/setting','email.postmark_token','Token','2022-09-10 03:28:39','2022-09-10 03:29:43'),(1474,0,'vi','core/setting/setting','email.postmark_token_placeholder','Token','2022-09-10 03:28:39','2022-09-10 03:29:43'),(1475,0,'vi','core/setting/setting','email.encryption_placeholder','Kiểu mã hóa: ssl hoặc tls','2022-09-10 03:28:39','2022-09-10 03:29:43'),(1476,0,'vi','core/setting/setting','email.log_channel','Phương thức log','2022-09-10 03:28:39','2022-09-10 03:29:43'),(1477,0,'vi','core/setting/setting','email.sendmail_path','Sendmail Path','2022-09-10 03:28:39','2022-09-10 03:29:43'),(1478,0,'vi','core/setting/setting','email.ses_key','Key','2022-09-10 03:28:39','2022-09-10 03:29:43'),(1479,0,'vi','core/setting/setting','email.ses_key_placeholder','Key','2022-09-10 03:28:39','2022-09-10 03:29:43'),(1480,0,'vi','core/setting/setting','email.ses_region','Region','2022-09-10 03:28:39','2022-09-10 03:29:43'),(1481,0,'vi','core/setting/setting','email.ses_region_placeholder','Region','2022-09-10 03:28:39','2022-09-10 03:29:43'),(1482,0,'vi','core/setting/setting','email.ses_secret','Secret','2022-09-10 03:28:39','2022-09-10 03:29:43'),(1483,0,'vi','core/setting/setting','email.ses_secret_placeholder','Secret','2022-09-10 03:28:39','2022-09-10 03:29:43'),(1484,0,'vi','core/setting/setting','email.using_queue_to_send_mail','Sử dụng job queue để gửi email (Trước tiên phải thiết lập Queue https://laravel.com/docs/queues#supervisor-configuration)','2022-09-10 03:28:39','2022-09-10 03:29:43'),(1485,0,'vi','core/setting/setting','save_settings','Lưu cài đặt','2022-09-10 03:28:39','2022-09-10 03:29:43'),(1486,0,'vi','core/setting/setting','template','Mẫu','2022-09-10 03:28:39','2022-09-10 03:29:43'),(1487,0,'vi','core/setting/setting','description','Mô tả','2022-09-10 03:28:39','2022-09-10 03:29:43'),(1488,0,'vi','core/setting/setting','enable','Bật','2022-09-10 03:28:39','2022-09-10 03:29:43'),(1489,0,'vi','core/setting/setting','test_send_mail','Gửi thử nghiệm','2022-09-10 03:28:39','2022-09-10 03:29:43'),(1490,0,'vi','core/setting/setting','email_setting_title','Cấu hình email','2022-09-10 03:28:39','2022-09-10 03:29:43'),(1491,0,'vi','core/setting/setting','field_type_not_exists','Loại field này không được hỗ trợ','2022-09-10 03:28:39','2022-09-10 03:29:43'),(1492,0,'vi','core/setting/setting','test_email_description','Để gửi email thử nghiệm, hãy đảm bảo rằng bạn đã cập nhật cấu hình để gửi thư!','2022-09-10 03:28:39','2022-09-10 03:29:43'),(1493,0,'vi','core/setting/setting','test_email_input_placeholder','Nhập email mà bạn muốn gửi email thử nghiệm.','2022-09-10 03:28:39','2022-09-10 03:29:43'),(1494,0,'vi','core/setting/setting','test_email_modal_title','Gửi một email thử nghiệm','2022-09-10 03:28:39','2022-09-10 03:29:43'),(1495,0,'vi','core/setting/setting','test_email_send_success','Gửi email thành công!','2022-09-10 03:28:39','2022-09-10 03:29:43'),(1496,0,'vi','core/setting/setting','send','Gửi','2022-09-10 03:28:39','2022-09-10 03:29:43'),(1497,0,'vi','core/setting/setting','license.buyer','Tên đăng nhập','2022-09-10 03:28:39','2022-09-10 03:29:43'),(1498,0,'vi','core/setting/setting','license.purchase_code','Purchase code','2022-09-10 03:28:39','2022-09-10 03:29:43'),(1499,0,'vi','core/setting/setting','locale_direction_ltr','Trái sang phải','2022-09-10 03:28:39','2022-09-10 03:29:43'),(1500,0,'vi','core/setting/setting','locale_direction_rtl','Phải sang trái','2022-09-10 03:28:39','2022-09-10 03:29:43'),(1501,0,'vi','core/setting/setting','media.aws_access_key_id','AWS Access Key ID','2022-09-10 03:28:39','2022-09-10 03:29:43'),(1502,0,'vi','core/setting/setting','media.aws_bucket','AWS Bucket','2022-09-10 03:28:39','2022-09-10 03:29:43'),(1503,0,'vi','core/setting/setting','media.aws_default_region','AWS Default Region','2022-09-10 03:28:39','2022-09-10 03:29:43'),(1504,0,'vi','core/setting/setting','media.aws_url','AWS URL','2022-09-10 03:28:39','2022-09-10 03:29:43'),(1505,0,'vi','core/setting/setting','media.aws_secret_key','AWS Secret Key','2022-09-10 03:28:39','2022-09-10 03:29:43'),(1506,0,'vi','core/setting/setting','media.chunk_size','Chunk size (Bytes)','2022-09-10 03:28:39','2022-09-10 03:29:43'),(1507,0,'vi','core/setting/setting','media.chunk_size_placeholder','Mặc định: 1048576 ~ 1MB','2022-09-10 03:28:39','2022-09-10 03:29:43'),(1508,0,'vi','core/setting/setting','media.do_spaces_access_key_id','DO Spaces Access Key ID','2022-09-10 03:28:39','2022-09-10 03:29:43'),(1509,0,'vi','core/setting/setting','media.description','Cài đặt cho media','2022-09-10 03:28:39','2022-09-10 03:29:43'),(1510,0,'vi','core/setting/setting','media.do_spaces_bucket','DO Spaces Bucket','2022-09-10 03:28:39','2022-09-10 03:29:43'),(1511,0,'vi','core/setting/setting','media.do_spaces_cdn_enabled','Bật DO Spaces CDN?','2022-09-10 03:28:39','2022-09-10 03:29:43'),(1512,0,'vi','core/setting/setting','media.do_spaces_default_region','DO Spaces Default Region','2022-09-10 03:28:39','2022-09-10 03:29:43'),(1513,0,'vi','core/setting/setting','media.do_spaces_endpoint','DO Spaces Endpoint','2022-09-10 03:28:39','2022-09-10 03:29:43'),(1514,0,'vi','core/setting/setting','media.do_spaces_secret_key','DO Spaces Secret Key','2022-09-10 03:28:39','2022-09-10 03:29:43'),(1515,0,'vi','core/setting/setting','media.driver','Driver','2022-09-10 03:28:39','2022-09-10 03:29:43'),(1516,0,'vi','core/setting/setting','media.enable_chunk','Bật chunk size upload?','2022-09-10 03:28:39','2022-09-10 03:29:43'),(1517,0,'vi','core/setting/setting','media.enable_watermark','Bật watermark?','2022-09-10 03:28:39','2022-09-10 03:29:43'),(1518,0,'vi','core/setting/setting','media.max_file_size','Chunk max file size (MB)','2022-09-10 03:28:39','2022-09-10 03:29:43'),(1519,0,'vi','core/setting/setting','media.max_file_size_placeholder','Mặc định: 1048576 ~ 1GB','2022-09-10 03:28:39','2022-09-10 03:29:43'),(1520,0,'vi','core/setting/setting','media.media_do_spaces_cdn_custom_domain','Do Spaces CDN custom domain','2022-09-10 03:28:39','2022-09-10 03:29:43'),(1521,0,'vi','core/setting/setting','media.media_do_spaces_cdn_custom_domain_placeholder','https://ten-mien-cua-ban.com','2022-09-10 03:28:39','2022-09-10 03:29:43'),(1522,0,'vi','core/setting/setting','media.title','Media','2022-09-10 03:28:39','2022-09-10 03:29:43'),(1523,0,'vi','core/setting/setting','media.watermark_opacity','Watermark Opacity (%)','2022-09-10 03:28:39','2022-09-10 03:29:43'),(1524,0,'vi','core/setting/setting','media.watermark_opacity_placeholder','Mặc định: 70 (%)','2022-09-10 03:28:39','2022-09-10 03:29:43'),(1525,0,'vi','core/setting/setting','media.watermark_position','Vị trí watermark','2022-09-10 03:28:39','2022-09-10 03:29:43'),(1526,0,'vi','core/setting/setting','media.watermark_position_bottom_left','Bên trái dưới cùng','2022-09-10 03:28:39','2022-09-10 03:29:43'),(1527,0,'vi','core/setting/setting','media.watermark_position_bottom_right','Bên phải dưới cùng','2022-09-10 03:28:39','2022-09-10 03:29:43'),(1528,0,'vi','core/setting/setting','media.watermark_position_center','Chính giữa','2022-09-10 03:28:39','2022-09-10 03:29:43'),(1529,0,'vi','core/setting/setting','media.watermark_position_top_left','Bên trái trên cùng','2022-09-10 03:28:39','2022-09-10 03:29:43'),(1530,0,'vi','core/setting/setting','media.watermark_position_top_right','Bên phải trên cùng','2022-09-10 03:28:39','2022-09-10 03:29:43'),(1531,0,'vi','core/setting/setting','media.watermark_position_x','Watermark position X','2022-09-10 03:28:39','2022-09-10 03:29:43'),(1532,0,'vi','core/setting/setting','media.watermark_position_y','Watermark position Y','2022-09-10 03:28:39','2022-09-10 03:29:43'),(1533,0,'vi','core/setting/setting','media.watermark_size','Kích thước của watermark (%)','2022-09-10 03:28:39','2022-09-10 03:29:43'),(1534,0,'vi','core/setting/setting','media.watermark_size_placeholder','Mặc định: 10 (%)','2022-09-10 03:28:39','2022-09-10 03:29:43'),(1535,0,'vi','core/setting/setting','media.watermark_source','Hình ảnh watermark','2022-09-10 03:28:39','2022-09-10 03:29:43'),(1536,0,'en','core/table/general','operations','Operations','2022-09-10 03:28:39','2022-09-10 03:29:43'),(1537,0,'en','core/table/general','loading_data','Loading data from server','2022-09-10 03:28:39','2022-09-10 03:29:43'),(1538,0,'en','core/table/general','display','Display','2022-09-10 03:28:39','2022-09-10 03:29:43'),(1539,0,'en','core/table/general','all','All','2022-09-10 03:28:39','2022-09-10 03:29:43'),(1540,0,'en','core/table/general','edit_entry','Edit','2022-09-10 03:28:39','2022-09-10 03:29:43'),(1541,0,'en','core/table/general','delete_entry','Delete','2022-09-10 03:28:39','2022-09-10 03:29:43'),(1542,0,'en','core/table/general','show_from','Showing from','2022-09-10 03:28:39','2022-09-10 03:29:43'),(1543,0,'en','core/table/general','to','to','2022-09-10 03:28:39','2022-09-10 03:29:43'),(1544,0,'en','core/table/general','in','in','2022-09-10 03:28:39','2022-09-10 03:29:43'),(1545,0,'en','core/table/general','records','records','2022-09-10 03:28:39','2022-09-10 03:29:43'),(1546,0,'en','core/table/general','no_data','No data to display','2022-09-10 03:28:39','2022-09-10 03:29:43'),(1547,0,'en','core/table/general','no_record','No record','2022-09-10 03:28:39','2022-09-10 03:29:43'),(1548,0,'en','core/table/general','loading','Loading data from server','2022-09-10 03:28:39','2022-09-10 03:29:43'),(1549,0,'en','core/table/general','confirm_delete','Confirm delete','2022-09-10 03:28:39','2022-09-10 03:29:43'),(1550,0,'en','core/table/general','confirm_delete_msg','Do you really want to delete this record?','2022-09-10 03:28:39','2022-09-10 03:29:43'),(1551,0,'en','core/table/general','cancel','Cancel','2022-09-10 03:28:39','2022-09-10 03:29:43'),(1552,0,'en','core/table/general','delete','Delete','2022-09-10 03:28:39','2022-09-10 03:29:43'),(1553,0,'en','core/table/general','close','Close','2022-09-10 03:28:39','2022-09-10 03:29:43'),(1554,0,'en','core/table/general','contains','Contains','2022-09-10 03:28:39','2022-09-10 03:29:43'),(1555,0,'en','core/table/general','is_equal_to','Is equal to','2022-09-10 03:28:39','2022-09-10 03:29:43'),(1556,0,'en','core/table/general','greater_than','Greater than','2022-09-10 03:28:39','2022-09-10 03:29:43'),(1557,0,'en','core/table/general','less_than','Less than','2022-09-10 03:28:39','2022-09-10 03:29:43'),(1558,0,'en','core/table/general','value','Value','2022-09-10 03:28:39','2022-09-10 03:29:43'),(1559,0,'en','core/table/general','select_field','Select field','2022-09-10 03:28:39','2022-09-10 03:29:43'),(1560,0,'en','core/table/general','reset','Reset','2022-09-10 03:28:39','2022-09-10 03:29:43'),(1561,0,'en','core/table/general','add_additional_filter','Add additional filter','2022-09-10 03:28:39','2022-09-10 03:29:43'),(1562,0,'en','core/table/general','apply','Apply','2022-09-10 03:28:39','2022-09-10 03:29:43'),(1563,0,'en','core/table/general','filters','Filters','2022-09-10 03:28:39','2022-09-10 03:29:43'),(1564,0,'en','core/table/general','bulk_change','Bulk changes','2022-09-10 03:28:39','2022-09-10 03:29:43'),(1565,0,'en','core/table/general','select_option','Select option','2022-09-10 03:28:39','2022-09-10 03:29:43'),(1566,0,'en','core/table/general','bulk_actions','Bulk Actions','2022-09-10 03:28:39','2022-09-10 03:29:43'),(1567,0,'en','core/table/general','save_bulk_change_success','Update data for selected record(s) successfully!','2022-09-10 03:28:39','2022-09-10 03:29:43'),(1568,0,'en','core/table/general','please_select_record','Please select at least one record to perform this action!','2022-09-10 03:28:39','2022-09-10 03:29:43'),(1569,0,'en','core/table/general','filtered','(filtered from _MAX_ total records)','2022-09-10 03:28:39','2022-09-10 03:29:43'),(1570,0,'en','core/table/general','search','Search...','2022-09-10 03:28:39','2022-09-10 03:29:43'),(1571,0,'en','core/table/table','operations','Operations','2022-09-10 03:28:39','2022-09-10 03:29:43'),(1572,0,'en','core/table/table','loading_data','Loading data from server','2022-09-10 03:28:39','2022-09-10 03:29:43'),(1573,0,'en','core/table/table','display','Display','2022-09-10 03:28:39','2022-09-10 03:29:43'),(1574,0,'en','core/table/table','all','All','2022-09-10 03:28:39','2022-09-10 03:29:43'),(1575,0,'en','core/table/table','edit_entry','Edit','2022-09-10 03:28:39','2022-09-10 03:29:43'),(1576,0,'en','core/table/table','delete_entry','Delete','2022-09-10 03:28:39','2022-09-10 03:29:43'),(1577,0,'en','core/table/table','show_from','Showing from','2022-09-10 03:28:39','2022-09-10 03:29:43'),(1578,0,'en','core/table/table','to','to','2022-09-10 03:28:39','2022-09-10 03:29:43'),(1579,0,'en','core/table/table','in','in','2022-09-10 03:28:39','2022-09-10 03:29:43'),(1580,0,'en','core/table/table','records','records','2022-09-10 03:28:40','2022-09-10 03:29:43'),(1581,0,'en','core/table/table','no_data','No data to display','2022-09-10 03:28:40','2022-09-10 03:29:43'),(1582,0,'en','core/table/table','no_record','No record','2022-09-10 03:28:40','2022-09-10 03:29:43'),(1583,0,'en','core/table/table','loading','Loading data from server','2022-09-10 03:28:40','2022-09-10 03:29:43'),(1584,0,'en','core/table/table','confirm_delete','Confirm delete','2022-09-10 03:28:40','2022-09-10 03:29:43'),(1585,0,'en','core/table/table','confirm_delete_msg','Do you really want to delete this record?','2022-09-10 03:28:40','2022-09-10 03:29:43'),(1586,0,'en','core/table/table','cancel','Cancel','2022-09-10 03:28:40','2022-09-10 03:29:43'),(1587,0,'en','core/table/table','delete','Delete','2022-09-10 03:28:40','2022-09-10 03:29:43'),(1588,0,'en','core/table/table','close','Close','2022-09-10 03:28:40','2022-09-10 03:29:43'),(1589,0,'en','core/table/table','contains','Contains','2022-09-10 03:28:40','2022-09-10 03:29:43'),(1590,0,'en','core/table/table','is_equal_to','Is equal to','2022-09-10 03:28:40','2022-09-10 03:29:43'),(1591,0,'en','core/table/table','greater_than','Greater than','2022-09-10 03:28:40','2022-09-10 03:29:43'),(1592,0,'en','core/table/table','less_than','Less than','2022-09-10 03:28:40','2022-09-10 03:29:43'),(1593,0,'en','core/table/table','value','Value','2022-09-10 03:28:40','2022-09-10 03:29:43'),(1594,0,'en','core/table/table','select_field','Select field','2022-09-10 03:28:40','2022-09-10 03:29:43'),(1595,0,'en','core/table/table','reset','Reset','2022-09-10 03:28:40','2022-09-10 03:29:43'),(1596,0,'en','core/table/table','add_additional_filter','Add additional filter','2022-09-10 03:28:40','2022-09-10 03:29:43'),(1597,0,'en','core/table/table','apply','Apply','2022-09-10 03:28:40','2022-09-10 03:29:43'),(1598,0,'en','core/table/table','filters','Filters','2022-09-10 03:28:40','2022-09-10 03:29:43'),(1599,0,'en','core/table/table','bulk_change','Bulk changes','2022-09-10 03:28:40','2022-09-10 03:29:43'),(1600,0,'en','core/table/table','select_option','Select option','2022-09-10 03:28:40','2022-09-10 03:29:43'),(1601,0,'en','core/table/table','bulk_actions','Bulk Actions','2022-09-10 03:28:40','2022-09-10 03:29:43'),(1602,0,'en','core/table/table','save_bulk_change_success','Update data for selected record(s) successfully!','2022-09-10 03:28:40','2022-09-10 03:29:43'),(1603,0,'en','core/table/table','please_select_record','Please select at least one record to perform this action!','2022-09-10 03:28:40','2022-09-10 03:29:43'),(1604,0,'en','core/table/table','filtered','(filtered from _MAX_ total records)','2022-09-10 03:28:40','2022-09-10 03:29:43'),(1605,0,'en','core/table/table','search','Search...','2022-09-10 03:28:40','2022-09-10 03:29:43'),(1606,0,'vi','core/table/general','operations','Hành động','2022-09-10 03:28:40','2022-09-10 03:29:43'),(1607,0,'vi','core/table/general','loading_data','Đang tải dữ liệu từ hệ thống','2022-09-10 03:28:40','2022-09-10 03:29:43'),(1608,0,'vi','core/table/general','display','Hiển thị','2022-09-10 03:28:40','2022-09-10 03:29:43'),(1609,0,'vi','core/table/general','all','Tất cả','2022-09-10 03:28:40','2022-09-10 03:29:43'),(1610,0,'vi','core/table/general','edit_entry','Sửa','2022-09-10 03:28:40','2022-09-10 03:29:43'),(1611,0,'vi','core/table/general','delete_entry','Xoá','2022-09-10 03:28:40','2022-09-10 03:29:43'),(1612,0,'vi','core/table/general','show_from','Hiển thị từ','2022-09-10 03:28:40','2022-09-10 03:29:43'),(1613,0,'vi','core/table/general','to','đến','2022-09-10 03:28:40','2022-09-10 03:29:43'),(1614,0,'vi','core/table/general','in','trong tổng số','2022-09-10 03:28:40','2022-09-10 03:29:43'),(1615,0,'vi','core/table/general','records','bản ghi','2022-09-10 03:28:40','2022-09-10 03:29:43'),(1616,0,'vi','core/table/general','no_data','Không có dữ liệu để hiển thị','2022-09-10 03:28:40','2022-09-10 03:29:43'),(1617,0,'vi','core/table/general','no_record','không có bản ghi nào','2022-09-10 03:28:40','2022-09-10 03:29:43'),(1618,0,'vi','core/table/general','loading','Đang tải dữ liệu từ hệ thống','2022-09-10 03:28:40','2022-09-10 03:29:43'),(1619,0,'vi','core/table/general','confirm_delete','Xác nhận xoá','2022-09-10 03:28:40','2022-09-10 03:29:43'),(1620,0,'vi','core/table/general','confirm_delete_msg','Bạn có chắc chắn muốn xoá bản ghi này?','2022-09-10 03:28:40','2022-09-10 03:29:43'),(1621,0,'vi','core/table/general','cancel','Huỷ bỏ','2022-09-10 03:28:40','2022-09-10 03:29:43'),(1622,0,'vi','core/table/general','delete','Xoá','2022-09-10 03:28:40','2022-09-10 03:29:43'),(1623,0,'vi','core/table/general','close','Đóng','2022-09-10 03:28:40','2022-09-10 03:29:43'),(1624,0,'vi','core/table/general','is_equal_to','Bằng với','2022-09-10 03:28:40','2022-09-10 03:29:43'),(1625,0,'vi','core/table/general','greater_than','Lớn hơn','2022-09-10 03:28:40','2022-09-10 03:29:43'),(1626,0,'vi','core/table/general','less_than','Nhỏ hơn','2022-09-10 03:28:40','2022-09-10 03:29:43'),(1627,0,'vi','core/table/general','value','Giá trị','2022-09-10 03:28:40','2022-09-10 03:29:43'),(1628,0,'vi','core/table/general','select_field','Chọn trường','2022-09-10 03:28:40','2022-09-10 03:29:43'),(1629,0,'vi','core/table/general','reset','Làm mới','2022-09-10 03:28:40','2022-09-10 03:29:43'),(1630,0,'vi','core/table/general','add_additional_filter','Thêm bộ lọc','2022-09-10 03:28:41','2022-09-10 03:29:43'),(1631,0,'vi','core/table/general','apply','Áp dụng','2022-09-10 03:28:41','2022-09-10 03:29:43'),(1632,0,'vi','core/table/general','select_option','Lựa chọn','2022-09-10 03:28:41','2022-09-10 03:29:43'),(1633,0,'vi','core/table/general','filters','Lọc dữ liệu','2022-09-10 03:28:41','2022-09-10 03:29:43'),(1634,0,'vi','core/table/general','bulk_change','Thay đổi hàng loạt','2022-09-10 03:28:41','2022-09-10 03:29:43'),(1635,0,'vi','core/table/general','bulk_actions','Hành động','2022-09-10 03:28:41','2022-09-10 03:29:43'),(1636,0,'vi','core/table/general','contains','Bao gồm','2022-09-10 03:28:41','2022-09-10 03:29:43'),(1637,0,'vi','core/table/general','filtered','(đã được lọc từ _MAX_ bản ghi)','2022-09-10 03:28:41','2022-09-10 03:29:43'),(1638,0,'vi','core/table/table','operations','Hành động','2022-09-10 03:28:41','2022-09-10 03:29:43'),(1639,0,'vi','core/table/table','loading_data','Đang tải dữ liệu từ hệ thống','2022-09-10 03:28:41','2022-09-10 03:29:43'),(1640,0,'vi','core/table/table','display','Hiển thị','2022-09-10 03:28:41','2022-09-10 03:29:43'),(1641,0,'vi','core/table/table','all','Tất cả','2022-09-10 03:28:41','2022-09-10 03:29:43'),(1642,0,'vi','core/table/table','edit_entry','Sửa','2022-09-10 03:28:41','2022-09-10 03:29:43'),(1643,0,'vi','core/table/table','delete_entry','Xoá','2022-09-10 03:28:41','2022-09-10 03:29:43'),(1644,0,'vi','core/table/table','show_from','Hiển thị từ','2022-09-10 03:28:41','2022-09-10 03:29:43'),(1645,0,'vi','core/table/table','to','đến','2022-09-10 03:28:41','2022-09-10 03:29:43'),(1646,0,'vi','core/table/table','in','trong tổng số','2022-09-10 03:28:41','2022-09-10 03:29:43'),(1647,0,'vi','core/table/table','records','bản ghi','2022-09-10 03:28:41','2022-09-10 03:29:43'),(1648,0,'vi','core/table/table','no_data','Không có dữ liệu để hiển thị','2022-09-10 03:28:41','2022-09-10 03:29:43'),(1649,0,'vi','core/table/table','no_record','không có bản ghi nào','2022-09-10 03:28:41','2022-09-10 03:29:43'),(1650,0,'vi','core/table/table','loading','Đang tải dữ liệu từ hệ thống','2022-09-10 03:28:41','2022-09-10 03:29:43'),(1651,0,'vi','core/table/table','confirm_delete','Xác nhận xoá','2022-09-10 03:28:41','2022-09-10 03:29:43'),(1652,0,'vi','core/table/table','confirm_delete_msg','Bạn có chắc chắn muốn xoá bản ghi này?','2022-09-10 03:28:41','2022-09-10 03:29:43'),(1653,0,'vi','core/table/table','cancel','Huỷ bỏ','2022-09-10 03:28:41','2022-09-10 03:29:43'),(1654,0,'vi','core/table/table','delete','Xoá','2022-09-10 03:28:41','2022-09-10 03:29:43'),(1655,0,'vi','core/table/table','close','Đóng','2022-09-10 03:28:41','2022-09-10 03:29:43'),(1656,0,'vi','core/table/table','is_equal_to','Bằng với','2022-09-10 03:28:41','2022-09-10 03:29:43'),(1657,0,'vi','core/table/table','greater_than','Lớn hơn','2022-09-10 03:28:41','2022-09-10 03:29:43'),(1658,0,'vi','core/table/table','less_than','Nhỏ hơn','2022-09-10 03:28:41','2022-09-10 03:29:43'),(1659,0,'vi','core/table/table','value','Giá trị','2022-09-10 03:28:41','2022-09-10 03:29:43'),(1660,0,'vi','core/table/table','select_field','Chọn trường','2022-09-10 03:28:41','2022-09-10 03:29:43'),(1661,0,'vi','core/table/table','reset','Làm mới','2022-09-10 03:28:41','2022-09-10 03:29:43'),(1662,0,'vi','core/table/table','add_additional_filter','Thêm bộ lọc','2022-09-10 03:28:41','2022-09-10 03:29:43'),(1663,0,'vi','core/table/table','apply','Áp dụng','2022-09-10 03:28:41','2022-09-10 03:29:43'),(1664,0,'vi','core/table/table','select_option','Lựa chọn','2022-09-10 03:28:41','2022-09-10 03:29:43'),(1665,0,'vi','core/table/table','filters','Lọc dữ liệu','2022-09-10 03:28:41','2022-09-10 03:29:43'),(1666,0,'vi','core/table/table','bulk_change','Thay đổi hàng loạt','2022-09-10 03:28:41','2022-09-10 03:29:43'),(1667,0,'vi','core/table/table','bulk_actions','Hành động','2022-09-10 03:28:41','2022-09-10 03:29:43'),(1668,0,'vi','core/table/table','contains','Bao gồm','2022-09-10 03:28:41','2022-09-10 03:29:43'),(1669,0,'vi','core/table/table','filtered','(đã được lọc từ _MAX_ bản ghi)','2022-09-10 03:28:41','2022-09-10 03:29:43'),(1670,0,'vi','core/table/table','please_select_record','Vui lòng chọn ít nhất 1 bản ghi để thực hiện hành động này!','2022-09-10 03:28:41','2022-09-10 03:29:43'),(1671,0,'vi','core/table/table','save_bulk_change_success','Cập nhật dữ liệu cho các bản ghi thành công!','2022-09-10 03:28:41','2022-09-10 03:29:43'),(1672,0,'vi','core/table/table','search','Tìm kiếm...','2022-09-10 03:28:41','2022-09-10 03:29:43'),(1673,0,'en','packages/api/api','settings','API Settings','2022-09-10 03:28:41','2022-09-10 03:29:43'),(1674,0,'en','packages/api/api','save_settings','Save settings','2022-09-10 03:28:41','2022-09-10 03:29:43'),(1675,0,'en','packages/api/api','setting_title','API settings','2022-09-10 03:28:41','2022-09-10 03:29:43'),(1676,0,'en','packages/api/api','setting_description','Settings for API','2022-09-10 03:28:41','2022-09-10 03:29:43'),(1677,0,'en','packages/api/api','api_enabled','API enabled?','2022-09-10 03:28:41','2022-09-10 03:29:43'),(1678,0,'en','packages/menu/menu','name','Menus','2022-09-10 03:28:41','2022-09-10 03:29:43'),(1679,0,'en','packages/menu/menu','key_name','Menu name (key: :key)','2022-09-10 03:28:41','2022-09-10 03:29:43'),(1680,0,'en','packages/menu/menu','basic_info','Basic information','2022-09-10 03:28:41','2022-09-10 03:29:43'),(1681,0,'en','packages/menu/menu','add_to_menu','Add to menu','2022-09-10 03:28:41','2022-09-10 03:29:43'),(1682,0,'en','packages/menu/menu','custom_link','Custom link','2022-09-10 03:28:42','2022-09-10 03:29:43'),(1683,0,'en','packages/menu/menu','add_link','Add link','2022-09-10 03:28:42','2022-09-10 03:29:43'),(1684,0,'en','packages/menu/menu','structure','Menu structure','2022-09-10 03:28:42','2022-09-10 03:29:43'),(1685,0,'en','packages/menu/menu','remove','Remove','2022-09-10 03:28:42','2022-09-10 03:29:43'),(1686,0,'en','packages/menu/menu','cancel','Cancel','2022-09-10 03:28:42','2022-09-10 03:29:43'),(1687,0,'en','packages/menu/menu','title','Title','2022-09-10 03:28:42','2022-09-10 03:29:43'),(1688,0,'en','packages/menu/menu','icon','Icon','2022-09-10 03:28:42','2022-09-10 03:29:43'),(1689,0,'en','packages/menu/menu','url','URL','2022-09-10 03:28:42','2022-09-10 03:29:43'),(1690,0,'en','packages/menu/menu','target','Target','2022-09-10 03:28:42','2022-09-10 03:29:43'),(1691,0,'en','packages/menu/menu','css_class','CSS class','2022-09-10 03:28:42','2022-09-10 03:29:43'),(1692,0,'en','packages/menu/menu','self_open_link','Open link directly','2022-09-10 03:28:42','2022-09-10 03:29:43'),(1693,0,'en','packages/menu/menu','blank_open_link','Open link in new tab','2022-09-10 03:28:42','2022-09-10 03:29:43'),(1694,0,'en','packages/menu/menu','create','Create menu','2022-09-10 03:28:42','2022-09-10 03:29:43'),(1695,0,'en','packages/menu/menu','edit','Edit menu','2022-09-10 03:28:42','2022-09-10 03:29:43'),(1696,0,'en','packages/menu/menu','menu_settings','Menu settings','2022-09-10 03:28:42','2022-09-10 03:29:43'),(1697,0,'en','packages/menu/menu','display_location','Display location','2022-09-10 03:28:42','2022-09-10 03:29:43'),(1698,0,'en','packages/menu/menu','title_placeholder','Title','2022-09-10 03:28:42','2022-09-10 03:29:43'),(1699,0,'en','packages/menu/menu','icon_placeholder','Icon','2022-09-10 03:28:42','2022-09-10 03:29:43'),(1700,0,'en','packages/menu/menu','url_placeholder','URL','2022-09-10 03:28:42','2022-09-10 03:29:43'),(1701,0,'en','packages/menu/menu','css_class_placeholder','CSS class','2022-09-10 03:28:42','2022-09-10 03:29:43'),(1702,0,'en','packages/menu/menu','menu_id','Menu ID','2022-09-10 03:28:42','2022-09-10 03:29:43'),(1703,0,'vi','packages/menu/menu','name','Trình đơn','2022-09-10 03:28:42','2022-09-10 03:29:43'),(1704,0,'vi','packages/menu/menu','cancel','Hủy bỏ','2022-09-10 03:28:42','2022-09-10 03:29:43'),(1705,0,'vi','packages/menu/menu','add_link','Thêm liên kết','2022-09-10 03:28:42','2022-09-10 03:29:43'),(1706,0,'vi','packages/menu/menu','add_to_menu','Thêm vào trình đơn','2022-09-10 03:28:42','2022-09-10 03:29:43'),(1707,0,'vi','packages/menu/menu','basic_info','Thông tin cơ bản','2022-09-10 03:28:42','2022-09-10 03:29:43'),(1708,0,'vi','packages/menu/menu','blank_open_link','Mở liên kết trong tab mới','2022-09-10 03:28:42','2022-09-10 03:29:43'),(1709,0,'vi','packages/menu/menu','css_class','CSS class','2022-09-10 03:28:42','2022-09-10 03:29:43'),(1710,0,'vi','packages/menu/menu','custom_link','Liên kết tùy chọn','2022-09-10 03:28:42','2022-09-10 03:29:43'),(1711,0,'vi','packages/menu/menu','icon','Biểu tượng','2022-09-10 03:28:42','2022-09-10 03:29:43'),(1712,0,'vi','packages/menu/menu','key_name','Tên menu (key::key)','2022-09-10 03:28:42','2022-09-10 03:29:43'),(1713,0,'vi','packages/menu/menu','remove','Xóa','2022-09-10 03:28:42','2022-09-10 03:29:43'),(1714,0,'vi','packages/menu/menu','self_open_link','Mở liên kết trong tab hiện tại','2022-09-10 03:28:42','2022-09-10 03:29:43'),(1715,0,'vi','packages/menu/menu','structure','Cấu trúc trình đơn','2022-09-10 03:28:42','2022-09-10 03:29:43'),(1716,0,'vi','packages/menu/menu','target','Target','2022-09-10 03:28:42','2022-09-10 03:29:43'),(1717,0,'vi','packages/menu/menu','title','Tiêu đề','2022-09-10 03:28:42','2022-09-10 03:29:43'),(1718,0,'vi','packages/menu/menu','url','URL','2022-09-10 03:28:42','2022-09-10 03:29:43'),(1719,0,'vi','packages/menu/menu','create','Tạo trình đơn','2022-09-10 03:28:42','2022-09-10 03:29:43'),(1720,0,'vi','packages/menu/menu','edit','Sửa trình đơn','2022-09-10 03:28:42','2022-09-10 03:29:43'),(1721,0,'vi','packages/menu/menu','display_location','Vị trí hiển thị','2022-09-10 03:28:42','2022-09-10 03:29:43'),(1722,0,'vi','packages/menu/menu','menu_settings','Cấu hình menu','2022-09-10 03:28:42','2022-09-10 03:29:43'),(1723,0,'en','packages/optimize/optimize','settings.title','Optimize page speed','2022-09-10 03:28:42','2022-09-10 03:29:43'),(1724,0,'en','packages/optimize/optimize','settings.description','Minify HTML output, inline CSS, remove comments...','2022-09-10 03:28:42','2022-09-10 03:29:43'),(1725,0,'en','packages/optimize/optimize','settings.enable','Enable optimize page speed?','2022-09-10 03:28:42','2022-09-10 03:29:43'),(1726,0,'en','packages/optimize/optimize','collapse_white_space','Collapse white space','2022-09-10 03:28:42','2022-09-10 03:29:43'),(1727,0,'en','packages/optimize/optimize','collapse_white_space_description','This filter reduces bytes transmitted in an HTML file by removing unnecessary whitespace.','2022-09-10 03:28:42','2022-09-10 03:29:43'),(1728,0,'en','packages/optimize/optimize','elide_attributes','Elide attributes','2022-09-10 03:28:42','2022-09-10 03:29:43'),(1729,0,'en','packages/optimize/optimize','elide_attributes_description','This filter reduces the transfer size of HTML files by removing attributes from tags when the specified value is equal to the default value for that attribute. This can save a modest number of bytes, and may make the document more compressible by canonicalizing the affected tags.','2022-09-10 03:28:42','2022-09-10 03:29:43'),(1730,0,'en','packages/optimize/optimize','inline_css','Inline CSS','2022-09-10 03:28:42','2022-09-10 03:29:43'),(1731,0,'en','packages/optimize/optimize','inline_css_description','This filter transforms the inline \"style\" attribute of tags into classes by moving the CSS to the header.','2022-09-10 03:28:42','2022-09-10 03:29:43'),(1732,0,'en','packages/optimize/optimize','insert_dns_prefetch','Insert DNS prefetch','2022-09-10 03:28:42','2022-09-10 03:29:43'),(1733,0,'en','packages/optimize/optimize','insert_dns_prefetch_description','This filter injects tags in the HEAD to enable the browser to do DNS prefetching.','2022-09-10 03:28:42','2022-09-10 03:29:43'),(1734,0,'en','packages/optimize/optimize','remove_comments','Remove comments','2022-09-10 03:28:42','2022-09-10 03:29:43'),(1735,0,'en','packages/optimize/optimize','remove_comments_description','This filter eliminates HTML, JS and CSS comments. The filter reduces the transfer size of HTML files by removing the comments. Depending on the HTML file, this filter can significantly reduce the number of bytes transmitted on the network.','2022-09-10 03:28:42','2022-09-10 03:29:43'),(1736,0,'en','packages/optimize/optimize','trim_urls','Trim URLs','2022-09-10 03:28:42','2022-09-10 03:29:43'),(1737,0,'en','packages/optimize/optimize','trim_urls_description','This filter trims URLs by resolving them by making them relative to the base URL for the page.','2022-09-10 03:28:42','2022-09-10 03:29:43'),(1738,0,'en','packages/optimize/optimize','remove_quotes','Remove quotes','2022-09-10 03:28:42','2022-09-10 03:29:43'),(1739,0,'en','packages/optimize/optimize','remove_quotes_description','This filter eliminates unnecessary quotation marks from HTML attributes. While required by the various HTML specifications, browsers permit their omission when the value of an attribute is composed of a certain subset of characters (alphanumerics and some punctuation characters).','2022-09-10 03:28:42','2022-09-10 03:29:43'),(1740,0,'en','packages/optimize/optimize','defer_javascript','Defer javascript','2022-09-10 03:28:42','2022-09-10 03:29:43'),(1741,0,'en','packages/optimize/optimize','defer_javascript_description','Defers the execution of javascript in the HTML. If necessary cancel deferring in some script, use data-pagespeed-no-defer as script attribute to cancel deferring.','2022-09-10 03:28:42','2022-09-10 03:29:43'),(1742,0,'en','packages/page/pages','create','Create new page','2022-09-10 03:28:42','2022-09-10 03:29:43'),(1743,0,'en','packages/page/pages','edit','Edit page','2022-09-10 03:28:42','2022-09-10 03:29:43'),(1744,0,'en','packages/page/pages','form.name','Name','2022-09-10 03:28:42','2022-09-10 03:29:43'),(1745,0,'en','packages/page/pages','form.name_placeholder','Page\'s name (Maximum 120 characters)','2022-09-10 03:28:42','2022-09-10 03:29:43'),(1746,0,'en','packages/page/pages','form.content','Content','2022-09-10 03:28:42','2022-09-10 03:29:43'),(1747,0,'en','packages/page/pages','form.note','Note content','2022-09-10 03:28:42','2022-09-10 03:29:43'),(1748,0,'en','packages/page/pages','notices.no_select','Please select at least one record to take this action!','2022-09-10 03:28:42','2022-09-10 03:29:43'),(1749,0,'en','packages/page/pages','notices.update_success_message','Update successfully','2022-09-10 03:28:42','2022-09-10 03:29:43'),(1750,0,'en','packages/page/pages','cannot_delete','Page could not be deleted','2022-09-10 03:28:42','2022-09-10 03:29:43'),(1751,0,'en','packages/page/pages','deleted','Page deleted','2022-09-10 03:28:42','2022-09-10 03:29:43'),(1752,0,'en','packages/page/pages','pages','Pages','2022-09-10 03:28:42','2022-09-10 03:29:43'),(1753,0,'en','packages/page/pages','menu','Pages','2022-09-10 03:28:42','2022-09-10 03:29:43'),(1754,0,'en','packages/page/pages','menu_name','Pages','2022-09-10 03:28:42','2022-09-10 03:29:43'),(1755,0,'en','packages/page/pages','edit_this_page','Edit this page','2022-09-10 03:28:42','2022-09-10 03:29:43'),(1756,0,'en','packages/page/pages','total_pages','Total pages','2022-09-10 03:28:42','2022-09-10 03:29:43'),(1757,0,'en','packages/page/pages','settings.show_on_front','Your homepage displays','2022-09-10 03:28:42','2022-09-10 03:29:43'),(1758,0,'en','packages/page/pages','settings.select','— Select —','2022-09-10 03:28:42','2022-09-10 03:29:43'),(1759,0,'en','packages/page/pages','front_page','Front Page','2022-09-10 03:28:42','2022-09-10 03:29:43'),(1760,0,'vi','packages/page/pages','create','Thêm trang','2022-09-10 03:28:42','2022-09-10 03:29:43'),(1761,0,'vi','packages/page/pages','edit','Sửa trang','2022-09-10 03:28:42','2022-09-10 03:29:43'),(1762,0,'vi','packages/page/pages','form.name','Tiêu đề trang','2022-09-10 03:28:42','2022-09-10 03:29:43'),(1763,0,'vi','packages/page/pages','form.note','Nội dung ghi chú','2022-09-10 03:28:42','2022-09-10 03:29:43'),(1764,0,'vi','packages/page/pages','form.name_placeholder','Tên trang (tối đa 120 kí tự)','2022-09-10 03:28:42','2022-09-10 03:29:43'),(1765,0,'vi','packages/page/pages','form.content','Nội dung','2022-09-10 03:28:42','2022-09-10 03:29:43'),(1766,0,'vi','packages/page/pages','notices.no_select','Chọn ít nhất 1 trang để thực hiện hành động này!','2022-09-10 03:28:42','2022-09-10 03:29:43'),(1767,0,'vi','packages/page/pages','notices.update_success_message','Cập nhật thành công','2022-09-10 03:28:42','2022-09-10 03:29:43'),(1768,0,'vi','packages/page/pages','deleted','Xóa trang thành công','2022-09-10 03:28:42','2022-09-10 03:29:43'),(1769,0,'vi','packages/page/pages','cannot_delete','Không thể xóa trang','2022-09-10 03:28:42','2022-09-10 03:29:43'),(1770,0,'vi','packages/page/pages','menu','Trang','2022-09-10 03:28:42','2022-09-10 03:29:43'),(1771,0,'vi','packages/page/pages','menu_name','Trang','2022-09-10 03:28:42','2022-09-10 03:29:43'),(1772,0,'vi','packages/page/pages','edit_this_page','Sửa trang này','2022-09-10 03:28:42','2022-09-10 03:29:43'),(1773,0,'vi','packages/page/pages','pages','Trang','2022-09-10 03:28:42','2022-09-10 03:29:43'),(1774,0,'vi','packages/page/pages','front_page','Trang chủ','2022-09-10 03:28:42','2022-09-10 03:29:43'),(1775,0,'vi','packages/page/pages','settings.select','-- Lựa chọn --','2022-09-10 03:28:42','2022-09-10 03:29:43'),(1776,0,'vi','packages/page/pages','settings.show_on_front','Lựa chọn trang chủ','2022-09-10 03:28:42','2022-09-10 03:29:43'),(1777,0,'vi','packages/page/pages','total_pages','Tổng số trang','2022-09-10 03:28:42','2022-09-10 03:29:43'),(1778,0,'en','packages/plugin-management/plugin','enabled','Enabled','2022-09-10 03:28:42','2022-09-10 03:29:43'),(1779,0,'en','packages/plugin-management/plugin','deactivated','Deactivated','2022-09-10 03:28:42','2022-09-10 03:29:43'),(1780,0,'en','packages/plugin-management/plugin','activated','Activated','2022-09-10 03:28:42','2022-09-10 03:29:43'),(1781,0,'en','packages/plugin-management/plugin','activate','Activate','2022-09-10 03:28:42','2022-09-10 03:29:43'),(1782,0,'en','packages/plugin-management/plugin','deactivate','Deactivate','2022-09-10 03:28:42','2022-09-10 03:29:43'),(1783,0,'en','packages/plugin-management/plugin','author','By','2022-09-10 03:28:42','2022-09-10 03:29:43'),(1784,0,'en','packages/plugin-management/plugin','update_plugin_status_success','Update plugin successfully','2022-09-10 03:28:42','2022-09-10 03:29:43'),(1785,0,'en','packages/plugin-management/plugin','plugins','Plugins','2022-09-10 03:28:42','2022-09-10 03:29:43'),(1786,0,'en','packages/plugin-management/plugin','missing_required_plugins','Please activate plugin(s): :plugins before activate this plugin!','2022-09-10 03:28:42','2022-09-10 03:29:43'),(1787,0,'en','packages/plugin-management/plugin','remove','Remove','2022-09-10 03:28:42','2022-09-10 03:29:43'),(1788,0,'en','packages/plugin-management/plugin','remove_plugin_success','Remove plugin successfully!','2022-09-10 03:28:42','2022-09-10 03:29:43'),(1789,0,'en','packages/plugin-management/plugin','remove_plugin','Remove plugin','2022-09-10 03:28:42','2022-09-10 03:29:43'),(1790,0,'en','packages/plugin-management/plugin','remove_plugin_confirm_message','Do you really want to remove this plugin?','2022-09-10 03:28:42','2022-09-10 03:29:43'),(1791,0,'en','packages/plugin-management/plugin','remove_plugin_confirm_yes','Yes, remove it!','2022-09-10 03:28:42','2022-09-10 03:29:43'),(1792,0,'en','packages/plugin-management/plugin','total_plugins','Total plugins','2022-09-10 03:28:42','2022-09-10 03:29:43'),(1793,0,'en','packages/plugin-management/plugin','invalid_plugin','This plugin is not a valid plugin, please check it again!','2022-09-10 03:28:42','2022-09-10 03:29:43'),(1794,0,'en','packages/plugin-management/plugin','version','Version','2022-09-10 03:28:42','2022-09-10 03:29:43'),(1795,0,'en','packages/plugin-management/plugin','invalid_json','Invalid plugin.json!','2022-09-10 03:28:42','2022-09-10 03:29:43'),(1796,0,'en','packages/plugin-management/plugin','activate_success','Activate plugin successfully!','2022-09-10 03:28:42','2022-09-10 03:29:43'),(1797,0,'en','packages/plugin-management/plugin','activated_already','This plugin is activated already!','2022-09-10 03:28:42','2022-09-10 03:29:43'),(1798,0,'en','packages/plugin-management/plugin','plugin_not_exist','This plugin is not exists.','2022-09-10 03:28:42','2022-09-10 03:29:43'),(1799,0,'en','packages/plugin-management/plugin','missing_json_file','Missing file plugin.json!','2022-09-10 03:28:42','2022-09-10 03:29:43'),(1800,0,'en','packages/plugin-management/plugin','plugin_invalid','Plugin is valid!','2022-09-10 03:28:42','2022-09-10 03:29:43'),(1801,0,'en','packages/plugin-management/plugin','published_assets_success','Publish assets for plugin :name successfully!','2022-09-10 03:28:42','2022-09-10 03:29:43'),(1802,0,'en','packages/plugin-management/plugin','plugin_removed','Plugin has been removed!','2022-09-10 03:28:42','2022-09-10 03:29:43'),(1803,0,'en','packages/plugin-management/plugin','deactivated_success','Deactivate plugin successfully!','2022-09-10 03:28:42','2022-09-10 03:29:43'),(1804,0,'en','packages/plugin-management/plugin','deactivated_already','This plugin is deactivated already!','2022-09-10 03:28:42','2022-09-10 03:29:43'),(1805,0,'en','packages/plugin-management/plugin','folder_is_not_writeable','Cannot write files! Folder :name is not writable. Please chmod to make it writable!','2022-09-10 03:28:42','2022-09-10 03:29:43'),(1806,0,'en','packages/plugin-management/plugin','plugin_is_not_ready','Plugin :name is not ready to use','2022-09-10 03:28:42','2022-09-10 03:29:43'),(1807,0,'vi','packages/plugin-management/plugin','activate','Kích hoạt','2022-09-10 03:28:42','2022-09-10 03:29:43'),(1808,0,'vi','packages/plugin-management/plugin','author','Tác giả','2022-09-10 03:28:42','2022-09-10 03:29:43'),(1809,0,'vi','packages/plugin-management/plugin','version','Phiên bản','2022-09-10 03:28:42','2022-09-10 03:29:43'),(1810,0,'vi','packages/plugin-management/plugin','activated','Đã kích hoạt','2022-09-10 03:28:42','2022-09-10 03:29:43'),(1811,0,'vi','packages/plugin-management/plugin','deactivate','Hủy kích hoạt','2022-09-10 03:28:42','2022-09-10 03:29:43'),(1812,0,'vi','packages/plugin-management/plugin','deactivated','Đã vô hiệu','2022-09-10 03:28:42','2022-09-10 03:29:43'),(1813,0,'vi','packages/plugin-management/plugin','enabled','Kích hoạt','2022-09-10 03:28:42','2022-09-10 03:29:43'),(1814,0,'vi','packages/plugin-management/plugin','invalid_plugin','Gói mở rộng không hợp lệ','2022-09-10 03:28:42','2022-09-10 03:29:43'),(1815,0,'vi','packages/plugin-management/plugin','update_plugin_status_success','Cập nhật trạng thái gói mở rộng thành công','2022-09-10 03:28:42','2022-09-10 03:29:43'),(1816,0,'vi','packages/plugin-management/plugin','missing_required_plugins','Vui lòng kích hoạt các gói mở rộng :plugins trước khi kích hoạt gói này','2022-09-10 03:28:42','2022-09-10 03:29:43'),(1817,0,'vi','packages/plugin-management/plugin','plugins','Gói mở rộng','2022-09-10 03:28:42','2022-09-10 03:29:43'),(1818,0,'vi','packages/plugin-management/plugin','remove','Xoá','2022-09-10 03:28:42','2022-09-10 03:29:43'),(1819,0,'vi','packages/plugin-management/plugin','remove_plugin_success','Xoá thành công!','2022-09-10 03:28:42','2022-09-10 03:29:43'),(1820,0,'vi','packages/plugin-management/plugin','remove_plugin','Xoá gói mở rộng','2022-09-10 03:28:42','2022-09-10 03:29:43'),(1821,0,'vi','packages/plugin-management/plugin','remove_plugin_confirm_message','Bạn có chắc chắn muốn xoá plugin này?','2022-09-10 03:28:42','2022-09-10 03:29:43'),(1822,0,'vi','packages/plugin-management/plugin','remove_plugin_confirm_yes','Có, xoá!','2022-09-10 03:28:42','2022-09-10 03:29:43'),(1823,0,'vi','packages/plugin-management/plugin','total_plugins','Tất cả plugins','2022-09-10 03:28:42','2022-09-10 03:29:43'),(1824,0,'vi','packages/plugin-management/plugin','activate_success','Kích hoạt thành công!','2022-09-10 03:28:42','2022-09-10 03:29:43'),(1825,0,'vi','packages/plugin-management/plugin','activated_already','Gói mở rộng này đã được kích hoạt rồi!','2022-09-10 03:28:42','2022-09-10 03:29:43'),(1826,0,'vi','packages/plugin-management/plugin','deactivated_already','Gói mở rộng này đã được hủy kích hoạt rồi!','2022-09-10 03:28:42','2022-09-10 03:29:43'),(1827,0,'vi','packages/plugin-management/plugin','deactivated_success','Hủy kích hoạt thành công!','2022-09-10 03:28:42','2022-09-10 03:29:43'),(1828,0,'vi','packages/plugin-management/plugin','invalid_json','Sai cấu hình plugin.json!','2022-09-10 03:28:42','2022-09-10 03:29:43'),(1829,0,'vi','packages/plugin-management/plugin','missing_json_file','Thiếu tập tin cấu hình plugin.json!','2022-09-10 03:28:42','2022-09-10 03:29:43'),(1830,0,'vi','packages/plugin-management/plugin','plugin_invalid','Gói mở rộng không hợp lệ!','2022-09-10 03:28:42','2022-09-10 03:29:43'),(1831,0,'vi','packages/plugin-management/plugin','plugin_not_exist','Gói mở rộng không tồn tại','2022-09-10 03:28:42','2022-09-10 03:29:43'),(1832,0,'vi','packages/plugin-management/plugin','plugin_removed','Gói mở rộng đã bị xóa!','2022-09-10 03:28:42','2022-09-10 03:29:43'),(1833,0,'vi','packages/plugin-management/plugin','published_assets_success','Xuất bản assets cho gói mở rộng thành công!','2022-09-10 03:28:42','2022-09-10 03:29:43'),(1834,0,'en','packages/seo-helper/seo-helper','meta_box_header','Search Engine Optimize','2022-09-10 03:28:42','2022-09-10 03:29:43'),(1835,0,'en','packages/seo-helper/seo-helper','edit_seo_meta','Edit SEO meta','2022-09-10 03:28:42','2022-09-10 03:29:43'),(1836,0,'en','packages/seo-helper/seo-helper','default_description','Setup meta title & description to make your site easy to discovered on search engines such as Google','2022-09-10 03:28:42','2022-09-10 03:29:43'),(1837,0,'en','packages/seo-helper/seo-helper','seo_title','SEO Title','2022-09-10 03:28:42','2022-09-10 03:29:43'),(1838,0,'en','packages/seo-helper/seo-helper','seo_description','SEO description','2022-09-10 03:28:42','2022-09-10 03:29:43'),(1839,0,'vi','packages/seo-helper/seo-helper','meta_box_header','Tối ưu hoá bộ máy tìm kiếm (SEO)','2022-09-10 03:28:42','2022-09-10 03:29:43'),(1840,0,'vi','packages/seo-helper/seo-helper','edit_seo_meta','Chỉnh sửa SEO','2022-09-10 03:28:43','2022-09-10 03:29:43'),(1841,0,'vi','packages/seo-helper/seo-helper','default_description','Thiết lập các thẻ mô tả giúp người dùng dễ dàng tìm thấy trên công cụ tìm kiếm như Google.','2022-09-10 03:28:43','2022-09-10 03:29:43'),(1842,0,'vi','packages/seo-helper/seo-helper','seo_title','Tiêu đề trang','2022-09-10 03:28:43','2022-09-10 03:29:43'),(1843,0,'vi','packages/seo-helper/seo-helper','seo_description','Mô tả trang','2022-09-10 03:28:43','2022-09-10 03:29:43'),(1844,0,'en','packages/slug/slug','permalink_settings','Permalink','2022-09-10 03:28:43','2022-09-10 03:29:43'),(1845,0,'en','packages/slug/slug','settings.title','Permalink settings','2022-09-10 03:28:43','2022-09-10 03:29:43'),(1846,0,'en','packages/slug/slug','settings.description','Manage permalink for all modules.','2022-09-10 03:28:43','2022-09-10 03:29:43'),(1847,0,'en','packages/slug/slug','settings.preview','Preview','2022-09-10 03:28:43','2022-09-10 03:29:43'),(1848,0,'en','packages/slug/slug','settings.turn_off_automatic_url_translation_into_latin','Turn off automatic URL translation into Latin?','2022-09-10 03:28:43','2022-09-10 03:29:43'),(1849,0,'en','packages/slug/slug','preview','Preview','2022-09-10 03:28:43','2022-09-10 03:29:43'),(1850,0,'en','packages/slug/slug','prefix_for','Prefix for :name','2022-09-10 03:28:43','2022-09-10 03:29:43'),(1851,0,'vi','packages/slug/slug','permalink_settings','Liên kết cố định','2022-09-10 03:28:43','2022-09-10 03:29:43'),(1852,0,'vi','packages/slug/slug','preview','Xem trước','2022-09-10 03:28:43','2022-09-10 03:29:43'),(1853,0,'vi','packages/slug/slug','settings.description','Quản lý liên kết cố định cho các module.','2022-09-10 03:28:43','2022-09-10 03:29:43'),(1854,0,'vi','packages/slug/slug','settings.preview','Xem trước','2022-09-10 03:28:43','2022-09-10 03:29:43'),(1855,0,'vi','packages/slug/slug','settings.title','Cài đặt liên kết cố định','2022-09-10 03:28:43','2022-09-10 03:29:43'),(1856,0,'en','packages/theme/theme','name','Themes','2022-09-10 03:28:43','2022-09-10 03:29:43'),(1857,0,'en','packages/theme/theme','theme','Theme','2022-09-10 03:28:43','2022-09-10 03:29:43'),(1858,0,'en','packages/theme/theme','author','Author','2022-09-10 03:28:43','2022-09-10 03:29:43'),(1859,0,'en','packages/theme/theme','version','Version','2022-09-10 03:28:43','2022-09-10 03:29:43'),(1860,0,'en','packages/theme/theme','description','Description','2022-09-10 03:28:43','2022-09-10 03:29:43'),(1861,0,'en','packages/theme/theme','active_success','Activate theme :name successfully!','2022-09-10 03:28:43','2022-09-10 03:29:43'),(1862,0,'en','packages/theme/theme','active','Active','2022-09-10 03:28:43','2022-09-10 03:29:43'),(1863,0,'en','packages/theme/theme','activated','Activated','2022-09-10 03:28:43','2022-09-10 03:29:43'),(1864,0,'en','packages/theme/theme','appearance','Appearance','2022-09-10 03:28:43','2022-09-10 03:29:43'),(1865,0,'en','packages/theme/theme','theme_options','Theme options','2022-09-10 03:28:43','2022-09-10 03:29:43'),(1866,0,'en','packages/theme/theme','save_changes','Save Changes','2022-09-10 03:28:43','2022-09-10 03:29:43'),(1867,0,'en','packages/theme/theme','developer_mode','Developer Mode Enabled','2022-09-10 03:28:43','2022-09-10 03:29:43'),(1868,0,'en','packages/theme/theme','custom_css','Custom CSS','2022-09-10 03:28:43','2022-09-10 03:29:43'),(1869,0,'en','packages/theme/theme','custom_js','Custom JS','2022-09-10 03:28:43','2022-09-10 03:29:43'),(1870,0,'en','packages/theme/theme','custom_header_js','Header JS','2022-09-10 03:28:43','2022-09-10 03:29:43'),(1871,0,'en','packages/theme/theme','custom_header_js_placeholder','JS in header of page, wrap it inside &#x3C;script&#x3E;&#x3C;/script&#x3E;','2022-09-10 03:28:43','2022-09-10 03:29:43'),(1872,0,'en','packages/theme/theme','custom_body_js','Body JS','2022-09-10 03:28:43','2022-09-10 03:29:43'),(1873,0,'en','packages/theme/theme','custom_body_js_placeholder','JS in body of page, wrap it inside &#x3C;script&#x3E;&#x3C;/script&#x3E;','2022-09-10 03:28:43','2022-09-10 03:29:43'),(1874,0,'en','packages/theme/theme','custom_footer_js','Footer JS','2022-09-10 03:28:43','2022-09-10 03:29:43'),(1875,0,'en','packages/theme/theme','custom_footer_js_placeholder','JS in footer of page, wrap it inside &#x3C;script&#x3E;&#x3C;/script&#x3E;','2022-09-10 03:28:43','2022-09-10 03:29:43'),(1876,0,'en','packages/theme/theme','custom_html','Custom HTML','2022-09-10 03:28:43','2022-09-10 03:29:43'),(1877,0,'en','packages/theme/theme','custom_header_html','Header HTML','2022-09-10 03:28:43','2022-09-10 03:29:43'),(1878,0,'en','packages/theme/theme','custom_header_html_placeholder','HTML in header of page, no special tags: script, style, iframe...','2022-09-10 03:28:43','2022-09-10 03:29:43'),(1879,0,'en','packages/theme/theme','custom_body_html','Body HTML','2022-09-10 03:28:43','2022-09-10 03:29:43'),(1880,0,'en','packages/theme/theme','custom_body_html_placeholder','HTML in body of page, no special tags: script, style, iframe...','2022-09-10 03:28:43','2022-09-10 03:29:43'),(1881,0,'en','packages/theme/theme','custom_footer_html','Footer HTML','2022-09-10 03:28:43','2022-09-10 03:29:43'),(1882,0,'en','packages/theme/theme','custom_footer_html_placeholder','HTML in footer of page, no special tags: script, style, iframe...','2022-09-10 03:28:43','2022-09-10 03:29:43'),(1883,0,'en','packages/theme/theme','remove_theme_success','Remove theme successfully!','2022-09-10 03:28:43','2022-09-10 03:29:43'),(1884,0,'en','packages/theme/theme','theme_is_not_existed','This theme is not existed!','2022-09-10 03:28:43','2022-09-10 03:29:43'),(1885,0,'en','packages/theme/theme','remove','Remove','2022-09-10 03:28:43','2022-09-10 03:29:43'),(1886,0,'en','packages/theme/theme','remove_theme','Remove theme','2022-09-10 03:28:43','2022-09-10 03:29:43'),(1887,0,'en','packages/theme/theme','remove_theme_confirm_message','Do you really want to remove this theme?','2022-09-10 03:28:43','2022-09-10 03:29:43'),(1888,0,'en','packages/theme/theme','remove_theme_confirm_yes','Yes, remove it!','2022-09-10 03:28:43','2022-09-10 03:29:43'),(1889,0,'en','packages/theme/theme','total_themes','Total themes','2022-09-10 03:28:43','2022-09-10 03:29:43'),(1890,0,'en','packages/theme/theme','show_admin_bar','Show admin bar (When admin logged in, still show admin bar in website)?','2022-09-10 03:28:43','2022-09-10 03:29:43'),(1891,0,'en','packages/theme/theme','settings.title','Theme','2022-09-10 03:28:43','2022-09-10 03:29:43'),(1892,0,'en','packages/theme/theme','settings.description','Setting for theme','2022-09-10 03:28:43','2022-09-10 03:29:43'),(1893,0,'en','packages/theme/theme','settings.redirect_404_to_homepage','Redirect all not found requests to homepage?','2022-09-10 03:28:43','2022-09-10 03:29:43'),(1894,0,'en','packages/theme/theme','add_new','Add new','2022-09-10 03:28:43','2022-09-10 03:29:43'),(1895,0,'en','packages/theme/theme','theme_activated_already','Theme \":name\" is activated already!','2022-09-10 03:28:43','2022-09-10 03:29:43'),(1896,0,'en','packages/theme/theme','missing_json_file','Missing file theme.json!','2022-09-10 03:28:43','2022-09-10 03:29:43'),(1897,0,'en','packages/theme/theme','theme_invalid','Theme is valid!','2022-09-10 03:28:43','2022-09-10 03:29:43'),(1898,0,'en','packages/theme/theme','published_assets_success','Publish assets for :themes successfully!','2022-09-10 03:28:43','2022-09-10 03:29:43'),(1899,0,'en','packages/theme/theme','cannot_remove_theme','Cannot remove activated theme, please activate another theme before removing \":name\"!','2022-09-10 03:28:43','2022-09-10 03:29:43'),(1900,0,'en','packages/theme/theme','theme_deleted','Theme \":name\" has been destroyed.','2022-09-10 03:28:43','2022-09-10 03:29:43'),(1901,0,'en','packages/theme/theme','removed_assets','Remove assets of a theme :name successfully!','2022-09-10 03:28:43','2022-09-10 03:29:43'),(1902,0,'en','packages/theme/theme','update_custom_css_success','Update custom CSS successfully!','2022-09-10 03:28:43','2022-09-10 03:29:43'),(1903,0,'en','packages/theme/theme','update_custom_js_success','Update custom JS successfully!','2022-09-10 03:28:43','2022-09-10 03:29:43'),(1904,0,'en','packages/theme/theme','update_custom_html_success','Update custom HTML successfully!','2022-09-10 03:28:43','2022-09-10 03:29:43'),(1905,0,'en','packages/theme/theme','go_to_dashboard','Go to dashboard','2022-09-10 03:28:43','2022-09-10 03:29:43'),(1906,0,'en','packages/theme/theme','custom_css_placeholder','Using Ctrl + Space to autocomplete.','2022-09-10 03:28:43','2022-09-10 03:29:43'),(1907,0,'en','packages/theme/theme','theme_option_general','General','2022-09-10 03:28:43','2022-09-10 03:29:43'),(1908,0,'en','packages/theme/theme','theme_option_general_description','General settings','2022-09-10 03:28:43','2022-09-10 03:29:43'),(1909,0,'en','packages/theme/theme','theme_option_seo_open_graph_image','SEO default Open Graph image','2022-09-10 03:28:43','2022-09-10 03:29:43'),(1910,0,'en','packages/theme/theme','theme_option_logo','Logo','2022-09-10 03:28:43','2022-09-10 03:29:43'),(1911,0,'en','packages/theme/theme','theme_option_favicon','Favicon','2022-09-10 03:28:43','2022-09-10 03:29:43'),(1912,0,'en','packages/theme/theme','folder_is_not_writeable','Cannot write files! Folder :name is not writable. Please chmod to make it writable!','2022-09-10 03:28:43','2022-09-10 03:29:43'),(1913,0,'vi','packages/theme/theme','name','Giao diện','2022-09-10 03:28:43','2022-09-10 03:29:43'),(1914,0,'vi','packages/theme/theme','activated','Đã kích hoạt','2022-09-10 03:28:43','2022-09-10 03:29:43'),(1915,0,'vi','packages/theme/theme','active','Kích hoạt','2022-09-10 03:28:43','2022-09-10 03:29:43'),(1916,0,'vi','packages/theme/theme','active_success','Kích hoạt giao diện thành công!','2022-09-10 03:28:43','2022-09-10 03:29:43'),(1917,0,'vi','packages/theme/theme','author','Tác giả','2022-09-10 03:28:43','2022-09-10 03:29:43'),(1918,0,'vi','packages/theme/theme','description','Mô tả','2022-09-10 03:28:43','2022-09-10 03:29:43'),(1919,0,'vi','packages/theme/theme','appearance','Hiển thị','2022-09-10 03:28:43','2022-09-10 03:29:43'),(1920,0,'vi','packages/theme/theme','theme','Giao diện','2022-09-10 03:28:43','2022-09-10 03:29:43'),(1921,0,'vi','packages/theme/theme','theme_options','Tuỳ chọn giao diện','2022-09-10 03:28:43','2022-09-10 03:29:43'),(1922,0,'vi','packages/theme/theme','version','Phiên bản','2022-09-10 03:28:43','2022-09-10 03:29:43'),(1923,0,'vi','packages/theme/theme','save_changes','Lưu thay đổi','2022-09-10 03:28:43','2022-09-10 03:29:43'),(1924,0,'vi','packages/theme/theme','developer_mode','Đang kích hoạt chế độ thử nghiệm','2022-09-10 03:28:43','2022-09-10 03:29:43'),(1925,0,'vi','packages/theme/theme','custom_css','Tuỳ chỉnh CSS','2022-09-10 03:28:43','2022-09-10 03:29:43'),(1926,0,'vi','packages/theme/theme','remove','Xóa','2022-09-10 03:28:43','2022-09-10 03:29:43'),(1927,0,'vi','packages/theme/theme','remove_theme','Xóa giao diện','2022-09-10 03:28:43','2022-09-10 03:29:43'),(1928,0,'vi','packages/theme/theme','remove_theme_confirm_message','Bạn có chắc chắn muốn xóa giao diện này?','2022-09-10 03:28:43','2022-09-10 03:29:43'),(1929,0,'vi','packages/theme/theme','remove_theme_confirm_yes','Vâng, xác nhận xóa!','2022-09-10 03:28:43','2022-09-10 03:29:43'),(1930,0,'vi','packages/theme/theme','remove_theme_success','Xóa giao diện thành công!','2022-09-10 03:28:43','2022-09-10 03:29:43'),(1931,0,'vi','packages/theme/theme','settings.description','Cài đặt giao diện','2022-09-10 03:28:43','2022-09-10 03:29:43'),(1932,0,'vi','packages/theme/theme','settings.title','Giao diện','2022-09-10 03:28:43','2022-09-10 03:29:43'),(1933,0,'vi','packages/theme/theme','show_admin_bar','Hiển thị admin bar (khi admin đã đăng nhập, vẫn hiển thị admin bar trên website)?','2022-09-10 03:28:43','2022-09-10 03:29:43'),(1934,0,'vi','packages/theme/theme','total_themes','Tổng số giao diện','2022-09-10 03:28:43','2022-09-10 03:29:43'),(1935,0,'vi','packages/theme/theme','add_new','Thêm mới','2022-09-10 03:28:43','2022-09-10 03:29:43'),(1936,0,'en','packages/widget/global','name','Widgets','2022-09-10 03:28:43','2022-09-10 03:29:44'),(1937,0,'en','packages/widget/global','create','New widget','2022-09-10 03:28:43','2022-09-10 03:29:44'),(1938,0,'en','packages/widget/global','edit','Edit widget','2022-09-10 03:28:43','2022-09-10 03:29:44'),(1939,0,'en','packages/widget/global','delete','Delete','2022-09-10 03:28:43','2022-09-10 03:29:44'),(1940,0,'en','packages/widget/global','available','Available Widgets','2022-09-10 03:28:43','2022-09-10 03:29:44'),(1941,0,'en','packages/widget/global','instruction','To activate a widget drag it to a sidebar or click on it. To deactivate a widget and delete its settings, drag it back.','2022-09-10 03:28:43','2022-09-10 03:29:44'),(1942,0,'en','packages/widget/global','number_tag_display','Number tags will be display','2022-09-10 03:28:43','2022-09-10 03:29:44'),(1943,0,'en','packages/widget/global','number_post_display','Number posts will be display','2022-09-10 03:28:43','2022-09-10 03:29:44'),(1944,0,'en','packages/widget/global','select_menu','Select Menu','2022-09-10 03:28:43','2022-09-10 03:29:44'),(1945,0,'en','packages/widget/global','widget_text','Text','2022-09-10 03:28:43','2022-09-10 03:29:44'),(1946,0,'en','packages/widget/global','widget_text_description','Arbitrary text or HTML.','2022-09-10 03:28:43','2022-09-10 03:29:44'),(1947,0,'en','packages/widget/global','widget_recent_post','Recent Posts','2022-09-10 03:28:43','2022-09-10 03:29:44'),(1948,0,'en','packages/widget/global','widget_recent_post_description','Recent posts widget.','2022-09-10 03:28:43','2022-09-10 03:29:44'),(1949,0,'en','packages/widget/global','widget_custom_menu','Custom Menu','2022-09-10 03:28:43','2022-09-10 03:29:44'),(1950,0,'en','packages/widget/global','widget_custom_menu_description','Add a custom menu to your widget area.','2022-09-10 03:28:43','2022-09-10 03:29:44'),(1951,0,'en','packages/widget/global','widget_tag','Tags','2022-09-10 03:28:43','2022-09-10 03:29:44'),(1952,0,'en','packages/widget/global','widget_tag_description','Popular tags','2022-09-10 03:28:43','2022-09-10 03:29:44'),(1953,0,'en','packages/widget/global','save_success','Save widget successfully!','2022-09-10 03:28:43','2022-09-10 03:29:44'),(1954,0,'en','packages/widget/global','delete_success','Delete widget successfully!','2022-09-10 03:28:43','2022-09-10 03:29:44'),(1955,0,'en','packages/widget/widget','name','Widgets','2022-09-10 03:28:43','2022-09-10 03:29:44'),(1956,0,'en','packages/widget/widget','create','New widget','2022-09-10 03:28:43','2022-09-10 03:29:44'),(1957,0,'en','packages/widget/widget','edit','Edit widget','2022-09-10 03:28:43','2022-09-10 03:29:44'),(1958,0,'en','packages/widget/widget','delete','Delete','2022-09-10 03:28:43','2022-09-10 03:29:44'),(1959,0,'en','packages/widget/widget','available','Available Widgets','2022-09-10 03:28:43','2022-09-10 03:29:44'),(1960,0,'en','packages/widget/widget','instruction','To activate a widget drag it to a sidebar or click on it. To deactivate a widget and delete its settings, drag it back.','2022-09-10 03:28:43','2022-09-10 03:29:44'),(1961,0,'en','packages/widget/widget','number_tag_display','Number tags will be display','2022-09-10 03:28:43','2022-09-10 03:29:44'),(1962,0,'en','packages/widget/widget','number_post_display','Number posts will be display','2022-09-10 03:28:43','2022-09-10 03:29:44'),(1963,0,'en','packages/widget/widget','select_menu','Select Menu','2022-09-10 03:28:43','2022-09-10 03:29:44'),(1964,0,'en','packages/widget/widget','widget_text','Text','2022-09-10 03:28:43','2022-09-10 03:29:44'),(1965,0,'en','packages/widget/widget','widget_text_description','Arbitrary text or HTML.','2022-09-10 03:28:43','2022-09-10 03:29:44'),(1966,0,'en','packages/widget/widget','widget_recent_post','Recent Posts','2022-09-10 03:28:43','2022-09-10 03:29:44'),(1967,0,'en','packages/widget/widget','widget_recent_post_description','Recent posts widget.','2022-09-10 03:28:43','2022-09-10 03:29:44'),(1968,0,'en','packages/widget/widget','widget_custom_menu','Custom Menu','2022-09-10 03:28:43','2022-09-10 03:29:44'),(1969,0,'en','packages/widget/widget','widget_custom_menu_description','Add a custom menu to your widget area.','2022-09-10 03:28:43','2022-09-10 03:29:44'),(1970,0,'en','packages/widget/widget','widget_tag','Tags','2022-09-10 03:28:43','2022-09-10 03:29:44'),(1971,0,'en','packages/widget/widget','widget_tag_description','Popular tags','2022-09-10 03:28:43','2022-09-10 03:29:44'),(1972,0,'en','packages/widget/widget','save_success','Save widget successfully!','2022-09-10 03:28:43','2022-09-10 03:29:44'),(1973,0,'en','packages/widget/widget','delete_success','Delete widget successfully!','2022-09-10 03:28:43','2022-09-10 03:29:44'),(1974,0,'en','packages/widget/widget','primary_sidebar_name','Primary sidebar','2022-09-10 03:28:43','2022-09-10 03:29:44'),(1975,0,'en','packages/widget/widget','primary_sidebar_description','Primary sidebar section','2022-09-10 03:28:43','2022-09-10 03:29:44'),(1976,0,'vi','packages/widget/global','name','Widgets','2022-09-10 03:28:43','2022-09-10 03:29:44'),(1977,0,'vi','packages/widget/global','create','New widget','2022-09-10 03:28:43','2022-09-10 03:29:44'),(1978,0,'vi','packages/widget/global','edit','Edit widget','2022-09-10 03:28:43','2022-09-10 03:29:44'),(1979,0,'vi','packages/widget/global','available','Tiện ích có sẵn','2022-09-10 03:28:43','2022-09-10 03:29:44'),(1980,0,'vi','packages/widget/global','delete','Xóa','2022-09-10 03:28:43','2022-09-10 03:29:44'),(1981,0,'vi','packages/widget/global','instruction','Để kích hoạt tiện ích, hãy kéo nó vào sidebar hoặc nhấn vào nó. Để hủy kích hoạt tiện ích và xóa các thiết lập của tiện ích, kéo nó quay trở lại.','2022-09-10 03:28:43','2022-09-10 03:29:44'),(1982,0,'vi','packages/widget/global','number_post_display','Số bài viết sẽ hiển thị','2022-09-10 03:28:43','2022-09-10 03:29:44'),(1983,0,'vi','packages/widget/global','number_tag_display','Số thẻ sẽ hiển thị','2022-09-10 03:28:43','2022-09-10 03:29:44'),(1984,0,'vi','packages/widget/global','select_menu','Lựa chọn trình đơn','2022-09-10 03:28:43','2022-09-10 03:29:44'),(1985,0,'vi','packages/widget/global','widget_custom_menu','Menu tùy chỉnh','2022-09-10 03:28:43','2022-09-10 03:29:44'),(1986,0,'vi','packages/widget/global','widget_custom_menu_description','Thêm menu tùy chỉnh vào khu vực tiện ích của bạn','2022-09-10 03:28:43','2022-09-10 03:29:44'),(1987,0,'vi','packages/widget/global','widget_recent_post','Bài viết gần đây','2022-09-10 03:28:43','2022-09-10 03:29:44'),(1988,0,'vi','packages/widget/global','widget_recent_post_description','Tiện ích bài viết gần đây','2022-09-10 03:28:43','2022-09-10 03:29:44'),(1989,0,'vi','packages/widget/global','widget_tag','Thẻ','2022-09-10 03:28:43','2022-09-10 03:29:44'),(1990,0,'vi','packages/widget/global','widget_tag_description','Thẻ phổ biến, sử dụng nhiều','2022-09-10 03:28:43','2022-09-10 03:29:44'),(1991,0,'vi','packages/widget/global','widget_text','Văn bản','2022-09-10 03:28:43','2022-09-10 03:29:44'),(1992,0,'vi','packages/widget/global','widget_text_description','Văn bản tùy ý hoặc HTML.','2022-09-10 03:28:43','2022-09-10 03:29:44'),(1993,0,'vi','packages/widget/global','delete_success','Xoá tiện ích thành công','2022-09-10 03:28:43','2022-09-10 03:29:44'),(1994,0,'vi','packages/widget/global','save_success','Lưu tiện ích thành công!','2022-09-10 03:28:43','2022-09-10 03:29:44'),(1995,0,'vi','packages/widget/widget','name','Widgets','2022-09-10 03:28:44','2022-09-10 03:29:44'),(1996,0,'vi','packages/widget/widget','create','New widget','2022-09-10 03:28:44','2022-09-10 03:29:44'),(1997,0,'vi','packages/widget/widget','edit','Edit widget','2022-09-10 03:28:44','2022-09-10 03:29:44'),(1998,0,'vi','packages/widget/widget','available','Tiện ích có sẵn','2022-09-10 03:28:44','2022-09-10 03:29:44'),(1999,0,'vi','packages/widget/widget','delete','Xóa','2022-09-10 03:28:44','2022-09-10 03:29:44'),(2000,0,'vi','packages/widget/widget','instruction','Để kích hoạt tiện ích, hãy kéo nó vào sidebar hoặc nhấn vào nó. Để hủy kích hoạt tiện ích và xóa các thiết lập của tiện ích, kéo nó quay trở lại.','2022-09-10 03:28:44','2022-09-10 03:29:44'),(2001,0,'vi','packages/widget/widget','number_post_display','Số bài viết sẽ hiển thị','2022-09-10 03:28:44','2022-09-10 03:29:44'),(2002,0,'vi','packages/widget/widget','number_tag_display','Số thẻ sẽ hiển thị','2022-09-10 03:28:44','2022-09-10 03:29:44'),(2003,0,'vi','packages/widget/widget','select_menu','Lựa chọn trình đơn','2022-09-10 03:28:44','2022-09-10 03:29:44'),(2004,0,'vi','packages/widget/widget','widget_custom_menu','Menu tùy chỉnh','2022-09-10 03:28:44','2022-09-10 03:29:44'),(2005,0,'vi','packages/widget/widget','widget_custom_menu_description','Thêm menu tùy chỉnh vào khu vực tiện ích của bạn','2022-09-10 03:28:44','2022-09-10 03:29:44'),(2006,0,'vi','packages/widget/widget','widget_recent_post','Bài viết gần đây','2022-09-10 03:28:44','2022-09-10 03:29:44'),(2007,0,'vi','packages/widget/widget','widget_recent_post_description','Tiện ích bài viết gần đây','2022-09-10 03:28:44','2022-09-10 03:29:44'),(2008,0,'vi','packages/widget/widget','widget_tag','Thẻ','2022-09-10 03:28:44','2022-09-10 03:29:44'),(2009,0,'vi','packages/widget/widget','widget_tag_description','Thẻ phổ biến, sử dụng nhiều','2022-09-10 03:28:44','2022-09-10 03:29:44'),(2010,0,'vi','packages/widget/widget','widget_text','Văn bản','2022-09-10 03:28:44','2022-09-10 03:29:44'),(2011,0,'vi','packages/widget/widget','widget_text_description','Văn bản tùy ý hoặc HTML.','2022-09-10 03:28:44','2022-09-10 03:29:44'),(2012,0,'vi','packages/widget/widget','delete_success','Xoá tiện ích thành công','2022-09-10 03:28:44','2022-09-10 03:29:44'),(2013,0,'vi','packages/widget/widget','save_success','Lưu tiện ích thành công!','2022-09-10 03:28:44','2022-09-10 03:29:44'),(2014,0,'en','plugins/ads/ads','name','Ads','2022-09-10 03:28:44','2022-09-10 03:29:44'),(2015,0,'en','plugins/ads/ads','create','New ads','2022-09-10 03:28:44','2022-09-10 03:29:44'),(2016,0,'en','plugins/ads/ads','edit','Edit ads','2022-09-10 03:28:44','2022-09-10 03:29:44'),(2017,0,'en','plugins/ads/ads','location','Location','2022-09-10 03:28:44','2022-09-10 03:29:44'),(2018,0,'en','plugins/ads/ads','url','URL','2022-09-10 03:28:44','2022-09-10 03:29:44'),(2019,0,'en','plugins/ads/ads','expired_at','Expired at','2022-09-10 03:28:44','2022-09-10 03:29:44'),(2020,0,'en','plugins/ads/ads','key','Key','2022-09-10 03:28:44','2022-09-10 03:29:44'),(2021,0,'en','plugins/ads/ads','shortcode','Shortcode','2022-09-10 03:28:44','2022-09-10 03:29:44'),(2022,0,'en','plugins/ads/ads','clicked','Clicked','2022-09-10 03:28:44','2022-09-10 03:29:44'),(2023,0,'en','plugins/ads/ads','not_set','Not set','2022-09-10 03:28:44','2022-09-10 03:29:44'),(2024,0,'en','plugins/ads/ads','adblock_warning','If you are using Adblock browser extension, you need to disable this extension on your site first. It may block your ads if it is enabled on your site! <br /> Tips: Image name SHOULD NOT contain some ads keywords (ad, promotion...)','2022-09-10 03:28:44','2022-09-10 03:29:44'),(2025,0,'en','plugins/ads/ads','select_ad','Select Ad','2022-09-10 03:28:44','2022-09-10 03:29:44'),(2026,0,'en','plugins/analytics/analytics','sessions','Sessions','2022-09-10 03:28:44','2022-09-10 03:29:44'),(2027,0,'en','plugins/analytics/analytics','visitors','Visitors','2022-09-10 03:28:44','2022-09-10 03:29:44'),(2028,0,'en','plugins/analytics/analytics','pageviews','Pageviews','2022-09-10 03:28:44','2022-09-10 03:29:44'),(2029,0,'en','plugins/analytics/analytics','bounce_rate','Bounce Rate','2022-09-10 03:28:44','2022-09-10 03:29:44'),(2030,0,'en','plugins/analytics/analytics','page_session','Pages/Session','2022-09-10 03:28:44','2022-09-10 03:29:44'),(2031,0,'en','plugins/analytics/analytics','avg_duration','Avg. Duration','2022-09-10 03:28:44','2022-09-10 03:29:44'),(2032,0,'en','plugins/analytics/analytics','percent_new_session','Percent new session','2022-09-10 03:28:44','2022-09-10 03:29:44'),(2033,0,'en','plugins/analytics/analytics','new_users','New visitors','2022-09-10 03:28:44','2022-09-10 03:29:44'),(2034,0,'en','plugins/analytics/analytics','visits','visits','2022-09-10 03:28:44','2022-09-10 03:29:44'),(2035,0,'en','plugins/analytics/analytics','views','views','2022-09-10 03:28:44','2022-09-10 03:29:44'),(2036,0,'en','plugins/analytics/analytics','view_id_not_specified','You must provide a valid view id. The document here: <a href=\"https://docs.botble.com/cms/master/plugin-analytics\" target=\"_blank\">https://docs.botble.com/cms/master/plugin-analytics</a>','2022-09-10 03:28:44','2022-09-10 03:29:44'),(2037,0,'en','plugins/analytics/analytics','credential_is_not_valid','Analytics credentials is not valid. The document here: <a href=\"https://docs.botble.com/cms/master/plugin-analytics\" target=\"_blank\">https://docs.botble.com/cms/master/plugin-analytics</a>','2022-09-10 03:28:44','2022-09-10 03:29:44'),(2038,0,'en','plugins/analytics/analytics','start_date_can_not_before_end_date','Start date :start_date cannot be after end date :end_date','2022-09-10 03:28:44','2022-09-10 03:29:44'),(2039,0,'en','plugins/analytics/analytics','wrong_configuration','To view analytics you\'ll need to get a google analytics client id and add it to your settings. <br /> You also need JSON credential data. <br /> The document here: <a href=\"https://docs.botble.com/cms/master/plugin-analytics\" target=\"_blank\">https://docs.botble.com/cms/master/plugin-analytics</a>','2022-09-10 03:28:44','2022-09-10 03:29:44'),(2040,0,'en','plugins/analytics/analytics','settings.title','Google Analytics','2022-09-10 03:28:44','2022-09-10 03:29:44'),(2041,0,'en','plugins/analytics/analytics','settings.description','Config Credentials for Google Analytics','2022-09-10 03:28:44','2022-09-10 03:29:44'),(2042,0,'en','plugins/analytics/analytics','settings.tracking_code','Tracking ID','2022-09-10 03:28:44','2022-09-10 03:29:44'),(2043,0,'en','plugins/analytics/analytics','settings.tracking_code_placeholder','Example: GA-12586526-8','2022-09-10 03:28:44','2022-09-10 03:29:44'),(2044,0,'en','plugins/analytics/analytics','settings.view_id','View ID','2022-09-10 03:28:44','2022-09-10 03:29:44'),(2045,0,'en','plugins/analytics/analytics','settings.view_id_description','Google Analytics View ID','2022-09-10 03:28:44','2022-09-10 03:29:44'),(2046,0,'en','plugins/analytics/analytics','settings.json_credential','Service Account Credentials','2022-09-10 03:28:44','2022-09-10 03:29:44'),(2047,0,'en','plugins/analytics/analytics','settings.json_credential_description','Service Account Credentials','2022-09-10 03:28:44','2022-09-10 03:29:44'),(2048,0,'en','plugins/analytics/analytics','widget_analytics_page','Top Most Visit Pages','2022-09-10 03:28:44','2022-09-10 03:29:44'),(2049,0,'en','plugins/analytics/analytics','widget_analytics_browser','Top Browsers','2022-09-10 03:28:44','2022-09-10 03:29:44'),(2050,0,'en','plugins/analytics/analytics','widget_analytics_referrer','Top Referrers','2022-09-10 03:28:44','2022-09-10 03:29:44'),(2051,0,'en','plugins/analytics/analytics','widget_analytics_general','Site Analytics','2022-09-10 03:28:44','2022-09-10 03:29:44'),(2052,0,'vi','plugins/analytics/analytics','avg_duration','Trung bình','2022-09-10 03:28:44','2022-09-10 03:29:44'),(2053,0,'vi','plugins/analytics/analytics','bounce_rate','Tỉ lệ thoát','2022-09-10 03:28:44','2022-09-10 03:29:44'),(2054,0,'vi','plugins/analytics/analytics','page_session','Trang/Phiên','2022-09-10 03:28:44','2022-09-10 03:29:44'),(2055,0,'vi','plugins/analytics/analytics','pageviews','Lượt xem','2022-09-10 03:28:44','2022-09-10 03:29:44'),(2056,0,'vi','plugins/analytics/analytics','sessions','Phiên','2022-09-10 03:28:44','2022-09-10 03:29:44'),(2057,0,'vi','plugins/analytics/analytics','views','lượt xem','2022-09-10 03:28:44','2022-09-10 03:29:44'),(2058,0,'vi','plugins/analytics/analytics','visitors','Người truy cập','2022-09-10 03:28:44','2022-09-10 03:29:44'),(2059,0,'vi','plugins/analytics/analytics','visits','lượt ghé thăm','2022-09-10 03:28:44','2022-09-10 03:29:44'),(2060,0,'vi','plugins/analytics/analytics','credential_is_not_valid','Thông tin cài đặt không hợp lệ. Tài liệu hướng dẫn tại đây: <a href=\"https://docs.botble.com/cms/master/plugin-analytics\" target=\"_blank\">https://docs.botble.com/cms/master/plugin-analytics</a>','2022-09-10 03:28:44','2022-09-10 03:29:44'),(2061,0,'vi','plugins/analytics/analytics','new_users','Lượt khách mới','2022-09-10 03:28:44','2022-09-10 03:29:44'),(2062,0,'vi','plugins/analytics/analytics','percent_new_session','Tỉ lệ khách mới','2022-09-10 03:28:44','2022-09-10 03:29:44'),(2063,0,'vi','plugins/analytics/analytics','start_date_can_not_before_end_date','Ngày bắt đầu :start_date không thể sau ngày kết thúc :end_date','2022-09-10 03:28:44','2022-09-10 03:29:44'),(2064,0,'vi','plugins/analytics/analytics','view_id_not_specified','Bạn phải cung cấp View ID hợp lê. Tài liệu hướng dẫn tại đây: <a href=\"https://docs.botble.com/cms/master/plugin-analytics\" target=\"_blank\">https://docs.botble.com/cms/master/plugin-analytics</a>','2022-09-10 03:28:44','2022-09-10 03:29:44'),(2065,0,'vi','plugins/analytics/analytics','wrong_configuration','Để xem dữ liệu thống kê Google Analytics, bạn cần lấy thông tin Client ID và thêm nó vào trong phần cài đặt. Bạn cũng cần thông tin xác thực dạng JSON. Tài liệu hướng dẫn tại đây: <a href=\"https://docs.botble.com/cms/master/plugin-analytics\" target=\"_blank\">https://docs.botble.com/cms/master/plugin-analytics</a>','2022-09-10 03:28:44','2022-09-10 03:29:44'),(2066,0,'vi','plugins/analytics/analytics','settings.title','Google Analytics','2022-09-10 03:28:44','2022-09-10 03:29:44'),(2067,0,'vi','plugins/analytics/analytics','settings.description','Config Credentials for Google Analytics','2022-09-10 03:28:44','2022-09-10 03:29:44'),(2068,0,'vi','plugins/analytics/analytics','settings.tracking_code','Tracking Code','2022-09-10 03:28:44','2022-09-10 03:29:44'),(2069,0,'vi','plugins/analytics/analytics','settings.tracking_code_placeholder','Example: GA-12586526-8','2022-09-10 03:28:44','2022-09-10 03:29:44'),(2070,0,'vi','plugins/analytics/analytics','settings.view_id','View ID','2022-09-10 03:28:44','2022-09-10 03:29:44'),(2071,0,'vi','plugins/analytics/analytics','settings.view_id_description','Google Analytics View ID','2022-09-10 03:28:44','2022-09-10 03:29:44'),(2072,0,'vi','plugins/analytics/analytics','settings.json_credential','Service Account Credentials','2022-09-10 03:28:44','2022-09-10 03:29:44'),(2073,0,'vi','plugins/analytics/analytics','settings.json_credential_description','Service Account Credentials','2022-09-10 03:28:44','2022-09-10 03:29:44'),(2074,0,'vi','plugins/analytics/analytics','widget_analytics_browser','Trình duyệt truy cập nhiều','2022-09-10 03:28:44','2022-09-10 03:29:44'),(2075,0,'vi','plugins/analytics/analytics','widget_analytics_general','Thống kê truy cập','2022-09-10 03:28:44','2022-09-10 03:29:44'),(2076,0,'vi','plugins/analytics/analytics','widget_analytics_page','Trang được xem nhiều nhất','2022-09-10 03:28:44','2022-09-10 03:29:44'),(2077,0,'vi','plugins/analytics/analytics','widget_analytics_referrer','Trang giới thiệu nhiều','2022-09-10 03:28:44','2022-09-10 03:29:44'),(2078,0,'en','plugins/audit-log/history','name','Activities Logs','2022-09-10 03:28:44','2022-09-10 03:29:44'),(2079,0,'en','plugins/audit-log/history','created','created','2022-09-10 03:28:44','2022-09-10 03:29:44'),(2080,0,'en','plugins/audit-log/history','updated','updated','2022-09-10 03:28:44','2022-09-10 03:29:44'),(2081,0,'en','plugins/audit-log/history','deleted','deleted','2022-09-10 03:28:44','2022-09-10 03:29:44'),(2082,0,'en','plugins/audit-log/history','logged in','logged in','2022-09-10 03:28:44','2022-09-10 03:29:44'),(2083,0,'en','plugins/audit-log/history','logged out','logged out','2022-09-10 03:28:44','2022-09-10 03:29:44'),(2084,0,'en','plugins/audit-log/history','changed password','changed password','2022-09-10 03:28:44','2022-09-10 03:29:44'),(2085,0,'en','plugins/audit-log/history','updated profile','updated profile','2022-09-10 03:28:44','2022-09-10 03:29:44'),(2086,0,'en','plugins/audit-log/history','attached','attached','2022-09-10 03:28:44','2022-09-10 03:29:44'),(2087,0,'en','plugins/audit-log/history','shared','shared','2022-09-10 03:28:44','2022-09-10 03:29:44'),(2088,0,'en','plugins/audit-log/history','to the system','to the system','2022-09-10 03:28:44','2022-09-10 03:29:44'),(2089,0,'en','plugins/audit-log/history','of the system','of the system','2022-09-10 03:28:44','2022-09-10 03:29:44'),(2090,0,'en','plugins/audit-log/history','menu','menu','2022-09-10 03:28:44','2022-09-10 03:29:44'),(2091,0,'en','plugins/audit-log/history','post','post','2022-09-10 03:28:44','2022-09-10 03:29:44'),(2092,0,'en','plugins/audit-log/history','page','page','2022-09-10 03:28:44','2022-09-10 03:29:44'),(2093,0,'en','plugins/audit-log/history','category','category','2022-09-10 03:28:44','2022-09-10 03:29:44'),(2094,0,'en','plugins/audit-log/history','tag','tag','2022-09-10 03:28:44','2022-09-10 03:29:44'),(2095,0,'en','plugins/audit-log/history','user','user','2022-09-10 03:28:44','2022-09-10 03:29:44'),(2096,0,'en','plugins/audit-log/history','contact','contact','2022-09-10 03:28:44','2022-09-10 03:29:44'),(2097,0,'en','plugins/audit-log/history','backup','backup','2022-09-10 03:28:44','2022-09-10 03:29:44'),(2098,0,'en','plugins/audit-log/history','custom-field','custom field','2022-09-10 03:28:44','2022-09-10 03:29:44'),(2099,0,'en','plugins/audit-log/history','widget_audit_logs','Activities Logs','2022-09-10 03:28:44','2022-09-10 03:29:44'),(2100,0,'en','plugins/audit-log/history','action','Action','2022-09-10 03:28:44','2022-09-10 03:29:44'),(2101,0,'en','plugins/audit-log/history','user_agent','User Agent','2022-09-10 03:28:44','2022-09-10 03:29:44'),(2102,0,'en','plugins/audit-log/history','system','System','2022-09-10 03:28:44','2022-09-10 03:29:44'),(2103,0,'en','plugins/audit-log/history','delete_all','Delete all records','2022-09-10 03:28:44','2022-09-10 03:29:44'),(2104,0,'vi','plugins/audit-log/history','name','Lịch sử hoạt động','2022-09-10 03:28:44','2022-09-10 03:29:44'),(2105,0,'vi','plugins/audit-log/history','created',' đã tạo','2022-09-10 03:28:44','2022-09-10 03:29:44'),(2106,0,'vi','plugins/audit-log/history','updated',' đã cập nhật','2022-09-10 03:28:44','2022-09-10 03:29:44'),(2107,0,'vi','plugins/audit-log/history','deleted',' đã xóa','2022-09-10 03:28:44','2022-09-10 03:29:44'),(2108,0,'vi','plugins/audit-log/history','attached','đính kèm','2022-09-10 03:28:44','2022-09-10 03:29:44'),(2109,0,'vi','plugins/audit-log/history','backup','sao lưu','2022-09-10 03:28:44','2022-09-10 03:29:44'),(2110,0,'vi','plugins/audit-log/history','category','danh mục','2022-09-10 03:28:44','2022-09-10 03:29:44'),(2111,0,'vi','plugins/audit-log/history','changed password','thay đổi mật khẩu','2022-09-10 03:28:44','2022-09-10 03:29:44'),(2112,0,'vi','plugins/audit-log/history','contact','liên hệ','2022-09-10 03:28:44','2022-09-10 03:29:44'),(2113,0,'vi','plugins/audit-log/history','custom-field','khung mở rộng','2022-09-10 03:28:44','2022-09-10 03:29:44'),(2114,0,'vi','plugins/audit-log/history','logged in','đăng nhập','2022-09-10 03:28:44','2022-09-10 03:29:44'),(2115,0,'vi','plugins/audit-log/history','logged out','đăng xuất','2022-09-10 03:28:44','2022-09-10 03:29:44'),(2116,0,'vi','plugins/audit-log/history','menu','trình đơn','2022-09-10 03:28:44','2022-09-10 03:29:44'),(2117,0,'vi','plugins/audit-log/history','of the system','khỏi hệ thống','2022-09-10 03:28:44','2022-09-10 03:29:44'),(2118,0,'vi','plugins/audit-log/history','page','trang','2022-09-10 03:28:44','2022-09-10 03:29:44'),(2119,0,'vi','plugins/audit-log/history','post','bài viết','2022-09-10 03:28:44','2022-09-10 03:29:44'),(2120,0,'vi','plugins/audit-log/history','shared','đã chia sẻ','2022-09-10 03:28:44','2022-09-10 03:29:44'),(2121,0,'vi','plugins/audit-log/history','tag','thẻ','2022-09-10 03:28:44','2022-09-10 03:29:44'),(2122,0,'vi','plugins/audit-log/history','to the system','vào hệ thống','2022-09-10 03:28:44','2022-09-10 03:29:44'),(2123,0,'vi','plugins/audit-log/history','updated profile','cập nhật tài khoản','2022-09-10 03:28:45','2022-09-10 03:29:44'),(2124,0,'vi','plugins/audit-log/history','user','thành viên','2022-09-10 03:28:45','2022-09-10 03:29:44'),(2125,0,'vi','plugins/audit-log/history','widget_audit_logs','Lịch sử hoạt động','2022-09-10 03:28:45','2022-09-10 03:29:44'),(2126,0,'vi','plugins/audit-log/history','system','Hệ thống','2022-09-10 03:28:45','2022-09-10 03:29:44'),(2127,0,'vi','plugins/audit-log/history','action','Hành động','2022-09-10 03:28:45','2022-09-10 03:29:44'),(2128,0,'vi','plugins/audit-log/history','delete_all','Xóa tất cả bản ghi','2022-09-10 03:28:45','2022-09-10 03:29:44'),(2129,0,'vi','plugins/audit-log/history','user_agent','User Agent','2022-09-10 03:28:45','2022-09-10 03:29:44'),(2130,0,'en','plugins/backup/backup','name','Backup','2022-09-10 03:28:45','2022-09-10 03:29:44'),(2131,0,'en','plugins/backup/backup','backup_description','Backup database and uploads folder.','2022-09-10 03:28:45','2022-09-10 03:29:44'),(2132,0,'en','plugins/backup/backup','create_backup_success','Created backup successfully!','2022-09-10 03:28:45','2022-09-10 03:29:44'),(2133,0,'en','plugins/backup/backup','delete_backup_success','Delete backup successfully!','2022-09-10 03:28:45','2022-09-10 03:29:44'),(2134,0,'en','plugins/backup/backup','restore_backup_success','Restore backup successfully!','2022-09-10 03:28:45','2022-09-10 03:29:44'),(2135,0,'en','plugins/backup/backup','generate_btn','Generate backup','2022-09-10 03:28:45','2022-09-10 03:29:44'),(2136,0,'en','plugins/backup/backup','create','Create a backup','2022-09-10 03:28:45','2022-09-10 03:29:44'),(2137,0,'en','plugins/backup/backup','restore','Restore a backup','2022-09-10 03:28:45','2022-09-10 03:29:44'),(2138,0,'en','plugins/backup/backup','create_btn','Create','2022-09-10 03:28:45','2022-09-10 03:29:44'),(2139,0,'en','plugins/backup/backup','restore_btn','Restore','2022-09-10 03:28:45','2022-09-10 03:29:44'),(2140,0,'en','plugins/backup/backup','restore_confirm_msg','Do you really want to restore this revision?','2022-09-10 03:28:45','2022-09-10 03:29:44'),(2141,0,'en','plugins/backup/backup','download_uploads_folder','Download backup of uploads folder','2022-09-10 03:28:45','2022-09-10 03:29:44'),(2142,0,'en','plugins/backup/backup','download_database','Download backup of database','2022-09-10 03:28:45','2022-09-10 03:29:44'),(2143,0,'en','plugins/backup/backup','restore_tooltip','Restore this backup','2022-09-10 03:28:45','2022-09-10 03:29:44'),(2144,0,'en','plugins/backup/backup','demo_alert','Hi guest, if you see demo site is destroyed, please help me <a href=\":link\">go here</a> and restore demo site to the latest revision! Thank you so much!','2022-09-10 03:28:45','2022-09-10 03:29:44'),(2145,0,'en','plugins/backup/backup','menu_name','Backups','2022-09-10 03:28:45','2022-09-10 03:29:44'),(2146,0,'en','plugins/backup/backup','size','Size','2022-09-10 03:28:45','2022-09-10 03:29:44'),(2147,0,'en','plugins/backup/backup','no_backups','There is no backup now!','2022-09-10 03:28:45','2022-09-10 03:29:44'),(2148,0,'en','plugins/backup/backup','proc_open_disabled_error','Function <strong>proc_open()</strong> has been disabled so the system cannot backup the database. Please contact your hosting provider to enable it.','2022-09-10 03:28:45','2022-09-10 03:29:44'),(2149,0,'en','plugins/backup/backup','database_backup_not_existed','Backup database is not existed!','2022-09-10 03:28:45','2022-09-10 03:29:44'),(2150,0,'en','plugins/backup/backup','uploads_folder_backup_not_existed','Backup uploads folder is not existed!','2022-09-10 03:28:45','2022-09-10 03:29:44'),(2151,0,'en','plugins/backup/backup','important_message1','This is a simple backup feature, it is a solution for you if your site has < 1GB data and can be used for quickly backup your site.','2022-09-10 03:28:45','2022-09-10 03:29:44'),(2152,0,'en','plugins/backup/backup','important_message2','If you have more than 1GB images/files in local storage, you should use backup feature of your hosting or VPS.','2022-09-10 03:28:45','2022-09-10 03:29:44'),(2153,0,'en','plugins/backup/backup','important_message3','To backup your database, function <strong>proc_open()</strong> or <strong>system()</strong> must be enabled. Contact your hosting provider to enable it if it is disabled.','2022-09-10 03:28:45','2022-09-10 03:29:44'),(2154,0,'en','plugins/backup/backup','important_message4','It is not a full backup, it is just back up uploaded files and your database.','2022-09-10 03:28:45','2022-09-10 03:29:44'),(2155,0,'en','plugins/backup/backup','cannot_restore_database','Cannot restore database. The database backup is missing!','2022-09-10 03:28:45','2022-09-10 03:29:44'),(2156,0,'vi','plugins/backup/backup','backup_description','Sao lưu cơ sở dữ liệu và thư mục /uploads','2022-09-10 03:28:45','2022-09-10 03:29:44'),(2157,0,'vi','plugins/backup/backup','create','Tạo bản sao lưu','2022-09-10 03:28:45','2022-09-10 03:29:44'),(2158,0,'vi','plugins/backup/backup','create_backup_success','Tạo bản sao lưu thành công!','2022-09-10 03:28:45','2022-09-10 03:29:44'),(2159,0,'vi','plugins/backup/backup','create_btn','Tạo','2022-09-10 03:28:45','2022-09-10 03:29:44'),(2160,0,'vi','plugins/backup/backup','delete_backup_success','Xóa bản sao lưu thành công!','2022-09-10 03:28:45','2022-09-10 03:29:44'),(2161,0,'vi','plugins/backup/backup','generate_btn','Tạo sao lưu','2022-09-10 03:28:45','2022-09-10 03:29:44'),(2162,0,'vi','plugins/backup/backup','name','Sao lưu','2022-09-10 03:28:45','2022-09-10 03:29:44'),(2163,0,'vi','plugins/backup/backup','restore','Khôi phục bản sao lưu','2022-09-10 03:28:45','2022-09-10 03:29:44'),(2164,0,'vi','plugins/backup/backup','restore_backup_success','Khôi phục bản sao lưu thành công','2022-09-10 03:28:45','2022-09-10 03:29:44'),(2165,0,'vi','plugins/backup/backup','restore_btn','Khôi phục','2022-09-10 03:28:45','2022-09-10 03:29:44'),(2166,0,'vi','plugins/backup/backup','restore_confirm_msg','Bạn có chắc chắn muốn khôi phục hệ thống về thời điểm tạo bản sao lưu này?','2022-09-10 03:28:45','2022-09-10 03:29:44'),(2167,0,'vi','plugins/backup/backup','restore_tooltip','Khôi phục bản sao lưu này','2022-09-10 03:28:45','2022-09-10 03:29:44'),(2168,0,'vi','plugins/backup/backup','download_database','Tải về bản sao lưu CSDL','2022-09-10 03:28:45','2022-09-10 03:29:44'),(2169,0,'vi','plugins/backup/backup','download_uploads_folder','Tải về bản sao lưu thư mục uploads','2022-09-10 03:28:45','2022-09-10 03:29:44'),(2170,0,'vi','plugins/backup/backup','menu_name','Sao lưu','2022-09-10 03:28:45','2022-09-10 03:29:44'),(2171,0,'vi','plugins/backup/backup','demo_alert','Chào khách, nếu bạn thấy trang demo bị phá hoại, hãy tới <a href=\":link\">trang sao lưu</a> và khôi phục bản sao lưu cuối cùng. Cảm ơn bạn nhiều!','2022-09-10 03:28:45','2022-09-10 03:29:44'),(2172,0,'en','plugins/blog/base','menu_name','Blog','2022-09-10 03:28:45','2022-09-10 03:29:44'),(2173,0,'en','plugins/blog/base','blog_page','Blog Page','2022-09-10 03:28:45','2022-09-10 03:29:44'),(2174,0,'en','plugins/blog/base','select','-- Select --','2022-09-10 03:28:45','2022-09-10 03:29:44'),(2175,0,'en','plugins/blog/base','blog_page_id','Blog page','2022-09-10 03:28:45','2022-09-10 03:29:44'),(2176,0,'en','plugins/blog/base','number_posts_per_page','Number posts per page','2022-09-10 03:28:45','2022-09-10 03:29:44'),(2177,0,'en','plugins/blog/base','write_some_tags','Write some tags','2022-09-10 03:28:45','2022-09-10 03:29:44'),(2178,0,'en','plugins/blog/base','short_code_name','Blog posts','2022-09-10 03:28:45','2022-09-10 03:29:44'),(2179,0,'en','plugins/blog/base','short_code_description','Add blog posts','2022-09-10 03:28:45','2022-09-10 03:29:44'),(2180,0,'en','plugins/blog/base','number_posts_per_page_in_category','Number of posts per page in a category','2022-09-10 03:28:45','2022-09-10 03:29:44'),(2181,0,'en','plugins/blog/base','number_posts_per_page_in_tag','Number of posts per page in a tag','2022-09-10 03:28:45','2022-09-10 03:29:44'),(2182,0,'en','plugins/blog/base','settings.title','Blog','2022-09-10 03:28:45','2022-09-10 03:29:44'),(2183,0,'en','plugins/blog/base','settings.description','Settings for Blog','2022-09-10 03:28:45','2022-09-10 03:29:44'),(2184,0,'en','plugins/blog/base','settings.enable_blog_post_schema','Enable Blog Post Schema?','2022-09-10 03:28:45','2022-09-10 03:29:44'),(2185,0,'en','plugins/blog/base','settings.enable_blog_post_schema_description','Learn more: https://schema.org/Article','2022-09-10 03:28:45','2022-09-10 03:29:44'),(2186,0,'en','plugins/blog/base','settings.schema_type','Schema type','2022-09-10 03:28:45','2022-09-10 03:29:44'),(2187,0,'en','plugins/blog/categories','create','Create new category','2022-09-10 03:28:45','2022-09-10 03:29:44'),(2188,0,'en','plugins/blog/categories','edit','Edit category','2022-09-10 03:28:45','2022-09-10 03:29:44'),(2189,0,'en','plugins/blog/categories','menu','Categories','2022-09-10 03:28:45','2022-09-10 03:29:44'),(2190,0,'en','plugins/blog/categories','edit_this_category','Edit this category','2022-09-10 03:28:45','2022-09-10 03:29:44'),(2191,0,'en','plugins/blog/categories','menu_name','Categories','2022-09-10 03:28:45','2022-09-10 03:29:44'),(2192,0,'en','plugins/blog/categories','none','None','2022-09-10 03:28:45','2022-09-10 03:29:44'),(2193,0,'en','plugins/blog/categories','total_posts','Total posts: :total','2022-09-10 03:28:45','2022-09-10 03:29:44'),(2194,0,'en','plugins/blog/member','dob','Born :date','2022-09-10 03:28:45','2022-09-10 03:29:44'),(2195,0,'en','plugins/blog/member','draft_posts','Draft Posts','2022-09-10 03:28:45','2022-09-10 03:29:44'),(2196,0,'en','plugins/blog/member','pending_posts','Pending Posts','2022-09-10 03:28:45','2022-09-10 03:29:44'),(2197,0,'en','plugins/blog/member','published_posts','Published Posts','2022-09-10 03:28:45','2022-09-10 03:29:44'),(2198,0,'en','plugins/blog/member','posts','Posts','2022-09-10 03:28:45','2022-09-10 03:29:44'),(2199,0,'en','plugins/blog/member','write_post','Write a post','2022-09-10 03:28:45','2022-09-10 03:29:44'),(2200,0,'en','plugins/blog/posts','create','Create new post','2022-09-10 03:28:45','2022-09-10 03:29:44'),(2201,0,'en','plugins/blog/posts','edit','Edit post','2022-09-10 03:28:45','2022-09-10 03:29:44'),(2202,0,'en','plugins/blog/posts','form.name','Name','2022-09-10 03:28:45','2022-09-10 03:29:44'),(2203,0,'en','plugins/blog/posts','form.name_placeholder','Post\'s name (Maximum :c characters)','2022-09-10 03:28:45','2022-09-10 03:29:44'),(2204,0,'en','plugins/blog/posts','form.description','Description','2022-09-10 03:28:45','2022-09-10 03:29:44'),(2205,0,'en','plugins/blog/posts','form.description_placeholder','Short description for post (Maximum :c characters)','2022-09-10 03:28:45','2022-09-10 03:29:44'),(2206,0,'en','plugins/blog/posts','form.categories','Categories','2022-09-10 03:28:45','2022-09-10 03:29:44'),(2207,0,'en','plugins/blog/posts','form.tags','Tags','2022-09-10 03:28:45','2022-09-10 03:29:44'),(2208,0,'en','plugins/blog/posts','form.tags_placeholder','Tags','2022-09-10 03:28:45','2022-09-10 03:29:44'),(2209,0,'en','plugins/blog/posts','form.content','Content','2022-09-10 03:28:45','2022-09-10 03:29:44'),(2210,0,'en','plugins/blog/posts','form.is_featured','Is featured?','2022-09-10 03:28:45','2022-09-10 03:29:44'),(2211,0,'en','plugins/blog/posts','form.note','Note content','2022-09-10 03:28:45','2022-09-10 03:29:44'),(2212,0,'en','plugins/blog/posts','form.format_type','Format','2022-09-10 03:28:45','2022-09-10 03:29:44'),(2213,0,'en','plugins/blog/posts','cannot_delete','Post could not be deleted','2022-09-10 03:28:45','2022-09-10 03:29:44'),(2214,0,'en','plugins/blog/posts','post_deleted','Post deleted','2022-09-10 03:28:45','2022-09-10 03:29:44'),(2215,0,'en','plugins/blog/posts','posts','Posts','2022-09-10 03:28:45','2022-09-10 03:29:44'),(2216,0,'en','plugins/blog/posts','post','Post','2022-09-10 03:28:45','2022-09-10 03:29:44'),(2217,0,'en','plugins/blog/posts','edit_this_post','Edit this post','2022-09-10 03:28:45','2022-09-10 03:29:44'),(2218,0,'en','plugins/blog/posts','no_new_post_now','There is no new post now!','2022-09-10 03:28:45','2022-09-10 03:29:44'),(2219,0,'en','plugins/blog/posts','menu_name','Posts','2022-09-10 03:28:45','2022-09-10 03:29:44'),(2220,0,'en','plugins/blog/posts','widget_posts_recent','Recent Posts','2022-09-10 03:28:45','2022-09-10 03:29:44'),(2221,0,'en','plugins/blog/posts','categories','Categories','2022-09-10 03:28:45','2022-09-10 03:29:44'),(2222,0,'en','plugins/blog/posts','category','Category','2022-09-10 03:28:45','2022-09-10 03:29:44'),(2223,0,'en','plugins/blog/posts','author','Author','2022-09-10 03:28:45','2022-09-10 03:29:44'),(2224,0,'en','plugins/blog/settings','select','-- Select --','2022-09-10 03:28:45','2022-09-10 03:29:44'),(2225,0,'en','plugins/blog/settings','blog_page_id','Blog page','2022-09-10 03:28:45','2022-09-10 03:29:44'),(2226,0,'en','plugins/blog/tags','form.name','Name','2022-09-10 03:28:45','2022-09-10 03:29:44'),(2227,0,'en','plugins/blog/tags','form.name_placeholder','Tag\'s name (Maximum 120 characters)','2022-09-10 03:28:45','2022-09-10 03:29:44'),(2228,0,'en','plugins/blog/tags','form.description','Description','2022-09-10 03:28:45','2022-09-10 03:29:44'),(2229,0,'en','plugins/blog/tags','form.description_placeholder','Short description for tag (Maximum 400 characters)','2022-09-10 03:28:45','2022-09-10 03:29:44'),(2230,0,'en','plugins/blog/tags','form.categories','Categories','2022-09-10 03:28:46','2022-09-10 03:29:44'),(2231,0,'en','plugins/blog/tags','notices.no_select','Please select at least one tag to take this action!','2022-09-10 03:28:46','2022-09-10 03:29:44'),(2232,0,'en','plugins/blog/tags','create','Create new tag','2022-09-10 03:28:46','2022-09-10 03:29:44'),(2233,0,'en','plugins/blog/tags','edit','Edit tag','2022-09-10 03:28:46','2022-09-10 03:29:44'),(2234,0,'en','plugins/blog/tags','cannot_delete','Tag could not be deleted','2022-09-10 03:28:46','2022-09-10 03:29:44'),(2235,0,'en','plugins/blog/tags','deleted','Tag deleted','2022-09-10 03:28:46','2022-09-10 03:29:44'),(2236,0,'en','plugins/blog/tags','menu','Tags','2022-09-10 03:28:46','2022-09-10 03:29:44'),(2237,0,'en','plugins/blog/tags','edit_this_tag','Edit this tag','2022-09-10 03:28:46','2022-09-10 03:29:44'),(2238,0,'en','plugins/blog/tags','menu_name','Tags','2022-09-10 03:28:46','2022-09-10 03:29:44'),(2239,0,'vi','plugins/blog/base','menu_name','Blog','2022-09-10 03:28:46','2022-09-10 03:29:44'),(2240,0,'vi','plugins/blog/base','blog_page','Trang Blog','2022-09-10 03:28:46','2022-09-10 03:29:44'),(2241,0,'vi','plugins/blog/base','select','-- Lựa chọn --','2022-09-10 03:28:46','2022-09-10 03:29:44'),(2242,0,'vi','plugins/blog/base','blog_page_id','Trang Blog','2022-09-10 03:28:46','2022-09-10 03:29:44'),(2243,0,'vi','plugins/blog/categories','create','Thêm danh mục mới','2022-09-10 03:28:46','2022-09-10 03:29:44'),(2244,0,'vi','plugins/blog/categories','edit','Sửa danh mục','2022-09-10 03:28:46','2022-09-10 03:29:44'),(2245,0,'vi','plugins/blog/categories','menu','Danh mục','2022-09-10 03:28:46','2022-09-10 03:29:44'),(2246,0,'vi','plugins/blog/categories','edit_this_category','Sửa danh mục này','2022-09-10 03:28:46','2022-09-10 03:29:44'),(2247,0,'vi','plugins/blog/categories','menu_name','Danh mục','2022-09-10 03:28:46','2022-09-10 03:29:44'),(2248,0,'vi','plugins/blog/categories','none','Không','2022-09-10 03:28:46','2022-09-10 03:29:44'),(2249,0,'vi','plugins/blog/member','dob','Born :date','2022-09-10 03:28:46','2022-09-10 03:29:44'),(2250,0,'vi','plugins/blog/member','draft_posts','Draft Posts','2022-09-10 03:28:46','2022-09-10 03:29:44'),(2251,0,'vi','plugins/blog/member','pending_posts','Pending Posts','2022-09-10 03:28:46','2022-09-10 03:29:44'),(2252,0,'vi','plugins/blog/member','published_posts','Published Posts','2022-09-10 03:28:46','2022-09-10 03:29:44'),(2253,0,'vi','plugins/blog/member','posts','Posts','2022-09-10 03:28:46','2022-09-10 03:29:44'),(2254,0,'vi','plugins/blog/member','write_post','Write a post','2022-09-10 03:28:46','2022-09-10 03:29:44'),(2255,0,'vi','plugins/blog/posts','create','Thêm bài viết','2022-09-10 03:28:46','2022-09-10 03:29:44'),(2256,0,'vi','plugins/blog/posts','edit','Sửa bài viết','2022-09-10 03:28:46','2022-09-10 03:29:44'),(2257,0,'vi','plugins/blog/posts','form.name','Tên','2022-09-10 03:28:46','2022-09-10 03:29:44'),(2258,0,'vi','plugins/blog/posts','form.name_placeholder','Tên bài viết (Tối đa 120 kí tự)','2022-09-10 03:28:46','2022-09-10 03:29:44'),(2259,0,'vi','plugins/blog/posts','form.description','Mô tả','2022-09-10 03:28:46','2022-09-10 03:29:44'),(2260,0,'vi','plugins/blog/posts','form.description_placeholder','Mô tả ngắn cho bài viết (Tối đa 400 kí tự)','2022-09-10 03:28:46','2022-09-10 03:29:44'),(2261,0,'vi','plugins/blog/posts','form.categories','Chuyên mục','2022-09-10 03:28:46','2022-09-10 03:29:44'),(2262,0,'vi','plugins/blog/posts','form.tags','Từ khóa','2022-09-10 03:28:46','2022-09-10 03:29:44'),(2263,0,'vi','plugins/blog/posts','form.tags_placeholder','Thêm từ khóa','2022-09-10 03:28:46','2022-09-10 03:29:44'),(2264,0,'vi','plugins/blog/posts','form.content','Nội dung','2022-09-10 03:28:46','2022-09-10 03:29:44'),(2265,0,'vi','plugins/blog/posts','form.is_featured','Bài viết nổi bật?','2022-09-10 03:28:46','2022-09-10 03:29:44'),(2266,0,'vi','plugins/blog/posts','form.note','Nội dung ghi chú','2022-09-10 03:28:46','2022-09-10 03:29:44'),(2267,0,'vi','plugins/blog/posts','form.format_type','Định dạng','2022-09-10 03:28:46','2022-09-10 03:29:44'),(2268,0,'vi','plugins/blog/posts','post_deleted','Xóa bài viết thành công','2022-09-10 03:28:46','2022-09-10 03:29:44'),(2269,0,'vi','plugins/blog/posts','cannot_delete','Không thể xóa bài viết','2022-09-10 03:28:46','2022-09-10 03:29:44'),(2270,0,'vi','plugins/blog/posts','menu_name','Bài viết','2022-09-10 03:28:46','2022-09-10 03:29:44'),(2271,0,'vi','plugins/blog/posts','edit_this_post','Sửa bài viết này','2022-09-10 03:28:46','2022-09-10 03:29:44'),(2272,0,'vi','plugins/blog/posts','no_new_post_now','Hiện tại không có bài viết mới!','2022-09-10 03:28:46','2022-09-10 03:29:44'),(2273,0,'vi','plugins/blog/posts','posts','Bài viết','2022-09-10 03:28:46','2022-09-10 03:29:44'),(2274,0,'vi','plugins/blog/posts','post','Bài viết','2022-09-10 03:28:46','2022-09-10 03:29:44'),(2275,0,'vi','plugins/blog/posts','widget_posts_recent','Bài viết gần đây','2022-09-10 03:28:46','2022-09-10 03:29:44'),(2276,0,'vi','plugins/blog/posts','author','Tác giả','2022-09-10 03:28:46','2022-09-10 03:29:44'),(2277,0,'vi','plugins/blog/posts','categories','Danh mục','2022-09-10 03:28:46','2022-09-10 03:29:44'),(2278,0,'vi','plugins/blog/posts','category','Danh mục','2022-09-10 03:28:46','2022-09-10 03:29:44'),(2279,0,'vi','plugins/blog/tags','create','Thêm thẻ mới','2022-09-10 03:28:46','2022-09-10 03:29:44'),(2280,0,'vi','plugins/blog/tags','edit','Sửa thẻ','2022-09-10 03:28:46','2022-09-10 03:29:44'),(2281,0,'vi','plugins/blog/tags','form.name','Tên','2022-09-10 03:28:46','2022-09-10 03:29:44'),(2282,0,'vi','plugins/blog/tags','form.name_placeholder','Tên thẻ (Tối đa 120 kí tự)','2022-09-10 03:28:46','2022-09-10 03:29:44'),(2283,0,'vi','plugins/blog/tags','form.description','Mô tả','2022-09-10 03:28:46','2022-09-10 03:29:44'),(2284,0,'vi','plugins/blog/tags','form.description_placeholder','Mô tả ngắn cho tag (Tối đa 400 kí tự)','2022-09-10 03:28:46','2022-09-10 03:29:44'),(2285,0,'vi','plugins/blog/tags','form.categories','Chuyên mục','2022-09-10 03:28:46','2022-09-10 03:29:44'),(2286,0,'vi','plugins/blog/tags','notices.no_select','Chọn ít nhất 1 bài viết để thực hiện hành động này!','2022-09-10 03:28:46','2022-09-10 03:29:44'),(2287,0,'vi','plugins/blog/tags','cannot_delete','Không thể xóa thẻ','2022-09-10 03:28:46','2022-09-10 03:29:44'),(2288,0,'vi','plugins/blog/tags','deleted','Xóa thẻ thành công','2022-09-10 03:28:46','2022-09-10 03:29:44'),(2289,0,'vi','plugins/blog/tags','menu_name','Thẻ','2022-09-10 03:28:46','2022-09-10 03:29:44'),(2290,0,'vi','plugins/blog/tags','edit_this_tag','Sửa thẻ này','2022-09-10 03:28:46','2022-09-10 03:29:44'),(2291,0,'vi','plugins/blog/tags','menu','Thẻ','2022-09-10 03:28:46','2022-09-10 03:29:44'),(2292,0,'en','plugins/captcha/captcha','settings.title','Captcha','2022-09-10 03:28:46','2022-09-10 03:29:44'),(2293,0,'en','plugins/captcha/captcha','settings.description','Settings for Google Captcha','2022-09-10 03:28:46','2022-09-10 03:29:44'),(2294,0,'en','plugins/captcha/captcha','settings.captcha_site_key','Captcha Site Key','2022-09-10 03:28:46','2022-09-10 03:29:44'),(2295,0,'en','plugins/captcha/captcha','settings.captcha_secret','Captcha Secret','2022-09-10 03:28:46','2022-09-10 03:29:44'),(2296,0,'en','plugins/captcha/captcha','settings.enable_captcha','Enable Captcha?','2022-09-10 03:28:46','2022-09-10 03:29:44'),(2297,0,'en','plugins/captcha/captcha','settings.helper','Go here to get credentials https://www.google.com/recaptcha/admin#list.','2022-09-10 03:28:46','2022-09-10 03:29:44'),(2298,0,'en','plugins/captcha/captcha','settings.hide_badge','Hide recaptcha badge (for v3)','2022-09-10 03:28:46','2022-09-10 03:29:44'),(2299,0,'en','plugins/captcha/captcha','settings.type','Type','2022-09-10 03:28:46','2022-09-10 03:29:44'),(2300,0,'en','plugins/captcha/captcha','settings.v2_description','V2 (Verify requests with a challenge)','2022-09-10 03:28:46','2022-09-10 03:29:44'),(2301,0,'en','plugins/captcha/captcha','settings.v3_description','V3 (Verify requests with a score)','2022-09-10 03:28:46','2022-09-10 03:29:44'),(2302,0,'en','plugins/captcha/captcha','failed_validate','Failed to validate the captcha.','2022-09-10 03:28:46','2022-09-10 03:29:44'),(2303,0,'en','plugins/captcha/captcha','numbers.0','Zero','2022-09-10 03:28:46','2022-09-10 03:29:44'),(2304,0,'en','plugins/captcha/captcha','numbers.1','One','2022-09-10 03:28:46','2022-09-10 03:29:44'),(2305,0,'en','plugins/captcha/captcha','numbers.2','Two','2022-09-10 03:28:46','2022-09-10 03:29:44'),(2306,0,'en','plugins/captcha/captcha','numbers.3','Three','2022-09-10 03:28:46','2022-09-10 03:29:44'),(2307,0,'en','plugins/captcha/captcha','numbers.4','Four','2022-09-10 03:28:46','2022-09-10 03:29:44'),(2308,0,'en','plugins/captcha/captcha','numbers.5','Five','2022-09-10 03:28:46','2022-09-10 03:29:44'),(2309,0,'en','plugins/captcha/captcha','numbers.6','Six','2022-09-10 03:28:46','2022-09-10 03:29:44'),(2310,0,'en','plugins/captcha/captcha','numbers.7','Seven','2022-09-10 03:28:46','2022-09-10 03:29:44'),(2311,0,'en','plugins/captcha/captcha','numbers.8','Eight','2022-09-10 03:28:46','2022-09-10 03:29:44'),(2312,0,'en','plugins/captcha/captcha','numbers.9','Nine','2022-09-10 03:28:46','2022-09-10 03:29:44'),(2313,0,'en','plugins/captcha/captcha','numbers.10','Ten','2022-09-10 03:28:46','2022-09-10 03:29:44'),(2314,0,'en','plugins/captcha/captcha','numbers.11','Eleven','2022-09-10 03:28:46','2022-09-10 03:29:44'),(2315,0,'en','plugins/captcha/captcha','numbers.12','Twelve','2022-09-10 03:28:46','2022-09-10 03:29:44'),(2316,0,'en','plugins/captcha/captcha','operands.+','plus','2022-09-10 03:28:46','2022-09-10 03:29:44'),(2317,0,'en','plugins/captcha/captcha','operands.-','minus','2022-09-10 03:28:46','2022-09-10 03:29:44'),(2318,0,'en','plugins/captcha/captcha','operands.*','times','2022-09-10 03:28:46','2022-09-10 03:29:44'),(2319,0,'en','plugins/captcha/captcha','operands./','divided by','2022-09-10 03:28:46','2022-09-10 03:29:44'),(2320,0,'vi','plugins/captcha/captcha','settings.title','Captcha','2022-09-10 03:28:46','2022-09-10 03:29:44'),(2321,0,'vi','plugins/captcha/captcha','settings.description','Cài đặt cho Google Captcha','2022-09-10 03:28:46','2022-09-10 03:29:44'),(2322,0,'vi','plugins/captcha/captcha','settings.captcha_site_key','Captcha Site Key','2022-09-10 03:28:46','2022-09-10 03:29:44'),(2323,0,'vi','plugins/captcha/captcha','settings.captcha_secret','Captcha Secret','2022-09-10 03:28:46','2022-09-10 03:29:44'),(2324,0,'vi','plugins/captcha/captcha','settings.enable_captcha','Bật Captcha?','2022-09-10 03:28:46','2022-09-10 03:29:44'),(2325,0,'vi','plugins/captcha/captcha','settings.helper','Truy cập https://www.google.com/recaptcha/admin#list để lấy thông tin về Site key và Secret.','2022-09-10 03:28:46','2022-09-10 03:29:44'),(2326,0,'en','plugins/contact/contact','menu','Contact','2022-09-10 03:28:46','2022-09-10 03:29:45'),(2327,0,'en','plugins/contact/contact','edit','View contact','2022-09-10 03:28:46','2022-09-10 03:29:45'),(2328,0,'en','plugins/contact/contact','tables.phone','Phone','2022-09-10 03:28:46','2022-09-10 03:29:45'),(2329,0,'en','plugins/contact/contact','tables.email','Email','2022-09-10 03:28:46','2022-09-10 03:29:45'),(2330,0,'en','plugins/contact/contact','tables.full_name','Full Name','2022-09-10 03:28:46','2022-09-10 03:29:45'),(2331,0,'en','plugins/contact/contact','tables.time','Time','2022-09-10 03:28:46','2022-09-10 03:29:45'),(2332,0,'en','plugins/contact/contact','tables.address','Address','2022-09-10 03:28:46','2022-09-10 03:29:45'),(2333,0,'en','plugins/contact/contact','tables.subject','Subject','2022-09-10 03:28:46','2022-09-10 03:29:45'),(2334,0,'en','plugins/contact/contact','tables.content','Content','2022-09-10 03:28:46','2022-09-10 03:29:45'),(2335,0,'en','plugins/contact/contact','contact_information','Contact information','2022-09-10 03:28:46','2022-09-10 03:29:45'),(2336,0,'en','plugins/contact/contact','replies','Replies','2022-09-10 03:28:47','2022-09-10 03:29:45'),(2337,0,'en','plugins/contact/contact','email.header','Email','2022-09-10 03:28:47','2022-09-10 03:29:45'),(2338,0,'en','plugins/contact/contact','email.title','New contact from your site','2022-09-10 03:28:47','2022-09-10 03:29:45'),(2339,0,'en','plugins/contact/contact','form.name.required','Name is required','2022-09-10 03:28:47','2022-09-10 03:29:45'),(2340,0,'en','plugins/contact/contact','form.email.required','Email is required','2022-09-10 03:28:47','2022-09-10 03:29:45'),(2341,0,'en','plugins/contact/contact','form.email.email','The email address is not valid','2022-09-10 03:28:47','2022-09-10 03:29:45'),(2342,0,'en','plugins/contact/contact','form.content.required','Content is required','2022-09-10 03:28:47','2022-09-10 03:29:45'),(2343,0,'en','plugins/contact/contact','contact_sent_from','This contact information sent from','2022-09-10 03:28:47','2022-09-10 03:29:45'),(2344,0,'en','plugins/contact/contact','sender','Sender','2022-09-10 03:28:47','2022-09-10 03:29:45'),(2345,0,'en','plugins/contact/contact','sender_email','Email','2022-09-10 03:28:47','2022-09-10 03:29:45'),(2346,0,'en','plugins/contact/contact','sender_address','Address','2022-09-10 03:28:47','2022-09-10 03:29:45'),(2347,0,'en','plugins/contact/contact','sender_phone','Phone','2022-09-10 03:28:47','2022-09-10 03:29:45'),(2348,0,'en','plugins/contact/contact','message_content','Message content','2022-09-10 03:28:47','2022-09-10 03:29:45'),(2349,0,'en','plugins/contact/contact','sent_from','Email sent from','2022-09-10 03:28:47','2022-09-10 03:29:45'),(2350,0,'en','plugins/contact/contact','form_name','Name','2022-09-10 03:28:47','2022-09-10 03:29:45'),(2351,0,'en','plugins/contact/contact','form_email','Email','2022-09-10 03:28:47','2022-09-10 03:29:45'),(2352,0,'en','plugins/contact/contact','form_address','Address','2022-09-10 03:28:47','2022-09-10 03:29:45'),(2353,0,'en','plugins/contact/contact','form_subject','Subject','2022-09-10 03:28:47','2022-09-10 03:29:45'),(2354,0,'en','plugins/contact/contact','form_phone','Phone','2022-09-10 03:28:47','2022-09-10 03:29:45'),(2355,0,'en','plugins/contact/contact','form_message','Message','2022-09-10 03:28:47','2022-09-10 03:29:45'),(2356,0,'en','plugins/contact/contact','required_field','The field with (<span style=\"color: red\">*</span>) is required.','2022-09-10 03:28:47','2022-09-10 03:29:45'),(2357,0,'en','plugins/contact/contact','send_btn','Send message','2022-09-10 03:28:47','2022-09-10 03:29:45'),(2358,0,'en','plugins/contact/contact','new_msg_notice','You have <span class=\"bold\">:count</span> New Messages','2022-09-10 03:28:47','2022-09-10 03:29:45'),(2359,0,'en','plugins/contact/contact','view_all','View all','2022-09-10 03:28:47','2022-09-10 03:29:45'),(2360,0,'en','plugins/contact/contact','statuses.read','Read','2022-09-10 03:28:47','2022-09-10 03:29:45'),(2361,0,'en','plugins/contact/contact','statuses.unread','Unread','2022-09-10 03:28:47','2022-09-10 03:29:45'),(2362,0,'en','plugins/contact/contact','phone','Phone','2022-09-10 03:28:47','2022-09-10 03:29:45'),(2363,0,'en','plugins/contact/contact','address','Address','2022-09-10 03:28:47','2022-09-10 03:29:45'),(2364,0,'en','plugins/contact/contact','message','Message','2022-09-10 03:28:47','2022-09-10 03:29:45'),(2365,0,'en','plugins/contact/contact','settings.email.title','Contact','2022-09-10 03:28:47','2022-09-10 03:29:45'),(2366,0,'en','plugins/contact/contact','settings.email.description','Contact email configuration','2022-09-10 03:28:47','2022-09-10 03:29:45'),(2367,0,'en','plugins/contact/contact','settings.email.templates.notice_title','Send notice to administrator','2022-09-10 03:28:47','2022-09-10 03:29:45'),(2368,0,'en','plugins/contact/contact','settings.email.templates.notice_description','Email template to send notice to administrator when system get new contact','2022-09-10 03:28:47','2022-09-10 03:29:45'),(2369,0,'en','plugins/contact/contact','settings.title','Contact','2022-09-10 03:28:47','2022-09-10 03:29:45'),(2370,0,'en','plugins/contact/contact','settings.description','Settings for contact plugin','2022-09-10 03:28:47','2022-09-10 03:29:45'),(2371,0,'en','plugins/contact/contact','settings.blacklist_keywords','Blacklist keywords','2022-09-10 03:28:47','2022-09-10 03:29:45'),(2372,0,'en','plugins/contact/contact','settings.blacklist_keywords_placeholder','keywords...','2022-09-10 03:28:47','2022-09-10 03:29:45'),(2373,0,'en','plugins/contact/contact','settings.blacklist_keywords_helper','Blacklist contact requests if it includes those keywords in the content field (separate by comma).','2022-09-10 03:28:47','2022-09-10 03:29:45'),(2374,0,'en','plugins/contact/contact','settings.blacklist_email_domains','Blacklist email domains','2022-09-10 03:28:47','2022-09-10 03:29:45'),(2375,0,'en','plugins/contact/contact','settings.blacklist_email_domains_placeholder','domain...','2022-09-10 03:28:47','2022-09-10 03:29:45'),(2376,0,'en','plugins/contact/contact','settings.blacklist_email_domains_helper','Blacklist contact requests if the email domain is in blacklist domains (separate by comma).','2022-09-10 03:28:47','2022-09-10 03:29:45'),(2377,0,'en','plugins/contact/contact','settings.enable_math_captcha','Enable math captcha?','2022-09-10 03:28:47','2022-09-10 03:29:45'),(2378,0,'en','plugins/contact/contact','no_reply','No reply yet!','2022-09-10 03:28:47','2022-09-10 03:29:45'),(2379,0,'en','plugins/contact/contact','reply','Reply','2022-09-10 03:28:47','2022-09-10 03:29:45'),(2380,0,'en','plugins/contact/contact','send','Send','2022-09-10 03:28:47','2022-09-10 03:29:45'),(2381,0,'en','plugins/contact/contact','shortcode_name','Contact form','2022-09-10 03:28:47','2022-09-10 03:29:45'),(2382,0,'en','plugins/contact/contact','shortcode_description','Add a contact form','2022-09-10 03:28:47','2022-09-10 03:29:45'),(2383,0,'en','plugins/contact/contact','shortcode_content_description','Add shortcode [contact-form][/contact-form] to editor?','2022-09-10 03:28:47','2022-09-10 03:29:45'),(2384,0,'en','plugins/contact/contact','message_sent_success','Message sent successfully!','2022-09-10 03:28:47','2022-09-10 03:29:45'),(2385,0,'vi','plugins/contact/contact','menu','Liên hệ','2022-09-10 03:28:47','2022-09-10 03:29:45'),(2386,0,'vi','plugins/contact/contact','edit','Xem liên hệ','2022-09-10 03:28:47','2022-09-10 03:29:45'),(2387,0,'vi','plugins/contact/contact','tables.phone','Điện thoại','2022-09-10 03:28:47','2022-09-10 03:29:45'),(2388,0,'vi','plugins/contact/contact','tables.email','Email','2022-09-10 03:28:47','2022-09-10 03:29:45'),(2389,0,'vi','plugins/contact/contact','tables.full_name','Họ tên','2022-09-10 03:28:47','2022-09-10 03:29:45'),(2390,0,'vi','plugins/contact/contact','tables.time','Thời gian','2022-09-10 03:28:47','2022-09-10 03:29:45'),(2391,0,'vi','plugins/contact/contact','tables.address','Địa địa chỉ','2022-09-10 03:28:47','2022-09-10 03:29:45'),(2392,0,'vi','plugins/contact/contact','tables.subject','Tiêu đề','2022-09-10 03:28:47','2022-09-10 03:29:45'),(2393,0,'vi','plugins/contact/contact','tables.content','Nội dung','2022-09-10 03:28:47','2022-09-10 03:29:45'),(2394,0,'vi','plugins/contact/contact','contact_information','Thông tin liên hệ','2022-09-10 03:28:47','2022-09-10 03:29:45'),(2395,0,'vi','plugins/contact/contact','email.title','Thông tin liên hệ mới','2022-09-10 03:28:47','2022-09-10 03:29:45'),(2396,0,'vi','plugins/contact/contact','email.header','Email','2022-09-10 03:28:47','2022-09-10 03:29:45'),(2397,0,'vi','plugins/contact/contact','form.name.required','Tên là bắt buộc','2022-09-10 03:28:47','2022-09-10 03:29:45'),(2398,0,'vi','plugins/contact/contact','form.email.required','Email là bắt buộc','2022-09-10 03:28:47','2022-09-10 03:29:45'),(2399,0,'vi','plugins/contact/contact','form.email.email','Địa chỉ email không hợp lệ','2022-09-10 03:28:47','2022-09-10 03:29:45'),(2400,0,'vi','plugins/contact/contact','form.content.required','Nội dung là bắt buộc','2022-09-10 03:28:47','2022-09-10 03:29:45'),(2401,0,'vi','plugins/contact/contact','contact_sent_from','Liên hệ này được gửi từ','2022-09-10 03:28:47','2022-09-10 03:29:45'),(2402,0,'vi','plugins/contact/contact','form_address','Địa chỉ','2022-09-10 03:28:47','2022-09-10 03:29:45'),(2403,0,'vi','plugins/contact/contact','form_email','Thư điện tử','2022-09-10 03:28:47','2022-09-10 03:29:45'),(2404,0,'vi','plugins/contact/contact','form_message','Thông điệp','2022-09-10 03:28:47','2022-09-10 03:29:45'),(2405,0,'vi','plugins/contact/contact','form_name','Họ tên','2022-09-10 03:28:47','2022-09-10 03:29:45'),(2406,0,'vi','plugins/contact/contact','form_phone','Số điện thoại','2022-09-10 03:28:47','2022-09-10 03:29:45'),(2407,0,'vi','plugins/contact/contact','message_content','Nội dung thông điệp','2022-09-10 03:28:47','2022-09-10 03:29:45'),(2408,0,'vi','plugins/contact/contact','required_field','Những trường có dấu (<span style=\"color: red\">*</span>) là bắt buộc.','2022-09-10 03:28:47','2022-09-10 03:29:45'),(2409,0,'vi','plugins/contact/contact','send_btn','Gửi tin nhắn','2022-09-10 03:28:47','2022-09-10 03:29:45'),(2410,0,'vi','plugins/contact/contact','sender','Người gửi','2022-09-10 03:28:47','2022-09-10 03:29:45'),(2411,0,'vi','plugins/contact/contact','sender_address','Địa chỉ','2022-09-10 03:28:47','2022-09-10 03:29:45'),(2412,0,'vi','plugins/contact/contact','sender_email','Thư điện tử','2022-09-10 03:28:47','2022-09-10 03:29:45'),(2413,0,'vi','plugins/contact/contact','sender_phone','Số điện thoại','2022-09-10 03:28:47','2022-09-10 03:29:45'),(2414,0,'vi','plugins/contact/contact','sent_from','Thư được gửi từ','2022-09-10 03:28:47','2022-09-10 03:29:45'),(2415,0,'vi','plugins/contact/contact','address','Địa chỉ','2022-09-10 03:28:47','2022-09-10 03:29:45'),(2416,0,'vi','plugins/contact/contact','message','Liên hệ','2022-09-10 03:28:47','2022-09-10 03:29:45'),(2417,0,'vi','plugins/contact/contact','new_msg_notice','Bạn có <span class=\"bold\">:count</span> tin nhắn mới','2022-09-10 03:28:47','2022-09-10 03:29:45'),(2418,0,'vi','plugins/contact/contact','phone','Điện thoại','2022-09-10 03:28:47','2022-09-10 03:29:45'),(2419,0,'vi','plugins/contact/contact','statuses.read','Đã đọc','2022-09-10 03:28:47','2022-09-10 03:29:45'),(2420,0,'vi','plugins/contact/contact','statuses.unread','Chưa đọc','2022-09-10 03:28:47','2022-09-10 03:29:45'),(2421,0,'vi','plugins/contact/contact','view_all','Xem tất cả','2022-09-10 03:28:47','2022-09-10 03:29:45'),(2422,0,'vi','plugins/contact/contact','settings.email.title','Liên hệ','2022-09-10 03:28:47','2022-09-10 03:29:45'),(2423,0,'vi','plugins/contact/contact','settings.email.description','Cấu hình thông tin cho mục liên hệ','2022-09-10 03:28:47','2022-09-10 03:29:45'),(2424,0,'vi','plugins/contact/contact','settings.email.templates.notice_title','Thông báo tới admin','2022-09-10 03:28:47','2022-09-10 03:29:45'),(2425,0,'vi','plugins/contact/contact','settings.email.templates.notice_description','Mẫu nội dung email gửi tới admin khi có liên hệ mới','2022-09-10 03:28:47','2022-09-10 03:29:45'),(2426,0,'vi','plugins/contact/contact','replies','Trả lời','2022-09-10 03:28:47','2022-09-10 03:29:45'),(2427,0,'vi','plugins/contact/contact','form_subject','Tiêu đề','2022-09-10 03:28:47','2022-09-10 03:29:45'),(2428,0,'en','plugins/cookie-consent/cookie-consent','theme_options.name','Cookie Consent','2022-09-10 03:28:47','2022-09-10 03:29:45'),(2429,0,'en','plugins/cookie-consent/cookie-consent','theme_options.description','Cookie consent settings','2022-09-10 03:28:47','2022-09-10 03:29:45'),(2430,0,'en','plugins/cookie-consent/cookie-consent','theme_options.enable','Enable cookie consent?','2022-09-10 03:28:47','2022-09-10 03:29:45'),(2431,0,'en','plugins/cookie-consent/cookie-consent','theme_options.message','Message','2022-09-10 03:28:47','2022-09-10 03:29:45'),(2432,0,'en','plugins/cookie-consent/cookie-consent','theme_options.button_text','Button text','2022-09-10 03:28:47','2022-09-10 03:29:45'),(2433,0,'en','plugins/cookie-consent/cookie-consent','theme_options.max_width','Max width (px)','2022-09-10 03:28:47','2022-09-10 03:29:45'),(2434,0,'en','plugins/cookie-consent/cookie-consent','theme_options.background_color','Background color','2022-09-10 03:28:47','2022-09-10 03:29:45'),(2435,0,'en','plugins/cookie-consent/cookie-consent','theme_options.text_color','Text color','2022-09-10 03:28:47','2022-09-10 03:29:45'),(2436,0,'en','plugins/cookie-consent/cookie-consent','theme_options.learn_more_url','Learn more URL','2022-09-10 03:28:47','2022-09-10 03:29:45'),(2437,0,'en','plugins/cookie-consent/cookie-consent','theme_options.learn_more_text','Learn more text','2022-09-10 03:28:47','2022-09-10 03:29:45'),(2438,0,'en','plugins/cookie-consent/cookie-consent','theme_options.style','Style','2022-09-10 03:28:47','2022-09-10 03:29:45'),(2439,0,'en','plugins/cookie-consent/cookie-consent','theme_options.full_width','Full width','2022-09-10 03:28:47','2022-09-10 03:29:45'),(2440,0,'en','plugins/cookie-consent/cookie-consent','theme_options.minimal','Minimal','2022-09-10 03:28:47','2022-09-10 03:29:45'),(2441,0,'en','plugins/cookie-consent/cookie-consent','message','Your experience on this site will be improved by allowing cookies.','2022-09-10 03:28:47','2022-09-10 03:29:45'),(2442,0,'en','plugins/cookie-consent/cookie-consent','button_text','Allow cookies','2022-09-10 03:28:47','2022-09-10 03:29:45'),(2443,0,'en','plugins/ecommerce/brands','name','Brands','2022-09-10 03:28:47','2022-09-10 03:29:45'),(2444,0,'en','plugins/ecommerce/brands','create','New brand','2022-09-10 03:28:47','2022-09-10 03:29:45'),(2445,0,'en','plugins/ecommerce/brands','edit','Edit brand','2022-09-10 03:28:48','2022-09-10 03:29:45'),(2446,0,'en','plugins/ecommerce/brands','form.name','Name','2022-09-10 03:28:48','2022-09-10 03:29:45'),(2447,0,'en','plugins/ecommerce/brands','form.name_placeholder','Brand\'s name (Maximum 255 characters)','2022-09-10 03:28:48','2022-09-10 03:29:45'),(2448,0,'en','plugins/ecommerce/brands','form.description','Description','2022-09-10 03:28:48','2022-09-10 03:29:45'),(2449,0,'en','plugins/ecommerce/brands','form.description_placeholder','Short description for brand (Maximum 400 characters)','2022-09-10 03:28:48','2022-09-10 03:29:45'),(2450,0,'en','plugins/ecommerce/brands','form.website','Website','2022-09-10 03:28:48','2022-09-10 03:29:45'),(2451,0,'en','plugins/ecommerce/brands','form.logo','Logo','2022-09-10 03:28:48','2022-09-10 03:29:45'),(2452,0,'en','plugins/ecommerce/brands','form.is_featured','Is featured','2022-09-10 03:28:48','2022-09-10 03:29:45'),(2453,0,'en','plugins/ecommerce/brands','logo','Logo','2022-09-10 03:28:48','2022-09-10 03:29:45'),(2454,0,'en','plugins/ecommerce/brands','website','Website','2022-09-10 03:28:48','2022-09-10 03:29:45'),(2455,0,'en','plugins/ecommerce/brands','notices.no_select','Please select at least one record to take this action!','2022-09-10 03:28:48','2022-09-10 03:29:45'),(2456,0,'en','plugins/ecommerce/brands','notices.update_success_message','Update successfully','2022-09-10 03:28:48','2022-09-10 03:29:45'),(2457,0,'en','plugins/ecommerce/brands','cannot_delete','Brand could not be deleted','2022-09-10 03:28:48','2022-09-10 03:29:45'),(2458,0,'en','plugins/ecommerce/brands','brand_deleted','Brand deleted','2022-09-10 03:28:48','2022-09-10 03:29:45'),(2459,0,'en','plugins/ecommerce/brands','menu','Brands','2022-09-10 03:28:48','2022-09-10 03:29:45'),(2460,0,'en','plugins/ecommerce/brands','no_brand','No brand','2022-09-10 03:28:48','2022-09-10 03:29:45'),(2461,0,'en','plugins/ecommerce/brands','intro.title','Manage brands','2022-09-10 03:28:48','2022-09-10 03:29:45'),(2462,0,'en','plugins/ecommerce/brands','intro.description','Manage product brands such as Nike, Adidas, Bitis ...','2022-09-10 03:28:48','2022-09-10 03:29:45'),(2463,0,'en','plugins/ecommerce/brands','intro.button_text','Create brand','2022-09-10 03:28:48','2022-09-10 03:29:45'),(2464,0,'en','plugins/ecommerce/bulk-import','name','Bulk Import','2022-09-10 03:28:48','2022-09-10 03:29:45'),(2465,0,'en','plugins/ecommerce/bulk-import','loading_text','Importing','2022-09-10 03:28:48','2022-09-10 03:29:45'),(2466,0,'en','plugins/ecommerce/bulk-import','imported_successfully','Imported successfully.','2022-09-10 03:28:48','2022-09-10 03:29:45'),(2467,0,'en','plugins/ecommerce/bulk-import','please_choose_the_file_mime','Please choose the file mime :types','2022-09-10 03:28:48','2022-09-10 03:29:45'),(2468,0,'en','plugins/ecommerce/bulk-import','please_choose_the_file','Please choose the file','2022-09-10 03:28:48','2022-09-10 03:29:45'),(2469,0,'en','plugins/ecommerce/bulk-import','start_import','Start Import','2022-09-10 03:28:48','2022-09-10 03:29:45'),(2470,0,'en','plugins/ecommerce/bulk-import','note','Note!','2022-09-10 03:28:48','2022-09-10 03:29:45'),(2471,0,'en','plugins/ecommerce/bulk-import','warning_before_importing','If this is your first time using this feature, please read the documentation or contact the Administrator for access to the correct functionality!','2022-09-10 03:28:48','2022-09-10 03:29:45'),(2472,0,'en','plugins/ecommerce/bulk-import','results','Result: :success successes, :failed failures','2022-09-10 03:28:48','2022-09-10 03:29:45'),(2473,0,'en','plugins/ecommerce/bulk-import','failures','Failures','2022-09-10 03:28:48','2022-09-10 03:29:45'),(2474,0,'en','plugins/ecommerce/bulk-import','tables.import','Import','2022-09-10 03:28:48','2022-09-10 03:29:45'),(2475,0,'en','plugins/ecommerce/bulk-import','template','Template','2022-09-10 03:28:48','2022-09-10 03:29:45'),(2476,0,'en','plugins/ecommerce/bulk-import','rules','Rules','2022-09-10 03:28:48','2022-09-10 03:29:45'),(2477,0,'en','plugins/ecommerce/bulk-import','choose_file_with_mime','Choose file with mime: (:types)','2022-09-10 03:28:48','2022-09-10 03:29:45'),(2478,0,'en','plugins/ecommerce/bulk-import','choose_file','Choose file','2022-09-10 03:28:48','2022-09-10 03:29:45'),(2479,0,'en','plugins/ecommerce/bulk-import','menu','Import products','2022-09-10 03:28:48','2022-09-10 03:29:45'),(2480,0,'en','plugins/ecommerce/bulk-import','download-csv-file','Download CSV template','2022-09-10 03:28:48','2022-09-10 03:29:45'),(2481,0,'en','plugins/ecommerce/bulk-import','download-excel-file','Download Excel template','2022-09-10 03:28:48','2022-09-10 03:29:45'),(2482,0,'en','plugins/ecommerce/bulk-import','downloading','Downloading...','2022-09-10 03:28:48','2022-09-10 03:29:45'),(2483,0,'en','plugins/ecommerce/bulk-import','export.template.input_error','Input error','2022-09-10 03:28:48','2022-09-10 03:29:45'),(2484,0,'en','plugins/ecommerce/bulk-import','export.template.number_not_allowed','Number is not allowed!','2022-09-10 03:28:48','2022-09-10 03:29:45'),(2485,0,'en','plugins/ecommerce/bulk-import','export.template.allowed_input','Allowed input','2022-09-10 03:28:48','2022-09-10 03:29:45'),(2486,0,'en','plugins/ecommerce/bulk-import','export.template.prompt_decimal','Only numbers or decimals are accepted and greater than or equal to :min.','2022-09-10 03:28:48','2022-09-10 03:29:45'),(2487,0,'en','plugins/ecommerce/bulk-import','export.template.prompt_whole_number','Only numbers are accepted and greater than or equal to :min.','2022-09-10 03:28:48','2022-09-10 03:29:45'),(2488,0,'en','plugins/ecommerce/bulk-import','export.template.prompt_list','Please pick a value from the drop-down list.','2022-09-10 03:28:48','2022-09-10 03:29:45'),(2489,0,'en','plugins/ecommerce/bulk-import','export.template.pick_from_list','Pick from list','2022-09-10 03:28:48','2022-09-10 03:29:45'),(2490,0,'en','plugins/ecommerce/bulk-import','export.template.value_not_in_list','Value is not in list.','2022-09-10 03:28:48','2022-09-10 03:29:45'),(2491,0,'en','plugins/ecommerce/bulk-import','import_failed_description','Import failed, please check the errors below!','2022-09-10 03:28:48','2022-09-10 03:29:45'),(2492,0,'en','plugins/ecommerce/currency','currencies','Currencies','2022-09-10 03:28:48','2022-09-10 03:29:45'),(2493,0,'en','plugins/ecommerce/currency','setting_description','List of currencies using on website','2022-09-10 03:28:48','2022-09-10 03:29:45'),(2494,0,'en','plugins/ecommerce/currency','name','Name','2022-09-10 03:28:48','2022-09-10 03:29:45'),(2495,0,'en','plugins/ecommerce/currency','symbol','Symbol','2022-09-10 03:28:48','2022-09-10 03:29:45'),(2496,0,'en','plugins/ecommerce/currency','number_of_decimals','Number of decimals','2022-09-10 03:28:48','2022-09-10 03:29:45'),(2497,0,'en','plugins/ecommerce/currency','exchange_rate','Exchange rate','2022-09-10 03:28:48','2022-09-10 03:29:45'),(2498,0,'en','plugins/ecommerce/currency','is_prefix_symbol','Position of symbol','2022-09-10 03:28:48','2022-09-10 03:29:45'),(2499,0,'en','plugins/ecommerce/currency','is_default','Is default?','2022-09-10 03:28:48','2022-09-10 03:29:45'),(2500,0,'en','plugins/ecommerce/currency','remove','Remove','2022-09-10 03:28:48','2022-09-10 03:29:45'),(2501,0,'en','plugins/ecommerce/currency','new_currency','Add a new currency','2022-09-10 03:28:48','2022-09-10 03:29:45'),(2502,0,'en','plugins/ecommerce/currency','save_settings','Save settings','2022-09-10 03:28:48','2022-09-10 03:29:45'),(2503,0,'en','plugins/ecommerce/currency','before_number','Before number','2022-09-10 03:28:48','2022-09-10 03:29:45'),(2504,0,'en','plugins/ecommerce/currency','after_number','After number','2022-09-10 03:28:48','2022-09-10 03:29:45'),(2505,0,'en','plugins/ecommerce/currency','require_at_least_one_currency','The system requires at least one currency!','2022-09-10 03:28:48','2022-09-10 03:29:45'),(2506,0,'en','plugins/ecommerce/currency','enable_auto_detect_visitor_currency','Enable auto-detect visitor currency?','2022-09-10 03:28:48','2022-09-10 03:29:45'),(2507,0,'en','plugins/ecommerce/currency','add_space_between_price_and_currency','Add a space between price and currency?','2022-09-10 03:28:48','2022-09-10 03:29:45'),(2508,0,'en','plugins/ecommerce/currency','invalid_currency_name','Invalid currency code, it must be in :currencies.','2022-09-10 03:28:48','2022-09-10 03:29:45'),(2509,0,'en','plugins/ecommerce/currency','instruction','Please check list currency code here: https://en.wikipedia.org/wiki/ISO_4217','2022-09-10 03:28:48','2022-09-10 03:29:45'),(2510,0,'en','plugins/ecommerce/currency','code','Code','2022-09-10 03:28:48','2022-09-10 03:29:45'),(2511,0,'en','plugins/ecommerce/customer','name','Customers','2022-09-10 03:28:48','2022-09-10 03:29:45'),(2512,0,'en','plugins/ecommerce/customer','create','Create a customer','2022-09-10 03:28:48','2022-09-10 03:29:45'),(2513,0,'en','plugins/ecommerce/customer','edit','Edit customer \":name\"','2022-09-10 03:28:48','2022-09-10 03:29:45'),(2514,0,'en','plugins/ecommerce/customer','email','Email','2022-09-10 03:28:48','2022-09-10 03:29:45'),(2515,0,'en','plugins/ecommerce/customer','email_placeholder','Ex: example@gmail.com','2022-09-10 03:28:48','2022-09-10 03:29:45'),(2516,0,'en','plugins/ecommerce/customer','password','Password','2022-09-10 03:28:48','2022-09-10 03:29:45'),(2517,0,'en','plugins/ecommerce/customer','change_password','Change password?','2022-09-10 03:28:48','2022-09-10 03:29:45'),(2518,0,'en','plugins/ecommerce/customer','password_confirmation','Password confirmation','2022-09-10 03:28:48','2022-09-10 03:29:45'),(2519,0,'en','plugins/ecommerce/customer','intro.title','Manage customers','2022-09-10 03:28:48','2022-09-10 03:29:45'),(2520,0,'en','plugins/ecommerce/customer','intro.description','When a customer buy your product(s), you will know their order histories.','2022-09-10 03:28:48','2022-09-10 03:29:45'),(2521,0,'en','plugins/ecommerce/customer','intro.button_text','Create customer','2022-09-10 03:28:48','2022-09-10 03:29:45'),(2522,0,'en','plugins/ecommerce/customer','phone','Phone','2022-09-10 03:28:48','2022-09-10 03:29:45'),(2523,0,'en','plugins/ecommerce/customer','phone_placeholder','Phone','2022-09-10 03:28:48','2022-09-10 03:29:45'),(2524,0,'en','plugins/ecommerce/customer','avatar','Avatar','2022-09-10 03:28:48','2022-09-10 03:29:45'),(2525,0,'en','plugins/ecommerce/customer','dob','Date of birth','2022-09-10 03:28:48','2022-09-10 03:29:45'),(2526,0,'en','plugins/ecommerce/customer','statuses.activated','Activated','2022-09-10 03:28:48','2022-09-10 03:29:45'),(2527,0,'en','plugins/ecommerce/customer','statuses.locked','Locked','2022-09-10 03:28:48','2022-09-10 03:29:45'),(2528,0,'en','plugins/ecommerce/customer','email_verified','Email verified?','2022-09-10 03:28:48','2022-09-10 03:29:45'),(2529,0,'en','plugins/ecommerce/discount','name','Discounts','2022-09-10 03:28:48','2022-09-10 03:29:45'),(2530,0,'en','plugins/ecommerce/discount','create','Create discount','2022-09-10 03:28:48','2022-09-10 03:29:45'),(2531,0,'en','plugins/ecommerce/discount','invalid_coupon','This coupon is invalid or expired!','2022-09-10 03:28:48','2022-09-10 03:29:45'),(2532,0,'en','plugins/ecommerce/discount','cannot_use_same_time_with_other_discount_program','Cannot use this coupon in the same time with other discount program!','2022-09-10 03:28:48','2022-09-10 03:29:45'),(2533,0,'en','plugins/ecommerce/discount','not_used','This coupon is not used yet!','2022-09-10 03:28:48','2022-09-10 03:29:45'),(2534,0,'en','plugins/ecommerce/discount','detail','Detail','2022-09-10 03:28:48','2022-09-10 03:29:45'),(2535,0,'en','plugins/ecommerce/discount','used','Used','2022-09-10 03:28:48','2022-09-10 03:29:45'),(2536,0,'en','plugins/ecommerce/discount','intro.title','Manage discount/coupon code','2022-09-10 03:28:48','2022-09-10 03:29:45'),(2537,0,'en','plugins/ecommerce/discount','intro.description','Create coupon code or promotion for your products.','2022-09-10 03:28:48','2022-09-10 03:29:45'),(2538,0,'en','plugins/ecommerce/discount','intro.button_text','Create discount','2022-09-10 03:28:48','2022-09-10 03:29:45'),(2539,0,'en','plugins/ecommerce/discount','expired','Expired','2022-09-10 03:28:48','2022-09-10 03:29:45'),(2540,0,'en','plugins/ecommerce/discount','discount_promotion','Discount promotion','2022-09-10 03:28:48','2022-09-10 03:29:45'),(2541,0,'en','plugins/ecommerce/discount','can','can','2022-09-10 03:28:48','2022-09-10 03:29:45'),(2542,0,'en','plugins/ecommerce/discount','cannot','cannot','2022-09-10 03:28:48','2022-09-10 03:29:45'),(2543,0,'en','plugins/ecommerce/discount','use_with_promotion','be used with promotion','2022-09-10 03:28:48','2022-09-10 03:29:45'),(2544,0,'en','plugins/ecommerce/discount','create_discount_validate_title_required_if','Please enter the name of the promotion','2022-09-10 03:28:48','2022-09-10 03:29:45'),(2545,0,'en','plugins/ecommerce/discount','create_discount_validate_code_required_if','Please enter the promotion code','2022-09-10 03:28:48','2022-09-10 03:29:45'),(2546,0,'en','plugins/ecommerce/discount','create_discount_validate_value_required','Amount must be greater than 0','2022-09-10 03:28:48','2022-09-10 03:29:45'),(2547,0,'en','plugins/ecommerce/discount','create_discount_validate_target_required','No object selected for promotion','2022-09-10 03:28:48','2022-09-10 03:29:45'),(2548,0,'en','plugins/ecommerce/discount','enums.type-options.amount','Amount - Fixed','2022-09-10 03:28:48','2022-09-10 03:29:45'),(2549,0,'en','plugins/ecommerce/discount','enums.type-options.percentage','Discount %','2022-09-10 03:28:48','2022-09-10 03:29:45'),(2550,0,'en','plugins/ecommerce/discount','enums.type-options.shipping','Free shipping','2022-09-10 03:28:48','2022-09-10 03:29:45'),(2551,0,'en','plugins/ecommerce/discount','enums.type-options.same-price','Same price','2022-09-10 03:28:48','2022-09-10 03:29:45'),(2552,0,'en','plugins/ecommerce/discount','discount','Discount','2022-09-10 03:28:48','2022-09-10 03:29:45'),(2553,0,'en','plugins/ecommerce/discount','create_coupon_code','Create coupon code','2022-09-10 03:28:48','2022-09-10 03:29:45'),(2554,0,'en','plugins/ecommerce/discount','create_discount_promotion','Create discount promotion','2022-09-10 03:28:48','2022-09-10 03:29:45'),(2555,0,'en','plugins/ecommerce/discount','generate_coupon_code','Generate coupon code','2022-09-10 03:28:48','2022-09-10 03:29:45'),(2556,0,'en','plugins/ecommerce/discount','customers_will_enter_this_coupon_code_when_they_checkout','Customers will enter this coupon code when they checkout','2022-09-10 03:28:48','2022-09-10 03:29:45'),(2557,0,'en','plugins/ecommerce/discount','select_type_of_discount','Select type of discount','2022-09-10 03:28:48','2022-09-10 03:29:45'),(2558,0,'en','plugins/ecommerce/discount','coupon_code','Coupon code','2022-09-10 03:28:48','2022-09-10 03:29:45'),(2559,0,'en','plugins/ecommerce/discount','promotion','Promotion','2022-09-10 03:28:48','2022-09-10 03:29:45'),(2560,0,'en','plugins/ecommerce/discount','can_be_used_with_promotion','Can be used with promotion','2022-09-10 03:28:48','2022-09-10 03:29:45'),(2561,0,'en','plugins/ecommerce/discount','unlimited_coupon','Unlimited coupon','2022-09-10 03:28:48','2022-09-10 03:29:45'),(2562,0,'en','plugins/ecommerce/discount','enter_number','Enter number','2022-09-10 03:28:48','2022-09-10 03:29:45'),(2563,0,'en','plugins/ecommerce/discount','coupon_type','Coupon type','2022-09-10 03:28:48','2022-09-10 03:29:45'),(2564,0,'en','plugins/ecommerce/discount','percentage_discount','Percentage discount (%)','2022-09-10 03:28:48','2022-09-10 03:29:45'),(2565,0,'en','plugins/ecommerce/discount','free_shipping','Free shipping','2022-09-10 03:28:48','2022-09-10 03:29:45'),(2566,0,'en','plugins/ecommerce/discount','same_price','Same price','2022-09-10 03:28:48','2022-09-10 03:29:45'),(2567,0,'en','plugins/ecommerce/discount','apply_for','apply for','2022-09-10 03:28:48','2022-09-10 03:29:45'),(2568,0,'en','plugins/ecommerce/discount','all_orders','All orders','2022-09-10 03:28:48','2022-09-10 03:29:45'),(2569,0,'en','plugins/ecommerce/discount','order_amount_from','Order amount from','2022-09-10 03:28:48','2022-09-10 03:29:45'),(2570,0,'en','plugins/ecommerce/discount','product_collection','Product collection','2022-09-10 03:28:48','2022-09-10 03:29:45'),(2571,0,'en','plugins/ecommerce/discount','product','Product','2022-09-10 03:28:48','2022-09-10 03:29:45'),(2572,0,'en','plugins/ecommerce/discount','customer','Customer','2022-09-10 03:28:48','2022-09-10 03:29:45'),(2573,0,'en','plugins/ecommerce/discount','variant','Variant','2022-09-10 03:28:48','2022-09-10 03:29:45'),(2574,0,'en','plugins/ecommerce/discount','search_product','Search product','2022-09-10 03:28:48','2022-09-10 03:29:45'),(2575,0,'en','plugins/ecommerce/discount','no_products_found','No products found!','2022-09-10 03:28:48','2022-09-10 03:29:45'),(2576,0,'en','plugins/ecommerce/discount','search_customer','Search customer','2022-09-10 03:28:48','2022-09-10 03:29:45'),(2577,0,'en','plugins/ecommerce/discount','no_customer_found','No customer found!','2022-09-10 03:28:48','2022-09-10 03:29:45'),(2578,0,'en','plugins/ecommerce/discount','one_time_per_order','One time per order','2022-09-10 03:28:48','2022-09-10 03:29:45'),(2579,0,'en','plugins/ecommerce/discount','one_time_per_product_in_cart','One time per product in cart','2022-09-10 03:28:48','2022-09-10 03:29:45'),(2580,0,'en','plugins/ecommerce/discount','number_of_products','Number of products required to apply','2022-09-10 03:28:48','2022-09-10 03:29:45'),(2581,0,'en','plugins/ecommerce/discount','selected_products','Selected products','2022-09-10 03:28:48','2022-09-10 03:29:45'),(2582,0,'en','plugins/ecommerce/discount','selected_customers','Selected customers','2022-09-10 03:28:48','2022-09-10 03:29:45'),(2583,0,'en','plugins/ecommerce/discount','time','Time','2022-09-10 03:28:48','2022-09-10 03:29:45'),(2584,0,'en','plugins/ecommerce/discount','start_date','Start date','2022-09-10 03:28:48','2022-09-10 03:29:45'),(2585,0,'en','plugins/ecommerce/discount','end_date','End date','2022-09-10 03:28:48','2022-09-10 03:29:45'),(2586,0,'en','plugins/ecommerce/discount','never_expired','Never expired','2022-09-10 03:28:48','2022-09-10 03:29:45'),(2587,0,'en','plugins/ecommerce/discount','save','Save','2022-09-10 03:28:48','2022-09-10 03:29:45'),(2588,0,'en','plugins/ecommerce/discount','enter_promotion_name','Enter promotion name','2022-09-10 03:28:48','2022-09-10 03:29:45'),(2589,0,'en','plugins/ecommerce/discount','enter_coupon_name','Enter coupon name','2022-09-10 03:28:48','2022-09-10 03:29:45'),(2590,0,'en','plugins/ecommerce/discount','cancel','Cancel','2022-09-10 03:28:48','2022-09-10 03:29:45'),(2591,0,'en','plugins/ecommerce/discount','is','Is','2022-09-10 03:28:48','2022-09-10 03:29:45'),(2592,0,'en','plugins/ecommerce/discount','when_shipping_fee_less_than','when shipping fee less than','2022-09-10 03:28:48','2022-09-10 03:29:45'),(2593,0,'en','plugins/ecommerce/discount','minimum_order_amount_error','You are under :minimum_amount to apply the coupon, you must add :add_more more items to your cart','2022-09-10 03:28:48','2022-09-10 03:29:45'),(2594,0,'en','plugins/ecommerce/ecommerce','settings','Settings','2022-09-10 03:28:48','2022-09-10 03:29:45'),(2595,0,'en','plugins/ecommerce/ecommerce','name','Ecommerce','2022-09-10 03:28:48','2022-09-10 03:29:45'),(2596,0,'en','plugins/ecommerce/ecommerce','setting.email.title','E-commerce','2022-09-10 03:28:48','2022-09-10 03:29:45'),(2597,0,'en','plugins/ecommerce/ecommerce','setting.email.description','Ecommerce email config','2022-09-10 03:28:49','2022-09-10 03:29:45'),(2598,0,'en','plugins/ecommerce/ecommerce','setting.email.order_confirm_subject','Subject of order confirmation email','2022-09-10 03:28:49','2022-09-10 03:29:45'),(2599,0,'en','plugins/ecommerce/ecommerce','setting.email.order_confirm_subject_placeholder','The subject of email confirmation send to the customer','2022-09-10 03:28:49','2022-09-10 03:29:45'),(2600,0,'en','plugins/ecommerce/ecommerce','setting.email.order_confirm_content','Content of order confirmation email','2022-09-10 03:28:49','2022-09-10 03:29:45'),(2601,0,'en','plugins/ecommerce/ecommerce','setting.email.order_status_change_subject','Subject of email when changing order\'s status','2022-09-10 03:28:49','2022-09-10 03:29:45'),(2602,0,'en','plugins/ecommerce/ecommerce','setting.email.order_status_change_subject_placeholder','Subject of email when changing order\'s status send to customer','2022-09-10 03:28:49','2022-09-10 03:29:45'),(2603,0,'en','plugins/ecommerce/ecommerce','setting.email.order_status_change_content','Content of email when changing order\'s status','2022-09-10 03:28:49','2022-09-10 03:29:45'),(2604,0,'en','plugins/ecommerce/ecommerce','setting.email.from_email','Email from','2022-09-10 03:28:49','2022-09-10 03:29:45'),(2605,0,'en','plugins/ecommerce/ecommerce','setting.email.from_email_placeholder','Email from address to display in mail. Ex: example@gmail.com','2022-09-10 03:28:49','2022-09-10 03:29:45'),(2606,0,'en','plugins/ecommerce/ecommerce','setting.title','Basic information','2022-09-10 03:28:49','2022-09-10 03:29:45'),(2607,0,'en','plugins/ecommerce/ecommerce','setting.state','State','2022-09-10 03:28:49','2022-09-10 03:29:45'),(2608,0,'en','plugins/ecommerce/ecommerce','setting.city','City','2022-09-10 03:28:49','2022-09-10 03:29:45'),(2609,0,'en','plugins/ecommerce/ecommerce','setting.country','Country','2022-09-10 03:28:49','2022-09-10 03:29:45'),(2610,0,'en','plugins/ecommerce/ecommerce','setting.weight_unit_gram','Gram (g)','2022-09-10 03:28:49','2022-09-10 03:29:45'),(2611,0,'en','plugins/ecommerce/ecommerce','setting.weight_unit_kilogram','Kilogram (kg)','2022-09-10 03:28:49','2022-09-10 03:29:45'),(2612,0,'en','plugins/ecommerce/ecommerce','setting.weight_unit_lb','Pound (lb)','2022-09-10 03:28:49','2022-09-10 03:29:45'),(2613,0,'en','plugins/ecommerce/ecommerce','setting.weight_unit_oz','Ounce (oz)','2022-09-10 03:28:49','2022-09-10 03:29:45'),(2614,0,'en','plugins/ecommerce/ecommerce','setting.height_unit_cm','Centimeter (cm)','2022-09-10 03:28:49','2022-09-10 03:29:45'),(2615,0,'en','plugins/ecommerce/ecommerce','setting.height_unit_m','Meter (m)','2022-09-10 03:28:49','2022-09-10 03:29:45'),(2616,0,'en','plugins/ecommerce/ecommerce','setting.height_unit_inch','Inch','2022-09-10 03:28:49','2022-09-10 03:29:45'),(2617,0,'en','plugins/ecommerce/ecommerce','setting.store_locator_title','Store locators','2022-09-10 03:28:49','2022-09-10 03:29:45'),(2618,0,'en','plugins/ecommerce/ecommerce','setting.store_locator_description','All the lists of your chains, main stores, branches, etc. The locations can be used to track sales and to help us configure tax rates to charge when selling products.','2022-09-10 03:28:49','2022-09-10 03:29:45'),(2619,0,'en','plugins/ecommerce/ecommerce','setting.phone','Phone','2022-09-10 03:28:49','2022-09-10 03:29:45'),(2620,0,'en','plugins/ecommerce/ecommerce','setting.address','Address','2022-09-10 03:28:49','2022-09-10 03:29:45'),(2621,0,'en','plugins/ecommerce/ecommerce','setting.is_primary','Primary?','2022-09-10 03:28:49','2022-09-10 03:29:45'),(2622,0,'en','plugins/ecommerce/ecommerce','setting.add_new','Add new','2022-09-10 03:28:49','2022-09-10 03:29:45'),(2623,0,'en','plugins/ecommerce/ecommerce','setting.or','Or','2022-09-10 03:28:49','2022-09-10 03:29:45'),(2624,0,'en','plugins/ecommerce/ecommerce','setting.change_primary_store','change default store locator','2022-09-10 03:28:49','2022-09-10 03:29:45'),(2625,0,'en','plugins/ecommerce/ecommerce','setting.other_settings','Other settings','2022-09-10 03:28:49','2022-09-10 03:29:45'),(2626,0,'en','plugins/ecommerce/ecommerce','setting.other_settings_description','Settings for cart, review...','2022-09-10 03:28:49','2022-09-10 03:29:45'),(2627,0,'en','plugins/ecommerce/ecommerce','setting.enable_cart','Enable shopping cart?','2022-09-10 03:28:49','2022-09-10 03:29:45'),(2628,0,'en','plugins/ecommerce/ecommerce','setting.enable_tax','Enable tax?','2022-09-10 03:28:49','2022-09-10 03:29:45'),(2629,0,'en','plugins/ecommerce/ecommerce','setting.display_product_price_including_taxes','Display product price including taxes?','2022-09-10 03:28:49','2022-09-10 03:29:45'),(2630,0,'en','plugins/ecommerce/ecommerce','setting.enable_review','Enable review?','2022-09-10 03:28:49','2022-09-10 03:29:45'),(2631,0,'en','plugins/ecommerce/ecommerce','setting.enable_quick_buy_button','Enable quick buy button?','2022-09-10 03:28:49','2022-09-10 03:29:45'),(2632,0,'en','plugins/ecommerce/ecommerce','setting.quick_buy_target','Quick buy target page?','2022-09-10 03:28:49','2022-09-10 03:29:45'),(2633,0,'en','plugins/ecommerce/ecommerce','setting.checkout_page','Checkout page','2022-09-10 03:28:49','2022-09-10 03:29:45'),(2634,0,'en','plugins/ecommerce/ecommerce','setting.cart_page','Cart page','2022-09-10 03:28:49','2022-09-10 03:29:45'),(2635,0,'en','plugins/ecommerce/ecommerce','setting.add_location','Add location','2022-09-10 03:28:49','2022-09-10 03:29:45'),(2636,0,'en','plugins/ecommerce/ecommerce','setting.edit_location','Edit location','2022-09-10 03:28:49','2022-09-10 03:29:45'),(2637,0,'en','plugins/ecommerce/ecommerce','setting.delete_location','Delete location','2022-09-10 03:28:49','2022-09-10 03:29:45'),(2638,0,'en','plugins/ecommerce/ecommerce','setting.change_primary_location','Change primary location','2022-09-10 03:28:49','2022-09-10 03:29:45'),(2639,0,'en','plugins/ecommerce/ecommerce','setting.delete_location_confirmation','Are you sure you want to delete this location? This action cannot be undo.','2022-09-10 03:28:49','2022-09-10 03:29:45'),(2640,0,'en','plugins/ecommerce/ecommerce','setting.save_location','Save location','2022-09-10 03:28:49','2022-09-10 03:29:45'),(2641,0,'en','plugins/ecommerce/ecommerce','setting.accept','Accept','2022-09-10 03:28:49','2022-09-10 03:29:45'),(2642,0,'en','plugins/ecommerce/ecommerce','setting.select_country','Select country...','2022-09-10 03:28:49','2022-09-10 03:29:45'),(2643,0,'en','plugins/ecommerce/ecommerce','setting.zip_code_enabled','Enable Zip Code?','2022-09-10 03:28:49','2022-09-10 03:29:45'),(2644,0,'en','plugins/ecommerce/ecommerce','setting.thousands_separator','Thousands separator','2022-09-10 03:28:49','2022-09-10 03:29:45'),(2645,0,'en','plugins/ecommerce/ecommerce','setting.decimal_separator','Decimal separator','2022-09-10 03:28:49','2022-09-10 03:29:45'),(2646,0,'en','plugins/ecommerce/ecommerce','setting.separator_period','Period (.)','2022-09-10 03:28:49','2022-09-10 03:29:45'),(2647,0,'en','plugins/ecommerce/ecommerce','setting.separator_comma','Comma (,)','2022-09-10 03:28:49','2022-09-10 03:29:45'),(2648,0,'en','plugins/ecommerce/ecommerce','setting.separator_space','Space ( )','2022-09-10 03:28:49','2022-09-10 03:29:45'),(2649,0,'en','plugins/ecommerce/ecommerce','setting.available_countries','Available countries','2022-09-10 03:28:49','2022-09-10 03:29:45'),(2650,0,'en','plugins/ecommerce/ecommerce','setting.all','All','2022-09-10 03:28:49','2022-09-10 03:29:45'),(2651,0,'en','plugins/ecommerce/ecommerce','setting.verify_customer_email','Verify customer\'s email?','2022-09-10 03:28:49','2022-09-10 03:29:45'),(2652,0,'en','plugins/ecommerce/ecommerce','setting.minimum_order_amount','Minimum order amount to place an order (:currency).','2022-09-10 03:28:49','2022-09-10 03:29:45'),(2653,0,'en','plugins/ecommerce/ecommerce','setting.enable_guest_checkout','Enable guest checkout?','2022-09-10 03:28:49','2022-09-10 03:29:45'),(2654,0,'en','plugins/ecommerce/ecommerce','setting.show_number_of_products','Show number of products in the product single','2022-09-10 03:28:49','2022-09-10 03:29:45'),(2655,0,'en','plugins/ecommerce/ecommerce','setting.payment_method_cod_minimum_amount','Minimum order amount - :currency (Optional)','2022-09-10 03:28:49','2022-09-10 03:29:45'),(2656,0,'en','plugins/ecommerce/ecommerce','setting.review.max_file_size','Review max file size (MB)','2022-09-10 03:28:49','2022-09-10 03:29:45'),(2657,0,'en','plugins/ecommerce/ecommerce','setting.review.max_file_number','Review max file number','2022-09-10 03:28:49','2022-09-10 03:29:45'),(2658,0,'en','plugins/ecommerce/ecommerce','setting.using_custom_font_for_invoice','Using custom font for invoice?','2022-09-10 03:28:49','2022-09-10 03:29:45'),(2659,0,'en','plugins/ecommerce/ecommerce','setting.invoice_font_family','Invoice font family (Only work for Latin language)','2022-09-10 03:28:49','2022-09-10 03:29:45'),(2660,0,'en','plugins/ecommerce/ecommerce','setting.enable_invoice_stamp','Enable invoice stamp?','2022-09-10 03:28:49','2022-09-10 03:29:45'),(2661,0,'en','plugins/ecommerce/ecommerce','setting.invoice_support_arabic_language','Support Arabic language in invoice?','2022-09-10 03:28:49','2022-09-10 03:29:45'),(2662,0,'en','plugins/ecommerce/ecommerce','setting.make_phone_field_at_the_checkout_optional','Make phone field at the checkout optional?','2022-09-10 03:28:49','2022-09-10 03:29:45'),(2663,0,'en','plugins/ecommerce/ecommerce','setting.disable_order_invoice_until_order_confirmed','Disable order invoice until order confirmed?','2022-09-10 03:28:49','2022-09-10 03:29:45'),(2664,0,'en','plugins/ecommerce/ecommerce','setting.vat_number','VAT number','2022-09-10 03:28:49','2022-09-10 03:29:45'),(2665,0,'en','plugins/ecommerce/ecommerce','setting.enable_recaptcha_in_register_page','Enable Recaptcha in the registration page?','2022-09-10 03:28:49','2022-09-10 03:29:45'),(2666,0,'en','plugins/ecommerce/ecommerce','setting.enable_recaptcha_in_register_page_description','Need to setup Captcha in Admin -> Settings -> General first.','2022-09-10 03:28:49','2022-09-10 03:29:45'),(2667,0,'en','plugins/ecommerce/ecommerce','setting.show_out_of_stock_products','Show out of stock products?','2022-09-10 03:28:49','2022-09-10 03:29:45'),(2668,0,'en','plugins/ecommerce/ecommerce','setting.default_tax_rate','Default tax rate','2022-09-10 03:28:49','2022-09-10 03:29:45'),(2669,0,'en','plugins/ecommerce/ecommerce','setting.default_tax_rate_description','Important: it will be applied if no tax selected in product.','2022-09-10 03:28:49','2022-09-10 03:29:45'),(2670,0,'en','plugins/ecommerce/ecommerce','setting.how_to_display_product_variation_images','How to display product variation images?','2022-09-10 03:28:50','2022-09-10 03:29:45'),(2671,0,'en','plugins/ecommerce/ecommerce','setting.only_variation_images','Only variation images','2022-09-10 03:28:50','2022-09-10 03:29:45'),(2672,0,'en','plugins/ecommerce/ecommerce','setting.variation_images_and_main_product_images','Variation images + main product images','2022-09-10 03:28:50','2022-09-10 03:29:45'),(2673,0,'en','plugins/ecommerce/ecommerce','setting.load_countries_states_cities_from_location_plugin','Load countries, states, cities from plugin location?','2022-09-10 03:28:50','2022-09-10 03:29:45'),(2674,0,'en','plugins/ecommerce/ecommerce','setting.enable_wishlist','Enable wishlist?','2022-09-10 03:28:50','2022-09-10 03:29:45'),(2675,0,'en','plugins/ecommerce/ecommerce','setting.enable_compare','Enable compare?','2022-09-10 03:28:50','2022-09-10 03:29:45'),(2676,0,'en','plugins/ecommerce/ecommerce','setting.enable_order_tracking','Enable order tracking?','2022-09-10 03:28:50','2022-09-10 03:29:45'),(2677,0,'en','plugins/ecommerce/ecommerce','setting.recently_viewed.enable','Enable customer recently viewed products?','2022-09-10 03:28:50','2022-09-10 03:29:45'),(2678,0,'en','plugins/ecommerce/ecommerce','setting.recently_viewed.max','Maximum number of customer recently viewed products','2022-09-10 03:28:50','2022-09-10 03:29:45'),(2679,0,'en','plugins/ecommerce/ecommerce','setting.recently_viewed.max_helper','If you set 0, it will save all products.','2022-09-10 03:28:50','2022-09-10 03:29:45'),(2680,0,'en','plugins/ecommerce/ecommerce','setting.search_products','Search products','2022-09-10 03:28:50','2022-09-10 03:29:45'),(2681,0,'en','plugins/ecommerce/ecommerce','setting.search_products_description','Config rules to search products','2022-09-10 03:28:50','2022-09-10 03:29:45'),(2682,0,'en','plugins/ecommerce/ecommerce','setting.search_for_an_exact_phrase','Search for an exact phrase?','2022-09-10 03:28:50','2022-09-10 03:29:45'),(2683,0,'en','plugins/ecommerce/ecommerce','setting.search_products_by','Search products by:','2022-09-10 03:28:50','2022-09-10 03:29:45'),(2684,0,'en','plugins/ecommerce/ecommerce','setting.tracking_settings','Tracking settings','2022-09-10 03:28:50','2022-09-10 03:29:45'),(2685,0,'en','plugins/ecommerce/ecommerce','setting.tracking_settings_description','Manage tracking: UTM, Facebook, Google Tag Manager...','2022-09-10 03:28:50','2022-09-10 03:29:45'),(2686,0,'en','plugins/ecommerce/ecommerce','setting.enable_facebook_pixel','Enable Facebook Pixel (Meta Pixel)?','2022-09-10 03:28:50','2022-09-10 03:29:45'),(2687,0,'en','plugins/ecommerce/ecommerce','setting.facebook_pixel_id','Facebook Pixel ID','2022-09-10 03:28:50','2022-09-10 03:29:45'),(2688,0,'en','plugins/ecommerce/ecommerce','setting.facebook_pixel_helper','Go to https://developers.facebook.com/docs/meta-pixel to create Facebook Pixel.','2022-09-10 03:28:50','2022-09-10 03:29:45'),(2689,0,'en','plugins/ecommerce/ecommerce','setting.webhook','Webhook','2022-09-10 03:28:50','2022-09-10 03:29:45'),(2690,0,'en','plugins/ecommerce/ecommerce','setting.webhook_description','Send webhook when order placed.','2022-09-10 03:28:50','2022-09-10 03:29:45'),(2691,0,'en','plugins/ecommerce/ecommerce','setting.order_placed_webhook_url','Order placed webhook URL (method: POST)','2022-09-10 03:28:50','2022-09-10 03:29:45'),(2692,0,'en','plugins/ecommerce/ecommerce','setting.return_request','Return Request','2022-09-10 03:28:50','2022-09-10 03:29:45'),(2693,0,'en','plugins/ecommerce/ecommerce','setting.return_request_description','Number of days a customer can request a return after the order is completed.','2022-09-10 03:28:50','2022-09-10 03:29:45'),(2694,0,'en','plugins/ecommerce/ecommerce','setting.returnable_days','Refundable days','2022-09-10 03:28:50','2022-09-10 03:29:45'),(2695,0,'en','plugins/ecommerce/ecommerce','setting.billing_address_enabled','Enable billing address?','2022-09-10 03:28:50','2022-09-10 03:29:45'),(2696,0,'en','plugins/ecommerce/ecommerce','setting.activate_custom_return_product_quantity','Activate custom return product quantity?','2022-09-10 03:28:50','2022-09-10 03:29:45'),(2697,0,'en','plugins/ecommerce/ecommerce','setting.activate_custom_return_product_quantity_description','Allow customer to change the quantity of the product they want to return.','2022-09-10 03:28:50','2022-09-10 03:29:45'),(2698,0,'en','plugins/ecommerce/ecommerce','store_address','Store address','2022-09-10 03:28:50','2022-09-10 03:29:45'),(2699,0,'en','plugins/ecommerce/ecommerce','store_phone','Store phone','2022-09-10 03:28:50','2022-09-10 03:29:45'),(2700,0,'en','plugins/ecommerce/ecommerce','order_id','Order ID','2022-09-10 03:28:50','2022-09-10 03:29:45'),(2701,0,'en','plugins/ecommerce/ecommerce','order_token','Order token','2022-09-10 03:28:50','2022-09-10 03:29:45'),(2702,0,'en','plugins/ecommerce/ecommerce','customer_name','Customer name','2022-09-10 03:28:50','2022-09-10 03:29:45'),(2703,0,'en','plugins/ecommerce/ecommerce','customer_email','Customer email','2022-09-10 03:28:50','2022-09-10 03:29:45'),(2704,0,'en','plugins/ecommerce/ecommerce','customer_phone','Customer phone','2022-09-10 03:28:50','2022-09-10 03:29:45'),(2705,0,'en','plugins/ecommerce/ecommerce','customer_address','Customer address','2022-09-10 03:28:50','2022-09-10 03:29:45'),(2706,0,'en','plugins/ecommerce/ecommerce','product_list','List products in order','2022-09-10 03:28:50','2022-09-10 03:29:45'),(2707,0,'en','plugins/ecommerce/ecommerce','payment_detail','Payment detail','2022-09-10 03:28:50','2022-09-10 03:29:45'),(2708,0,'en','plugins/ecommerce/ecommerce','shipping_method','Shipping method','2022-09-10 03:28:50','2022-09-10 03:29:45'),(2709,0,'en','plugins/ecommerce/ecommerce','payment_method','Payment method','2022-09-10 03:28:50','2022-09-10 03:29:45'),(2710,0,'en','plugins/ecommerce/ecommerce','standard_and_format','Standard & Format','2022-09-10 03:28:50','2022-09-10 03:29:45'),(2711,0,'en','plugins/ecommerce/ecommerce','standard_and_format_description','Standards and formats are used to calculate things like product prices, shipping weights, and order times.','2022-09-10 03:28:50','2022-09-10 03:29:45'),(2712,0,'en','plugins/ecommerce/ecommerce','change_order_format','Edit order code format (optional)','2022-09-10 03:28:50','2022-09-10 03:29:45'),(2713,0,'en','plugins/ecommerce/ecommerce','change_order_format_description','The default order code starts at: number. You can change the start or end string to create the order code you want, for example \"DH-: number\" or \": number-A\"','2022-09-10 03:28:50','2022-09-10 03:29:45'),(2714,0,'en','plugins/ecommerce/ecommerce','start_with','Start with','2022-09-10 03:28:50','2022-09-10 03:29:45'),(2715,0,'en','plugins/ecommerce/ecommerce','end_with','End with','2022-09-10 03:28:50','2022-09-10 03:29:45'),(2716,0,'en','plugins/ecommerce/ecommerce','order_will_be_shown','Your order code will be shown','2022-09-10 03:28:50','2022-09-10 03:29:45'),(2717,0,'en','plugins/ecommerce/ecommerce','weight_unit','Unit of weight','2022-09-10 03:28:50','2022-09-10 03:29:45'),(2718,0,'en','plugins/ecommerce/ecommerce','height_unit','Unit length / height','2022-09-10 03:28:50','2022-09-10 03:29:45'),(2719,0,'en','plugins/ecommerce/ecommerce','theme_options.name','Ecommerce','2022-09-10 03:28:50','2022-09-10 03:29:45'),(2720,0,'en','plugins/ecommerce/ecommerce','theme_options.description','Theme options for Ecommerce','2022-09-10 03:28:50','2022-09-10 03:29:45'),(2721,0,'en','plugins/ecommerce/ecommerce','theme_options.number_products_per_page','Number of products per page','2022-09-10 03:28:50','2022-09-10 03:29:45'),(2722,0,'en','plugins/ecommerce/ecommerce','theme_options.number_of_cross_sale_product','Number of cross sale products in product detail page','2022-09-10 03:28:50','2022-09-10 03:29:45'),(2723,0,'en','plugins/ecommerce/ecommerce','theme_options.max_price_filter','Maximum price to filter','2022-09-10 03:28:50','2022-09-10 03:29:45'),(2724,0,'en','plugins/ecommerce/ecommerce','theme_options.logo_in_the_checkout_page','Logo in the checkout page (Default is the main logo)','2022-09-10 03:28:50','2022-09-10 03:29:45'),(2725,0,'en','plugins/ecommerce/ecommerce','theme_options.logo_in_invoices','Logo in invoices (Default is the main logo)','2022-09-10 03:28:50','2022-09-10 03:29:45'),(2726,0,'en','plugins/ecommerce/ecommerce','basic_settings','Basic settings','2022-09-10 03:28:50','2022-09-10 03:29:45'),(2727,0,'en','plugins/ecommerce/ecommerce','advanced_settings','Advanced settings','2022-09-10 03:28:50','2022-09-10 03:29:45'),(2728,0,'en','plugins/ecommerce/email','customer_new_order_title','Order confirmation','2022-09-10 03:28:50','2022-09-10 03:29:45'),(2729,0,'en','plugins/ecommerce/email','customer_new_order_description','Send email confirmation to customer when an order placed','2022-09-10 03:28:50','2022-09-10 03:29:45'),(2730,0,'en','plugins/ecommerce/email','order_cancellation_title','Order cancellation','2022-09-10 03:28:50','2022-09-10 03:29:45'),(2731,0,'en','plugins/ecommerce/email','order_cancellation_description','Send to custom when they cancelled order','2022-09-10 03:28:50','2022-09-10 03:29:45'),(2732,0,'en','plugins/ecommerce/email','delivery_confirmation_title','Delivering confirmation','2022-09-10 03:28:50','2022-09-10 03:29:45'),(2733,0,'en','plugins/ecommerce/email','delivery_confirmation_description','Send to customer when order is delivering','2022-09-10 03:28:50','2022-09-10 03:29:45'),(2734,0,'en','plugins/ecommerce/email','admin_new_order_title','Notice about new order','2022-09-10 03:28:50','2022-09-10 03:29:45'),(2735,0,'en','plugins/ecommerce/email','admin_new_order_description','Send to administrators when an order placed','2022-09-10 03:28:50','2022-09-10 03:29:45'),(2736,0,'en','plugins/ecommerce/email','order_confirmation_title','Order confirmation','2022-09-10 03:28:50','2022-09-10 03:29:45'),(2737,0,'en','plugins/ecommerce/email','order_confirmation_description','Send to customer when they order was confirmed by admins','2022-09-10 03:28:50','2022-09-10 03:29:45'),(2738,0,'en','plugins/ecommerce/email','payment_confirmation_title','Payment confirmation','2022-09-10 03:28:50','2022-09-10 03:29:45'),(2739,0,'en','plugins/ecommerce/email','payment_confirmation_description','Send to customer when their payment was confirmed','2022-09-10 03:28:50','2022-09-10 03:29:45'),(2740,0,'en','plugins/ecommerce/email','order_recover_title','Incomplete order','2022-09-10 03:28:50','2022-09-10 03:29:45'),(2741,0,'en','plugins/ecommerce/email','order_recover_description','Send to custom to remind them about incomplete orders','2022-09-10 03:28:50','2022-09-10 03:29:45'),(2742,0,'en','plugins/ecommerce/email','view_order','View order','2022-09-10 03:28:50','2022-09-10 03:29:45'),(2743,0,'en','plugins/ecommerce/email','link_go_to_our_shop','or <a href=\":link\">Go to our shop</a>','2022-09-10 03:28:50','2022-09-10 03:29:45'),(2744,0,'en','plugins/ecommerce/email','order_number','Order number: <strong>:order_id</strong>','2022-09-10 03:28:50','2022-09-10 03:29:45'),(2745,0,'en','plugins/ecommerce/email','order_information','Order information:','2022-09-10 03:28:50','2022-09-10 03:29:45'),(2746,0,'en','plugins/ecommerce/email','order_return_request_title','Order return request','2022-09-10 03:28:50','2022-09-10 03:29:45'),(2747,0,'en','plugins/ecommerce/email','order_return_request_description','Send to customer when they return order','2022-09-10 03:28:50','2022-09-10 03:29:45'),(2748,0,'en','plugins/ecommerce/export','products.name','Export products','2022-09-10 03:28:50','2022-09-10 03:29:45'),(2749,0,'en','plugins/ecommerce/export','products.title','Export Products (CSV)','2022-09-10 03:28:50','2022-09-10 03:29:45'),(2750,0,'en','plugins/ecommerce/export','products.total_products','Total products','2022-09-10 03:28:50','2022-09-10 03:29:45'),(2751,0,'en','plugins/ecommerce/export','products.total_variations','Total variations','2022-09-10 03:28:50','2022-09-10 03:29:45'),(2752,0,'en','plugins/ecommerce/export','start_export','Start export','2022-09-10 03:28:50','2022-09-10 03:29:45'),(2753,0,'en','plugins/ecommerce/export','exporting','Exporting...','2022-09-10 03:28:50','2022-09-10 03:29:45'),(2754,0,'en','plugins/ecommerce/export','export','Export','2022-09-10 03:28:50','2022-09-10 03:29:45'),(2755,0,'en','plugins/ecommerce/flash-sale','name','Flash sales','2022-09-10 03:28:50','2022-09-10 03:29:45'),(2756,0,'en','plugins/ecommerce/flash-sale','create','New flash sale','2022-09-10 03:28:50','2022-09-10 03:29:45'),(2757,0,'en','plugins/ecommerce/flash-sale','edit','Edit flash sale','2022-09-10 03:28:50','2022-09-10 03:29:45'),(2758,0,'en','plugins/ecommerce/flash-sale','products','Products','2022-09-10 03:28:50','2022-09-10 03:29:45'),(2759,0,'en','plugins/ecommerce/order','statuses.pending','Pending','2022-09-10 03:28:50','2022-09-10 03:29:45'),(2760,0,'en','plugins/ecommerce/order','statuses.processing','Processing','2022-09-10 03:28:50','2022-09-10 03:29:45'),(2761,0,'en','plugins/ecommerce/order','statuses.completed','Completed','2022-09-10 03:28:50','2022-09-10 03:29:45'),(2762,0,'en','plugins/ecommerce/order','statuses.canceled','Canceled','2022-09-10 03:28:50','2022-09-10 03:29:45'),(2763,0,'en','plugins/ecommerce/order','menu','Orders','2022-09-10 03:28:50','2022-09-10 03:29:45'),(2764,0,'en','plugins/ecommerce/order','create','Create an order','2022-09-10 03:28:50','2022-09-10 03:29:45'),(2765,0,'en','plugins/ecommerce/order','cancel_error','The order is delivering or not completed','2022-09-10 03:28:50','2022-09-10 03:29:45'),(2766,0,'en','plugins/ecommerce/order','cancel_success','You do cancel the order successful','2022-09-10 03:28:50','2022-09-10 03:29:45'),(2767,0,'en','plugins/ecommerce/order','return_error','The order is delivering or not completed','2022-09-10 03:28:50','2022-09-10 03:29:45'),(2768,0,'en','plugins/ecommerce/order','return_success','Requested product(s) return successfully!','2022-09-10 03:28:50','2022-09-10 03:29:45'),(2769,0,'en','plugins/ecommerce/order','incomplete_order','Incomplete orders','2022-09-10 03:28:50','2022-09-10 03:29:45'),(2770,0,'en','plugins/ecommerce/order','order_id','Order ID','2022-09-10 03:28:50','2022-09-10 03:29:45'),(2771,0,'en','plugins/ecommerce/order','product_id','Product ID','2022-09-10 03:28:50','2022-09-10 03:29:45'),(2772,0,'en','plugins/ecommerce/order','customer_label','Customer','2022-09-10 03:28:50','2022-09-10 03:29:45'),(2773,0,'en','plugins/ecommerce/order','tax_amount','Tax Amount','2022-09-10 03:28:50','2022-09-10 03:29:45'),(2774,0,'en','plugins/ecommerce/order','shipping_amount','Shipping amount','2022-09-10 03:28:50','2022-09-10 03:29:45'),(2775,0,'en','plugins/ecommerce/order','payment_method','Payment method','2022-09-10 03:28:50','2022-09-10 03:29:45'),(2776,0,'en','plugins/ecommerce/order','payment_status_label','Payment status','2022-09-10 03:28:50','2022-09-10 03:29:45'),(2777,0,'en','plugins/ecommerce/order','manage_orders','Manage orders','2022-09-10 03:28:50','2022-09-10 03:29:45'),(2778,0,'en','plugins/ecommerce/order','order_intro_description','Once your store has orders, this is where you will process and track those orders.','2022-09-10 03:28:50','2022-09-10 03:29:45'),(2779,0,'en','plugins/ecommerce/order','create_new_order','Create a new order','2022-09-10 03:28:50','2022-09-10 03:29:45'),(2780,0,'en','plugins/ecommerce/order','manage_incomplete_orders','Manage incomplete orders','2022-09-10 03:28:50','2022-09-10 03:29:45'),(2781,0,'en','plugins/ecommerce/order','incomplete_orders_intro_description','Incomplete order is an order created when a customer adds a product to the cart, proceeds to fill out the purchase information but does not complete the checkout process.','2022-09-10 03:28:50','2022-09-10 03:29:45'),(2782,0,'en','plugins/ecommerce/order','invoice_for_order','Invoice for order','2022-09-10 03:28:50','2022-09-10 03:29:45'),(2783,0,'en','plugins/ecommerce/order','created','Created','2022-09-10 03:28:50','2022-09-10 03:29:45'),(2784,0,'en','plugins/ecommerce/order','invoice','Invoice','2022-09-10 03:28:50','2022-09-10 03:29:45'),(2785,0,'en','plugins/ecommerce/order','return','Order Return Request','2022-09-10 03:28:50','2022-09-10 03:29:45'),(2786,0,'en','plugins/ecommerce/order','is_return','Return checkbox','2022-09-10 03:28:50','2022-09-10 03:29:45'),(2787,0,'en','plugins/ecommerce/order','total_refund_amount','Total refund amount','2022-09-10 03:28:50','2022-09-10 03:29:45'),(2788,0,'en','plugins/ecommerce/order','total_amount_can_be_refunded','Total amount can be refunded','2022-09-10 03:28:50','2022-09-10 03:29:45'),(2789,0,'en','plugins/ecommerce/order','refund_reason','Refund reason','2022-09-10 03:28:50','2022-09-10 03:29:45'),(2790,0,'en','plugins/ecommerce/order','products','product(s)','2022-09-10 03:28:50','2022-09-10 03:29:45'),(2791,0,'en','plugins/ecommerce/order','default','Default','2022-09-10 03:28:50','2022-09-10 03:29:45'),(2792,0,'en','plugins/ecommerce/order','system','System','2022-09-10 03:28:50','2022-09-10 03:29:45'),(2793,0,'en','plugins/ecommerce/order','new_order_from','New order :order_id from :customer','2022-09-10 03:28:50','2022-09-10 03:29:45'),(2794,0,'en','plugins/ecommerce/order','confirmation_email_was_sent_to_customer','The email confirmation was sent to customer','2022-09-10 03:28:50','2022-09-10 03:29:45'),(2795,0,'en','plugins/ecommerce/order','address_name_required','The name field is required.','2022-09-10 03:28:50','2022-09-10 03:29:45'),(2796,0,'en','plugins/ecommerce/order','address_phone_required','The phone field is required.','2022-09-10 03:28:51','2022-09-10 03:29:45'),(2797,0,'en','plugins/ecommerce/order','address_email_required','The email field is required.','2022-09-10 03:28:51','2022-09-10 03:29:45'),(2798,0,'en','plugins/ecommerce/order','address_email_unique','The customer with that email is existed, please choose other email or login with this email!','2022-09-10 03:28:51','2022-09-10 03:29:45'),(2799,0,'en','plugins/ecommerce/order','address_state_required','The state field is required.','2022-09-10 03:28:51','2022-09-10 03:29:45'),(2800,0,'en','plugins/ecommerce/order','address_city_required','The city field is required.','2022-09-10 03:28:51','2022-09-10 03:29:45'),(2801,0,'en','plugins/ecommerce/order','address_country_required','The country field is required.','2022-09-10 03:28:51','2022-09-10 03:29:45'),(2802,0,'en','plugins/ecommerce/order','address_address_required','The address field is required.','2022-09-10 03:28:51','2022-09-10 03:29:45'),(2803,0,'en','plugins/ecommerce/order','create_order_from_payment_page','Order was created from checkout page','2022-09-10 03:28:51','2022-09-10 03:29:45'),(2804,0,'en','plugins/ecommerce/order','order_was_verified_by','Order was verified by %user_name%','2022-09-10 03:28:51','2022-09-10 03:29:45'),(2805,0,'en','plugins/ecommerce/order','new_order','New order :order_id','2022-09-10 03:28:51','2022-09-10 03:29:45'),(2806,0,'en','plugins/ecommerce/order','payment_was_confirmed_by','Payment was confirmed (amount :money) by %user_name%','2022-09-10 03:28:51','2022-09-10 03:29:45'),(2807,0,'en','plugins/ecommerce/order','edit_order','Edit order :code','2022-09-10 03:28:51','2022-09-10 03:29:45'),(2808,0,'en','plugins/ecommerce/order','confirm_order_success','Confirm order successfully!','2022-09-10 03:28:51','2022-09-10 03:29:45'),(2809,0,'en','plugins/ecommerce/order','error_when_sending_email','There is an error when sending email','2022-09-10 03:28:51','2022-09-10 03:29:45'),(2810,0,'en','plugins/ecommerce/order','sent_confirmation_email_success','Sent confirmation email successfully!','2022-09-10 03:28:51','2022-09-10 03:29:45'),(2811,0,'en','plugins/ecommerce/order','order_was_sent_to_shipping_team','Order was sent to shipping team','2022-09-10 03:28:51','2022-09-10 03:29:45'),(2812,0,'en','plugins/ecommerce/order','by_username','by %user_name%','2022-09-10 03:28:51','2022-09-10 03:29:45'),(2813,0,'en','plugins/ecommerce/order','shipping_was_created_from','Shipping was created from order %order_id%','2022-09-10 03:28:51','2022-09-10 03:29:45'),(2814,0,'en','plugins/ecommerce/order','shipping_was_canceled_success','Shipping was cancelled successfully!','2022-09-10 03:28:51','2022-09-10 03:29:45'),(2815,0,'en','plugins/ecommerce/order','shipping_was_canceled_by','Shipping was cancelled by %user_name%','2022-09-10 03:28:51','2022-09-10 03:29:45'),(2816,0,'en','plugins/ecommerce/order','update_shipping_address_success','Update shipping address successfully!','2022-09-10 03:28:51','2022-09-10 03:29:45'),(2817,0,'en','plugins/ecommerce/order','order_was_canceled_by','Order was cancelled by %user_name%','2022-09-10 03:28:51','2022-09-10 03:29:45'),(2818,0,'en','plugins/ecommerce/order','order_was_returned_by','Order was returned by %user_name%','2022-09-10 03:28:51','2022-09-10 03:29:45'),(2819,0,'en','plugins/ecommerce/order','confirm_payment_success','Confirm payment successfully!','2022-09-10 03:28:51','2022-09-10 03:29:45'),(2820,0,'en','plugins/ecommerce/order','refund_amount_invalid','Refund amount must be lower or equal :price','2022-09-10 03:28:51','2022-09-10 03:29:45'),(2821,0,'en','plugins/ecommerce/order','number_of_products_invalid','Number of products refund is not valid!','2022-09-10 03:28:51','2022-09-10 03:29:45'),(2822,0,'en','plugins/ecommerce/order','cannot_found_payment_for_this_order','Cannot found payment for this order!','2022-09-10 03:28:51','2022-09-10 03:29:45'),(2823,0,'en','plugins/ecommerce/order','refund_success_with_price','Refund success :price','2022-09-10 03:28:51','2022-09-10 03:29:45'),(2824,0,'en','plugins/ecommerce/order','refund_success','Refund successfully!','2022-09-10 03:28:51','2022-09-10 03:29:45'),(2825,0,'en','plugins/ecommerce/order','order_is_not_existed','Order is not existed!','2022-09-10 03:28:51','2022-09-10 03:29:45'),(2826,0,'en','plugins/ecommerce/order','reorder','Reorder','2022-09-10 03:28:51','2022-09-10 03:29:45'),(2827,0,'en','plugins/ecommerce/order','sent_email_incomplete_order_success','Sent email to remind about incomplete order successfully!','2022-09-10 03:28:51','2022-09-10 03:29:45'),(2828,0,'en','plugins/ecommerce/order','applied_coupon_success','Applied coupon \":code\" successfully!','2022-09-10 03:28:51','2022-09-10 03:29:45'),(2829,0,'en','plugins/ecommerce/order','new_order_notice','You have <span class=\"bold\">:count</span> New Order(s)','2022-09-10 03:28:51','2022-09-10 03:29:45'),(2830,0,'en','plugins/ecommerce/order','view_all','View all','2022-09-10 03:28:51','2022-09-10 03:29:45'),(2831,0,'en','plugins/ecommerce/order','cancel_order','Cancel order','2022-09-10 03:28:51','2022-09-10 03:29:45'),(2832,0,'en','plugins/ecommerce/order','order_canceled','Order canceled','2022-09-10 03:28:51','2022-09-10 03:29:45'),(2833,0,'en','plugins/ecommerce/order','order_was_canceled_at','Order was canceled at','2022-09-10 03:28:51','2022-09-10 03:29:45'),(2834,0,'en','plugins/ecommerce/order','return_order','Return order','2022-09-10 03:28:51','2022-09-10 03:29:45'),(2835,0,'en','plugins/ecommerce/order','order_returned','Order returned','2022-09-10 03:28:51','2022-09-10 03:29:45'),(2836,0,'en','plugins/ecommerce/order','order_was_returned_at','Order was returned at','2022-09-10 03:28:51','2022-09-10 03:29:45'),(2837,0,'en','plugins/ecommerce/order','completed','Completed','2022-09-10 03:28:51','2022-09-10 03:29:45'),(2838,0,'en','plugins/ecommerce/order','uncompleted','Uncompleted','2022-09-10 03:28:51','2022-09-10 03:29:45'),(2839,0,'en','plugins/ecommerce/order','sku','SKU','2022-09-10 03:28:51','2022-09-10 03:29:45'),(2840,0,'en','plugins/ecommerce/order','warehouse','Warehouse','2022-09-10 03:28:51','2022-09-10 03:29:45'),(2841,0,'en','plugins/ecommerce/order','sub_amount','Sub amount','2022-09-10 03:28:51','2022-09-10 03:29:45'),(2842,0,'en','plugins/ecommerce/order','coupon_code','Coupon code: \":code\"','2022-09-10 03:28:51','2022-09-10 03:29:45'),(2843,0,'en','plugins/ecommerce/order','shipping_fee','Shipping fee','2022-09-10 03:28:51','2022-09-10 03:29:45'),(2844,0,'en','plugins/ecommerce/order','tax','Tax','2022-09-10 03:28:51','2022-09-10 03:29:45'),(2845,0,'en','plugins/ecommerce/order','refunded_amount','Refunded amount','2022-09-10 03:28:51','2022-09-10 03:29:45'),(2846,0,'en','plugins/ecommerce/order','amount_received','The amount actually received','2022-09-10 03:28:51','2022-09-10 03:29:45'),(2847,0,'en','plugins/ecommerce/order','download_invoice','Download invoice','2022-09-10 03:28:51','2022-09-10 03:29:45'),(2848,0,'en','plugins/ecommerce/order','print_invoice','Print invoice','2022-09-10 03:28:51','2022-09-10 03:29:45'),(2849,0,'en','plugins/ecommerce/order','add_note','Add note...','2022-09-10 03:28:51','2022-09-10 03:29:45'),(2850,0,'en','plugins/ecommerce/order','order_was_confirmed','Order was confirmed','2022-09-10 03:28:51','2022-09-10 03:29:45'),(2851,0,'en','plugins/ecommerce/order','confirm_order','Confirm order','2022-09-10 03:28:51','2022-09-10 03:29:45'),(2852,0,'en','plugins/ecommerce/order','confirm','Confirm','2022-09-10 03:28:51','2022-09-10 03:29:45'),(2853,0,'en','plugins/ecommerce/order','order_was_canceled','Order was canceled','2022-09-10 03:28:51','2022-09-10 03:29:45'),(2854,0,'en','plugins/ecommerce/order','order_was_returned','Order was returned','2022-09-10 03:28:51','2022-09-10 03:29:45'),(2855,0,'en','plugins/ecommerce/order','pending_payment','Pending payment','2022-09-10 03:28:51','2022-09-10 03:29:45'),(2856,0,'en','plugins/ecommerce/order','payment_was_accepted','Payment :money was accepted','2022-09-10 03:28:51','2022-09-10 03:29:45'),(2857,0,'en','plugins/ecommerce/order','payment_was_refunded','Payment was refunded','2022-09-10 03:28:51','2022-09-10 03:29:45'),(2858,0,'en','plugins/ecommerce/order','confirm_payment','Confirm payment','2022-09-10 03:28:51','2022-09-10 03:29:45'),(2859,0,'en','plugins/ecommerce/order','refund','Refund','2022-09-10 03:28:51','2022-09-10 03:29:45'),(2860,0,'en','plugins/ecommerce/order','all_products_are_not_delivered','All products are not delivered','2022-09-10 03:28:51','2022-09-10 03:29:45'),(2861,0,'en','plugins/ecommerce/order','delivery','Delivery','2022-09-10 03:28:51','2022-09-10 03:29:45'),(2862,0,'en','plugins/ecommerce/order','history','History','2022-09-10 03:28:51','2022-09-10 03:29:45'),(2863,0,'en','plugins/ecommerce/order','order_number','Order number','2022-09-10 03:28:51','2022-09-10 03:29:45'),(2864,0,'en','plugins/ecommerce/order','from','from','2022-09-10 03:28:51','2022-09-10 03:29:45'),(2865,0,'en','plugins/ecommerce/order','status','Status','2022-09-10 03:28:51','2022-09-10 03:29:45'),(2866,0,'en','plugins/ecommerce/order','successfully','Successfully','2022-09-10 03:28:51','2022-09-10 03:29:45'),(2867,0,'en','plugins/ecommerce/order','transaction_type','Transaction\'s type','2022-09-10 03:28:51','2022-09-10 03:29:45'),(2868,0,'en','plugins/ecommerce/order','staff','Staff','2022-09-10 03:28:51','2022-09-10 03:29:45'),(2869,0,'en','plugins/ecommerce/order','refund_date','Refund date','2022-09-10 03:28:51','2022-09-10 03:29:45'),(2870,0,'en','plugins/ecommerce/order','n_a','N\\A','2022-09-10 03:28:51','2022-09-10 03:29:45'),(2871,0,'en','plugins/ecommerce/order','payment_date','Payment date','2022-09-10 03:28:51','2022-09-10 03:29:45'),(2872,0,'en','plugins/ecommerce/order','payment_gateway','Payment gateway','2022-09-10 03:28:51','2022-09-10 03:29:45'),(2873,0,'en','plugins/ecommerce/order','transaction_amount','Transaction amount','2022-09-10 03:28:51','2022-09-10 03:29:45'),(2874,0,'en','plugins/ecommerce/order','resend','Resend','2022-09-10 03:28:51','2022-09-10 03:29:45'),(2875,0,'en','plugins/ecommerce/order','default_store','Default store','2022-09-10 03:28:51','2022-09-10 03:29:45'),(2876,0,'en','plugins/ecommerce/order','update_address','Update address','2022-09-10 03:28:51','2022-09-10 03:29:45'),(2877,0,'en','plugins/ecommerce/order','have_an_account_already','Have an account already','2022-09-10 03:28:51','2022-09-10 03:29:45'),(2878,0,'en','plugins/ecommerce/order','dont_have_an_account_yet','Don\'t have an account yet','2022-09-10 03:28:51','2022-09-10 03:29:45'),(2879,0,'en','plugins/ecommerce/order','mark_payment_as_confirmed','Mark <span>:method</span> as confirmed','2022-09-10 03:28:51','2022-09-10 03:29:45'),(2880,0,'en','plugins/ecommerce/order','resend_order_confirmation','Resend order confirmation','2022-09-10 03:28:51','2022-09-10 03:29:45'),(2881,0,'en','plugins/ecommerce/order','resend_order_confirmation_description','Confirmation email will be sent to <strong>:email</strong>?','2022-09-10 03:28:51','2022-09-10 03:29:45'),(2882,0,'en','plugins/ecommerce/order','send','Send','2022-09-10 03:28:51','2022-09-10 03:29:45'),(2883,0,'en','plugins/ecommerce/order','update','Update','2022-09-10 03:28:51','2022-09-10 03:29:45'),(2884,0,'en','plugins/ecommerce/order','cancel_shipping_confirmation','Cancel shipping confirmation?','2022-09-10 03:28:51','2022-09-10 03:29:45'),(2885,0,'en','plugins/ecommerce/order','cancel_shipping_confirmation_description','Cancel shipping confirmation?','2022-09-10 03:28:51','2022-09-10 03:29:45'),(2886,0,'en','plugins/ecommerce/order','cancel_order_confirmation','Cancel order confirmation?','2022-09-10 03:28:51','2022-09-10 03:29:45'),(2887,0,'en','plugins/ecommerce/order','cancel_order_confirmation_description','Are you sure you want to cancel this order? This action cannot rollback','2022-09-10 03:28:51','2022-09-10 03:29:45'),(2888,0,'en','plugins/ecommerce/order','return_order_confirmation','Return order confirmation?','2022-09-10 03:28:51','2022-09-10 03:29:45'),(2889,0,'en','plugins/ecommerce/order','return_order_confirmation_description','Are you sure you want to return this order? This action cannot rollback','2022-09-10 03:28:51','2022-09-10 03:29:45'),(2890,0,'en','plugins/ecommerce/order','confirm_payment_confirmation_description','Processed by <strong>:method</strong>. Did you receive payment outside the system? This payment won\'t be saved into system and cannot be refunded','2022-09-10 03:28:51','2022-09-10 03:29:45'),(2891,0,'en','plugins/ecommerce/order','save_note','Save note','2022-09-10 03:28:51','2022-09-10 03:29:45'),(2892,0,'en','plugins/ecommerce/order','order_note','Order note','2022-09-10 03:28:51','2022-09-10 03:29:45'),(2893,0,'en','plugins/ecommerce/order','order_note_placeholder','Note about order, ex: time or shipping instruction.','2022-09-10 03:28:51','2022-09-10 03:29:45'),(2894,0,'en','plugins/ecommerce/order','order_amount','Order amount','2022-09-10 03:28:51','2022-09-10 03:29:45'),(2895,0,'en','plugins/ecommerce/order','additional_information','Additional information','2022-09-10 03:28:51','2022-09-10 03:29:45'),(2896,0,'en','plugins/ecommerce/order','notice_about_incomplete_order','Notice about incomplete order','2022-09-10 03:28:51','2022-09-10 03:29:45'),(2897,0,'en','plugins/ecommerce/order','notice_about_incomplete_order_description','Remind email about uncompleted order will be send to <strong>:email</strong>?','2022-09-10 03:28:51','2022-09-10 03:29:45'),(2898,0,'en','plugins/ecommerce/order','incomplete_order_description_1','An incomplete order is when a potential customer places items in their shopping cart, and goes all the way through to the payment page, but then doesn\'t complete the transaction.','2022-09-10 03:28:51','2022-09-10 03:29:45'),(2899,0,'en','plugins/ecommerce/order','incomplete_order_description_2','If you have contacted customers and they want to continue buying, you can help them complete their order by following the link:','2022-09-10 03:28:51','2022-09-10 03:29:45'),(2900,0,'en','plugins/ecommerce/order','send_an_email_to_recover_this_order','Send an email to customer to recover this order','2022-09-10 03:28:51','2022-09-10 03:29:45'),(2901,0,'en','plugins/ecommerce/order','see_maps','See maps','2022-09-10 03:28:51','2022-09-10 03:29:45'),(2902,0,'en','plugins/ecommerce/order','one_or_more_products_dont_have_enough_quantity','One or more products don\'t have enough quantity!','2022-09-10 03:28:51','2022-09-10 03:29:45'),(2903,0,'en','plugins/ecommerce/order','cannot_send_order_recover_to_mail','The email could not be found so it can\'t send a recovery email to the customer.','2022-09-10 03:28:51','2022-09-10 03:29:45'),(2904,0,'en','plugins/ecommerce/order','payment_info','Payment Info','2022-09-10 03:28:51','2022-09-10 03:29:45'),(2905,0,'en','plugins/ecommerce/order','payment_method_refund_automatic','Your customer will be refunded using :method automatically.','2022-09-10 03:28:51','2022-09-10 03:29:45'),(2906,0,'en','plugins/ecommerce/order','order','Order','2022-09-10 03:28:51','2022-09-10 03:29:45'),(2907,0,'en','plugins/ecommerce/order','order_information','Order information','2022-09-10 03:28:51','2022-09-10 03:29:45'),(2908,0,'en','plugins/ecommerce/order','create_a_new_product','Create a new product','2022-09-10 03:28:51','2022-09-10 03:29:45'),(2909,0,'en','plugins/ecommerce/order','out_of_stock','Out of stock','2022-09-10 03:28:51','2022-09-10 03:29:45'),(2910,0,'en','plugins/ecommerce/order','products_available','product(s) available','2022-09-10 03:28:51','2022-09-10 03:29:45'),(2911,0,'en','plugins/ecommerce/order','no_products_found','No products found!','2022-09-10 03:28:51','2022-09-10 03:29:45'),(2912,0,'en','plugins/ecommerce/order','note','Note','2022-09-10 03:28:51','2022-09-10 03:29:45'),(2913,0,'en','plugins/ecommerce/order','note_for_order','Note for order...','2022-09-10 03:28:51','2022-09-10 03:29:45'),(2914,0,'en','plugins/ecommerce/order','amount','Amount','2022-09-10 03:28:51','2022-09-10 03:29:45'),(2915,0,'en','plugins/ecommerce/order','add_discount','Add discount','2022-09-10 03:28:51','2022-09-10 03:29:45'),(2916,0,'en','plugins/ecommerce/order','discount','Discount','2022-09-10 03:28:51','2022-09-10 03:29:45'),(2917,0,'en','plugins/ecommerce/order','add_shipping_fee','Add shipping fee','2022-09-10 03:28:51','2022-09-10 03:29:45'),(2918,0,'en','plugins/ecommerce/order','shipping','Shipping','2022-09-10 03:28:51','2022-09-10 03:29:45'),(2919,0,'en','plugins/ecommerce/order','total_amount','Total amount','2022-09-10 03:28:51','2022-09-10 03:29:45'),(2920,0,'en','plugins/ecommerce/order','confirm_payment_and_create_order','Confirm payment and create order','2022-09-10 03:28:51','2022-09-10 03:29:45'),(2921,0,'en','plugins/ecommerce/order','paid','Paid','2022-09-10 03:28:51','2022-09-10 03:29:45'),(2922,0,'en','plugins/ecommerce/order','pay_later','Pay later','2022-09-10 03:28:51','2022-09-10 03:29:45'),(2923,0,'en','plugins/ecommerce/order','customer_information','Customer information','2022-09-10 03:28:51','2022-09-10 03:29:45'),(2924,0,'en','plugins/ecommerce/order','create_new_customer','Create new customer','2022-09-10 03:28:51','2022-09-10 03:29:45'),(2925,0,'en','plugins/ecommerce/order','no_customer_found','No customer found!','2022-09-10 03:28:51','2022-09-10 03:29:45'),(2926,0,'en','plugins/ecommerce/order','customer','Customer','2022-09-10 03:28:51','2022-09-10 03:29:45'),(2927,0,'en','plugins/ecommerce/order','orders','order(s)','2022-09-10 03:28:51','2022-09-10 03:29:45'),(2928,0,'en','plugins/ecommerce/order','shipping_address','Shipping Address','2022-09-10 03:28:51','2022-09-10 03:29:45'),(2929,0,'en','plugins/ecommerce/order','billing_address','Billing Address','2022-09-10 03:28:51','2022-09-10 03:29:45'),(2930,0,'en','plugins/ecommerce/order','see_on_maps','See on maps','2022-09-10 03:28:51','2022-09-10 03:29:45'),(2931,0,'en','plugins/ecommerce/order','name','Name','2022-09-10 03:28:51','2022-09-10 03:29:45'),(2932,0,'en','plugins/ecommerce/order','price','Price','2022-09-10 03:28:51','2022-09-10 03:29:45'),(2933,0,'en','plugins/ecommerce/order','sku_optional','SKU (optional)','2022-09-10 03:28:51','2022-09-10 03:29:45'),(2934,0,'en','plugins/ecommerce/order','with_storehouse_management','With storehouse management?','2022-09-10 03:28:51','2022-09-10 03:29:45'),(2935,0,'en','plugins/ecommerce/order','quantity','Quantity','2022-09-10 03:28:51','2022-09-10 03:29:45'),(2936,0,'en','plugins/ecommerce/order','allow_customer_checkout_when_this_product_out_of_stock','Allow customer checkout when this product out of stock?','2022-09-10 03:28:51','2022-09-10 03:29:45'),(2937,0,'en','plugins/ecommerce/order','address','Address','2022-09-10 03:28:51','2022-09-10 03:29:45'),(2938,0,'en','plugins/ecommerce/order','phone','Phone','2022-09-10 03:28:51','2022-09-10 03:29:45'),(2939,0,'en','plugins/ecommerce/order','country','Country','2022-09-10 03:28:51','2022-09-10 03:29:45'),(2940,0,'en','plugins/ecommerce/order','state','State','2022-09-10 03:28:51','2022-09-10 03:29:45'),(2941,0,'en','plugins/ecommerce/order','city','City','2022-09-10 03:28:51','2022-09-10 03:29:45'),(2942,0,'en','plugins/ecommerce/order','zip_code','Zip code','2022-09-10 03:28:51','2022-09-10 03:29:45'),(2943,0,'en','plugins/ecommerce/order','discount_based_on','Discount based on','2022-09-10 03:28:51','2022-09-10 03:29:45'),(2944,0,'en','plugins/ecommerce/order','or_coupon_code','Or coupon code','2022-09-10 03:28:51','2022-09-10 03:29:45'),(2945,0,'en','plugins/ecommerce/order','description','Description','2022-09-10 03:28:51','2022-09-10 03:29:45'),(2946,0,'en','plugins/ecommerce/order','how_to_select_configured_shipping','How to select configured shipping?','2022-09-10 03:28:51','2022-09-10 03:29:45'),(2947,0,'en','plugins/ecommerce/order','please_add_customer_information_with_the_complete_shipping_address_to_see_the_configured_shipping_rates','Please add customer information with the complete shipping address to see the configured shipping rates','2022-09-10 03:28:51','2022-09-10 03:29:45'),(2948,0,'en','plugins/ecommerce/order','free_shipping','Free shipping','2022-09-10 03:28:51','2022-09-10 03:29:45'),(2949,0,'en','plugins/ecommerce/order','custom','Custom','2022-09-10 03:28:51','2022-09-10 03:29:45'),(2950,0,'en','plugins/ecommerce/order','email','Email','2022-09-10 03:28:51','2022-09-10 03:29:45'),(2951,0,'en','plugins/ecommerce/order','create_order','Create order','2022-09-10 03:28:51','2022-09-10 03:29:45'),(2952,0,'en','plugins/ecommerce/order','close','Close','2022-09-10 03:28:51','2022-09-10 03:29:45'),(2953,0,'en','plugins/ecommerce/order','confirm_payment_is_paid_for_this_order','Confirm payment is paid for this order','2022-09-10 03:28:51','2022-09-10 03:29:45'),(2954,0,'en','plugins/ecommerce/order','payment_status_of_the_order_is_paid_once_the_order_has_been_created_you_cannot_change_the_payment_method_or_status','Payment status of the order is Paid. Once the order has been created, you cannot change the payment method or status','2022-09-10 03:28:51','2022-09-10 03:29:45'),(2955,0,'en','plugins/ecommerce/order','select_payment_method','Select payment method','2022-09-10 03:28:51','2022-09-10 03:29:45'),(2956,0,'en','plugins/ecommerce/order','cash_on_delivery_cod','Cash on delivery (COD)','2022-09-10 03:28:51','2022-09-10 03:29:45'),(2957,0,'en','plugins/ecommerce/order','bank_transfer','Bank transfer','2022-09-10 03:28:51','2022-09-10 03:29:45'),(2958,0,'en','plugins/ecommerce/order','paid_amount','Paid amount','2022-09-10 03:28:51','2022-09-10 03:29:45'),(2959,0,'en','plugins/ecommerce/order','confirm_that_payment_for_this_order_will_be_paid_later','Confirm that payment for this order will be paid later','2022-09-10 03:28:51','2022-09-10 03:29:45'),(2960,0,'en','plugins/ecommerce/order','payment_status_of_the_order_is_pending_once_the_order_has_been_created_you_cannot_change_the_payment_method_or_status','Payment status of the order is Pending. Once the order has been created, you cannot change the payment method or status','2022-09-10 03:28:51','2022-09-10 03:29:45'),(2961,0,'en','plugins/ecommerce/order','pending_amount','Pending amount','2022-09-10 03:28:51','2022-09-10 03:29:45'),(2962,0,'en','plugins/ecommerce/order','update_email','Update email','2022-09-10 03:28:51','2022-09-10 03:29:45'),(2963,0,'en','plugins/ecommerce/order','save','Save','2022-09-10 03:28:51','2022-09-10 03:29:45'),(2964,0,'en','plugins/ecommerce/order','cancel','Cancel','2022-09-10 03:28:51','2022-09-10 03:29:45'),(2965,0,'en','plugins/ecommerce/order','create_a_new_order','Create a new order','2022-09-10 03:28:51','2022-09-10 03:29:45'),(2966,0,'en','plugins/ecommerce/order','search_or_create_new_product','Search or create a new product','2022-09-10 03:28:51','2022-09-10 03:29:45'),(2967,0,'en','plugins/ecommerce/order','search_or_create_new_customer','Search or create a new customer','2022-09-10 03:28:51','2022-09-10 03:29:45'),(2968,0,'en','plugins/ecommerce/order','discount_description','Discount description','2022-09-10 03:28:51','2022-09-10 03:29:45'),(2969,0,'en','plugins/ecommerce/order','cant_select_out_of_stock_product','Cannot select out of stock product!','2022-09-10 03:28:51','2022-09-10 03:29:45'),(2970,0,'en','plugins/ecommerce/order','referral','Referral','2022-09-10 03:28:51','2022-09-10 03:29:45'),(2971,0,'en','plugins/ecommerce/order','return_order_unique','Same :attribute already exists in a previous return request.','2022-09-10 03:28:51','2022-09-10 03:29:45'),(2972,0,'en','plugins/ecommerce/order','total_return_amount','Total return amount','2022-09-10 03:28:51','2022-09-10 03:29:45'),(2973,0,'en','plugins/ecommerce/order','change_return_order_status','Change return order status','2022-09-10 03:28:51','2022-09-10 03:29:45'),(2974,0,'en','plugins/ecommerce/order','return_reason','Return reason','2022-09-10 03:28:51','2022-09-10 03:29:45'),(2975,0,'en','plugins/ecommerce/order','referral_data.ip','IP','2022-09-10 03:28:52','2022-09-10 03:29:45'),(2976,0,'en','plugins/ecommerce/order','referral_data.landing_domain','Landing domain','2022-09-10 03:28:52','2022-09-10 03:29:45'),(2977,0,'en','plugins/ecommerce/order','referral_data.landing_page','Landing page','2022-09-10 03:28:52','2022-09-10 03:29:45'),(2978,0,'en','plugins/ecommerce/order','referral_data.landing_params','Landing params','2022-09-10 03:28:52','2022-09-10 03:29:45'),(2979,0,'en','plugins/ecommerce/order','referral_data.gclid','Gclid','2022-09-10 03:28:52','2022-09-10 03:29:45'),(2980,0,'en','plugins/ecommerce/order','referral_data.fclid','Fclid','2022-09-10 03:28:52','2022-09-10 03:29:45'),(2981,0,'en','plugins/ecommerce/order','referral_data.utm_source','UTM source','2022-09-10 03:28:52','2022-09-10 03:29:45'),(2982,0,'en','plugins/ecommerce/order','referral_data.utm_campaign','UTM campaign','2022-09-10 03:28:52','2022-09-10 03:29:45'),(2983,0,'en','plugins/ecommerce/order','referral_data.utm_medium','UTM medium','2022-09-10 03:28:52','2022-09-10 03:29:45'),(2984,0,'en','plugins/ecommerce/order','referral_data.utm_term','UTM term','2022-09-10 03:28:52','2022-09-10 03:29:45'),(2985,0,'en','plugins/ecommerce/order','referral_data.utm_content','UTM content','2022-09-10 03:28:52','2022-09-10 03:29:45'),(2986,0,'en','plugins/ecommerce/order','referral_data.referral','Referral','2022-09-10 03:28:52','2022-09-10 03:29:45'),(2987,0,'en','plugins/ecommerce/order','referral_data.referrer_url','Referral URL','2022-09-10 03:28:52','2022-09-10 03:29:45'),(2988,0,'en','plugins/ecommerce/order','referral_data.referrer_domain','Referral domain','2022-09-10 03:28:52','2022-09-10 03:29:45'),(2989,0,'en','plugins/ecommerce/order','order_address_types.shipping_address','Shipping address','2022-09-10 03:28:52','2022-09-10 03:29:45'),(2990,0,'en','plugins/ecommerce/order','order_address_types.billing_address','Billing address','2022-09-10 03:28:52','2022-09-10 03:29:45'),(2991,0,'en','plugins/ecommerce/order','order_return_reasons.damaged','Damaged product','2022-09-10 03:28:52','2022-09-10 03:29:45'),(2992,0,'en','plugins/ecommerce/order','order_return_reasons.defective','Defective','2022-09-10 03:28:52','2022-09-10 03:29:45'),(2993,0,'en','plugins/ecommerce/order','order_return_reasons.incorrect_item','Incorrect item','2022-09-10 03:28:52','2022-09-10 03:29:45'),(2994,0,'en','plugins/ecommerce/order','order_return_reasons.arrived_late','Arrived late','2022-09-10 03:28:52','2022-09-10 03:29:45'),(2995,0,'en','plugins/ecommerce/order','order_return_reasons.not_as_described','Not as described','2022-09-10 03:28:52','2022-09-10 03:29:45'),(2996,0,'en','plugins/ecommerce/order','order_return_reasons.no_longer_want','No longer want','2022-09-10 03:28:52','2022-09-10 03:29:45'),(2997,0,'en','plugins/ecommerce/order','order_return_reasons.other','Other','2022-09-10 03:28:52','2022-09-10 03:29:45'),(2998,0,'en','plugins/ecommerce/order','notices.update_return_order_status_error','Cannot update return order status! Maybe the return order status is not valid.','2022-09-10 03:28:52','2022-09-10 03:29:45'),(2999,0,'en','plugins/ecommerce/order','notices.update_return_order_status_success','Update return order status successfully!','2022-09-10 03:28:52','2022-09-10 03:29:45'),(3000,0,'en','plugins/ecommerce/order','order_return','Order returns','2022-09-10 03:28:52','2022-09-10 03:29:45'),(3001,0,'en','plugins/ecommerce/payment','name','Payments','2022-09-10 03:28:52','2022-09-10 03:29:45'),(3002,0,'en','plugins/ecommerce/payment','payment_method','Payment methods','2022-09-10 03:28:52','2022-09-10 03:29:45'),(3003,0,'en','plugins/ecommerce/payment','view_payment','View payment #','2022-09-10 03:28:52','2022-09-10 03:29:45'),(3004,0,'en','plugins/ecommerce/payment','charge_id','Charge ID','2022-09-10 03:28:52','2022-09-10 03:29:45'),(3005,0,'en','plugins/ecommerce/payment','amount','Amount','2022-09-10 03:28:52','2022-09-10 03:29:45'),(3006,0,'en','plugins/ecommerce/payment','currency','Currency','2022-09-10 03:28:52','2022-09-10 03:29:45'),(3007,0,'en','plugins/ecommerce/payment','user','User','2022-09-10 03:28:52','2022-09-10 03:29:45'),(3008,0,'en','plugins/ecommerce/payment','paypal_name_required','PayPal\'s name is required!','2022-09-10 03:28:52','2022-09-10 03:29:45'),(3009,0,'en','plugins/ecommerce/payment','paypal_name_max','PayPal\'s name is too long!','2022-09-10 03:28:52','2022-09-10 03:29:45'),(3010,0,'en','plugins/ecommerce/payment','status','Status','2022-09-10 03:28:52','2022-09-10 03:29:45'),(3011,0,'en','plugins/ecommerce/payment','enabled','Enabled','2022-09-10 03:28:52','2022-09-10 03:29:45'),(3012,0,'en','plugins/ecommerce/payment','disabled','Disabled','2022-09-10 03:28:52','2022-09-10 03:29:45'),(3013,0,'en','plugins/ecommerce/payment','client_id','Client ID','2022-09-10 03:28:52','2022-09-10 03:29:45'),(3014,0,'en','plugins/ecommerce/payment','client_secret','Client Secret','2022-09-10 03:28:52','2022-09-10 03:29:45'),(3015,0,'en','plugins/ecommerce/payment','mode','Mode','2022-09-10 03:28:52','2022-09-10 03:29:45'),(3016,0,'en','plugins/ecommerce/payment','sandbox','Sandbox','2022-09-10 03:28:52','2022-09-10 03:29:45'),(3017,0,'en','plugins/ecommerce/payment','live','Live','2022-09-10 03:28:52','2022-09-10 03:29:45'),(3018,0,'en','plugins/ecommerce/payment','enable_payment_log','Enable Payment Log','2022-09-10 03:28:52','2022-09-10 03:29:45'),(3019,0,'en','plugins/ecommerce/payment','yes','Yes','2022-09-10 03:28:52','2022-09-10 03:29:45'),(3020,0,'en','plugins/ecommerce/payment','no','No','2022-09-10 03:28:52','2022-09-10 03:29:45'),(3021,0,'en','plugins/ecommerce/payment','client_key','Client Key','2022-09-10 03:28:52','2022-09-10 03:29:45'),(3022,0,'en','plugins/ecommerce/payment','paypal','PayPal','2022-09-10 03:28:52','2022-09-10 03:29:45'),(3023,0,'en','plugins/ecommerce/payment','action','Action','2022-09-10 03:28:52','2022-09-10 03:29:45'),(3024,0,'en','plugins/ecommerce/payment','go_back','Go back','2022-09-10 03:28:52','2022-09-10 03:29:45'),(3025,0,'en','plugins/ecommerce/payment','view','View','2022-09-10 03:28:52','2022-09-10 03:29:45'),(3026,0,'en','plugins/ecommerce/payment','cash_on_delivery','Cash on delivery (COD)','2022-09-10 03:28:52','2022-09-10 03:29:45'),(3027,0,'en','plugins/ecommerce/payment','via_bank_transfer','Via bank transfer','2022-09-10 03:28:52','2022-09-10 03:29:45'),(3028,0,'en','plugins/ecommerce/payment','payment_via_cart','Payment via card','2022-09-10 03:28:52','2022-09-10 03:29:45'),(3029,0,'en','plugins/ecommerce/payment','card_number','Card number','2022-09-10 03:28:52','2022-09-10 03:29:45'),(3030,0,'en','plugins/ecommerce/payment','full_name','Full name','2022-09-10 03:28:52','2022-09-10 03:29:45'),(3031,0,'en','plugins/ecommerce/payment','payment_via_paypal','Payment via PayPal','2022-09-10 03:28:52','2022-09-10 03:29:45'),(3032,0,'en','plugins/ecommerce/payment','mm_yy','MM/YY','2022-09-10 03:28:52','2022-09-10 03:29:45'),(3033,0,'en','plugins/ecommerce/payment','cvc','CVC','2022-09-10 03:28:52','2022-09-10 03:29:45'),(3034,0,'en','plugins/ecommerce/payment','details','Details','2022-09-10 03:28:52','2022-09-10 03:29:45'),(3035,0,'en','plugins/ecommerce/payment','payer_name','Payer Name','2022-09-10 03:28:52','2022-09-10 03:29:45'),(3036,0,'en','plugins/ecommerce/payment','email','Email','2022-09-10 03:28:52','2022-09-10 03:29:45'),(3037,0,'en','plugins/ecommerce/payment','phone','Phone','2022-09-10 03:28:52','2022-09-10 03:29:45'),(3038,0,'en','plugins/ecommerce/payment','country','Country','2022-09-10 03:28:52','2022-09-10 03:29:45'),(3039,0,'en','plugins/ecommerce/payment','shipping_address','Shipping Address','2022-09-10 03:28:52','2022-09-10 03:29:45'),(3040,0,'en','plugins/ecommerce/payment','payment_details','Payment Details','2022-09-10 03:28:52','2022-09-10 03:29:45'),(3041,0,'en','plugins/ecommerce/payment','card','Card','2022-09-10 03:28:52','2022-09-10 03:29:45'),(3042,0,'en','plugins/ecommerce/payment','address','Address','2022-09-10 03:28:52','2022-09-10 03:29:45'),(3043,0,'en','plugins/ecommerce/payment','new_payment','Payment for order :id','2022-09-10 03:28:52','2022-09-10 03:29:45'),(3044,0,'en','plugins/ecommerce/payment','payment_id','Payment ID','2022-09-10 03:28:52','2022-09-10 03:29:45'),(3045,0,'en','plugins/ecommerce/prices','name','Price','2022-09-10 03:28:52','2022-09-10 03:29:45'),(3046,0,'en','plugins/ecommerce/prices','create','New price','2022-09-10 03:28:52','2022-09-10 03:29:45'),(3047,0,'en','plugins/ecommerce/prices','edit','Edit price','2022-09-10 03:28:52','2022-09-10 03:29:45'),(3048,0,'en','plugins/ecommerce/prices','list','List price','2022-09-10 03:28:52','2022-09-10 03:29:45'),(3049,0,'en','plugins/ecommerce/product-attribute-sets','name','Product attribute sets','2022-09-10 03:28:52','2022-09-10 03:29:45'),(3050,0,'en','plugins/ecommerce/product-attribute-sets','create','New product attribute set','2022-09-10 03:28:52','2022-09-10 03:29:45'),(3051,0,'en','plugins/ecommerce/product-attribute-sets','edit','Edit product attribute set','2022-09-10 03:28:52','2022-09-10 03:29:45'),(3052,0,'en','plugins/ecommerce/product-attribute-sets','visible_in_categories','Visible in categories','2022-09-10 03:28:52','2022-09-10 03:29:45'),(3053,0,'en','plugins/ecommerce/product-attribute-sets','product_with_more_version','Product with more version','2022-09-10 03:28:52','2022-09-10 03:29:45'),(3054,0,'en','plugins/ecommerce/product-attribute-sets','create_a_version','Create a version','2022-09-10 03:28:52','2022-09-10 03:29:45'),(3055,0,'en','plugins/ecommerce/product-attribute-sets','enabled','Enabled','2022-09-10 03:28:52','2022-09-10 03:29:45'),(3056,0,'en','plugins/ecommerce/product-attribute-sets','attributes','Attributes','2022-09-10 03:28:52','2022-09-10 03:29:45'),(3057,0,'en','plugins/ecommerce/product-attribute-sets','price','Price','2022-09-10 03:28:52','2022-09-10 03:29:45'),(3058,0,'en','plugins/ecommerce/product-attribute-sets','edit_btn','Edit','2022-09-10 03:28:52','2022-09-10 03:29:45'),(3059,0,'en','plugins/ecommerce/product-attribute-sets','remove_btn','Remove','2022-09-10 03:28:52','2022-09-10 03:29:45'),(3060,0,'en','plugins/ecommerce/product-attribute-sets','product','Product','2022-09-10 03:28:52','2022-09-10 03:29:45'),(3061,0,'en','plugins/ecommerce/product-attribute-sets','back_to_product','Back to product','2022-09-10 03:28:52','2022-09-10 03:29:45'),(3062,0,'en','plugins/ecommerce/product-attribute-sets','save','Save','2022-09-10 03:28:52','2022-09-10 03:29:45'),(3063,0,'en','plugins/ecommerce/product-attribute-sets','other_existing_versions','Other existing versions','2022-09-10 03:28:52','2022-09-10 03:29:45'),(3064,0,'en','plugins/ecommerce/product-attribute-sets','version_information','Version information','2022-09-10 03:28:52','2022-09-10 03:29:45'),(3065,0,'en','plugins/ecommerce/product-attribute-sets','add_rule','Add rule','2022-09-10 03:28:52','2022-09-10 03:29:45'),(3066,0,'en','plugins/ecommerce/product-attribute-sets','rules','Rules','2022-09-10 03:28:52','2022-09-10 03:29:45'),(3067,0,'en','plugins/ecommerce/product-attribute-sets','pricing','Pricing','2022-09-10 03:28:52','2022-09-10 03:29:45'),(3068,0,'en','plugins/ecommerce/product-attribute-sets','sale_price','Sale price','2022-09-10 03:28:52','2022-09-10 03:29:45'),(3069,0,'en','plugins/ecommerce/product-attribute-sets','sale_type','Sale type','2022-09-10 03:28:52','2022-09-10 03:29:45'),(3070,0,'en','plugins/ecommerce/product-attribute-sets','no_sale_price','No sale price','2022-09-10 03:28:52','2022-09-10 03:29:45'),(3071,0,'en','plugins/ecommerce/product-attribute-sets','always_on_sale','Always on sale','2022-09-10 03:28:52','2022-09-10 03:29:45'),(3072,0,'en','plugins/ecommerce/product-attribute-sets','limited_time','Limited time','2022-09-10 03:28:52','2022-09-10 03:29:45'),(3073,0,'en','plugins/ecommerce/product-attribute-sets','from','From','2022-09-10 03:28:52','2022-09-10 03:29:45'),(3074,0,'en','plugins/ecommerce/product-attribute-sets','to','To','2022-09-10 03:28:52','2022-09-10 03:29:45'),(3075,0,'en','plugins/ecommerce/product-attribute-sets','storehouse','Storehouse','2022-09-10 03:28:52','2022-09-10 03:29:45'),(3076,0,'en','plugins/ecommerce/product-attribute-sets','no_storehouse_management','No storehouse management','2022-09-10 03:28:52','2022-09-10 03:29:45'),(3077,0,'en','plugins/ecommerce/product-attribute-sets','with_storehouse_management','With storehouse management','2022-09-10 03:28:52','2022-09-10 03:29:45'),(3078,0,'en','plugins/ecommerce/product-attribute-sets','quantity','Quantity','2022-09-10 03:28:52','2022-09-10 03:29:45'),(3079,0,'en','plugins/ecommerce/product-attribute-sets','allow_customer_checkout_out_of_stock','Allow customer checkout when this product out of stock','2022-09-10 03:28:52','2022-09-10 03:29:45'),(3080,0,'en','plugins/ecommerce/product-attribute-sets','shipping','Shipping','2022-09-10 03:28:52','2022-09-10 03:29:45'),(3081,0,'en','plugins/ecommerce/product-attribute-sets','length','Length','2022-09-10 03:28:52','2022-09-10 03:29:45'),(3082,0,'en','plugins/ecommerce/product-attribute-sets','wide','Wide','2022-09-10 03:28:52','2022-09-10 03:29:45'),(3083,0,'en','plugins/ecommerce/product-attribute-sets','height','Height','2022-09-10 03:28:52','2022-09-10 03:29:45'),(3084,0,'en','plugins/ecommerce/product-attribute-sets','weight','Weight','2022-09-10 03:28:52','2022-09-10 03:29:45'),(3085,0,'en','plugins/ecommerce/product-attribute-sets','version_images','Version images','2022-09-10 03:28:52','2022-09-10 03:29:45'),(3086,0,'en','plugins/ecommerce/product-attribute-sets','add_new_image','Add new image','2022-09-10 03:28:52','2022-09-10 03:29:45'),(3087,0,'en','plugins/ecommerce/product-attribute-sets','attribute_set','Attribute set','2022-09-10 03:28:52','2022-09-10 03:29:45'),(3088,0,'en','plugins/ecommerce/product-attribute-sets','value','Value','2022-09-10 03:28:52','2022-09-10 03:29:45'),(3089,0,'en','plugins/ecommerce/product-attribute-sets','dropdown_swatch','Dropdown Swatch','2022-09-10 03:28:52','2022-09-10 03:29:45'),(3090,0,'en','plugins/ecommerce/product-attribute-sets','visual_swatch','Visual Swatch','2022-09-10 03:28:52','2022-09-10 03:29:45'),(3091,0,'en','plugins/ecommerce/product-attribute-sets','text_swatch','Text Swatch','2022-09-10 03:28:52','2022-09-10 03:29:45'),(3092,0,'en','plugins/ecommerce/product-attribute-sets','display_layout','Display Layout','2022-09-10 03:28:52','2022-09-10 03:29:45'),(3093,0,'en','plugins/ecommerce/product-attribute-sets','searchable','Searchable','2022-09-10 03:28:53','2022-09-10 03:29:45'),(3094,0,'en','plugins/ecommerce/product-attribute-sets','comparable','Comparable','2022-09-10 03:28:53','2022-09-10 03:29:45'),(3095,0,'en','plugins/ecommerce/product-attribute-sets','use_in_product_listing','Used in product listing','2022-09-10 03:28:53','2022-09-10 03:29:45'),(3096,0,'en','plugins/ecommerce/product-attribute-sets','attributes_list','Attributes list','2022-09-10 03:28:53','2022-09-10 03:29:45'),(3097,0,'en','plugins/ecommerce/product-attribute-sets','is_default','Is default?','2022-09-10 03:28:53','2022-09-10 03:29:45'),(3098,0,'en','plugins/ecommerce/product-attribute-sets','title','Title','2022-09-10 03:28:53','2022-09-10 03:29:45'),(3099,0,'en','plugins/ecommerce/product-attribute-sets','slug','Slug','2022-09-10 03:28:53','2022-09-10 03:29:45'),(3100,0,'en','plugins/ecommerce/product-attribute-sets','color','Color','2022-09-10 03:28:53','2022-09-10 03:29:45'),(3101,0,'en','plugins/ecommerce/product-attribute-sets','image','Image','2022-09-10 03:28:53','2022-09-10 03:29:45'),(3102,0,'en','plugins/ecommerce/product-attribute-sets','remove','Remove','2022-09-10 03:28:53','2022-09-10 03:29:45'),(3103,0,'en','plugins/ecommerce/product-attribute-sets','add_new_attribute','Add new attribute','2022-09-10 03:28:53','2022-09-10 03:29:45'),(3104,0,'en','plugins/ecommerce/product-attribute-sets','use_image_from_product_variation','Use image from product variation (for Visual Swatch only)','2022-09-10 03:28:53','2022-09-10 03:29:45'),(3105,0,'en','plugins/ecommerce/product-attributes','name','Product attributes','2022-09-10 03:28:53','2022-09-10 03:29:46'),(3106,0,'en','plugins/ecommerce/product-attributes','create','New product attribute','2022-09-10 03:28:53','2022-09-10 03:29:46'),(3107,0,'en','plugins/ecommerce/product-attributes','edit','Edit product attribute','2022-09-10 03:28:53','2022-09-10 03:29:46'),(3108,0,'en','plugins/ecommerce/product-attributes','intro.title','Manage product attributes','2022-09-10 03:28:53','2022-09-10 03:29:46'),(3109,0,'en','plugins/ecommerce/product-attributes','intro.description','Product attribute such as color, width, height ...','2022-09-10 03:28:53','2022-09-10 03:29:46'),(3110,0,'en','plugins/ecommerce/product-attributes','intro.button_text','Create product attribute','2022-09-10 03:28:53','2022-09-10 03:29:46'),(3111,0,'en','plugins/ecommerce/product-categories','name','Product categories','2022-09-10 03:28:53','2022-09-10 03:29:46'),(3112,0,'en','plugins/ecommerce/product-categories','create','Create new product category','2022-09-10 03:28:53','2022-09-10 03:29:46'),(3113,0,'en','plugins/ecommerce/product-categories','edit','Edit product category','2022-09-10 03:28:53','2022-09-10 03:29:46'),(3114,0,'en','plugins/ecommerce/product-categories','list','List product categories','2022-09-10 03:28:53','2022-09-10 03:29:46'),(3115,0,'en','plugins/ecommerce/product-categories','none','None','2022-09-10 03:28:53','2022-09-10 03:29:46'),(3116,0,'en','plugins/ecommerce/product-categories','menu','Product categories','2022-09-10 03:28:53','2022-09-10 03:29:46'),(3117,0,'en','plugins/ecommerce/product-categories','intro.title','Manage product categories','2022-09-10 03:28:53','2022-09-10 03:29:46'),(3118,0,'en','plugins/ecommerce/product-categories','intro.description','Such as clothes, shoes, bags, jewelry ...','2022-09-10 03:28:53','2022-09-10 03:29:46'),(3119,0,'en','plugins/ecommerce/product-categories','intro.button_text','Create product category','2022-09-10 03:28:53','2022-09-10 03:29:46'),(3120,0,'en','plugins/ecommerce/product-categories','total_products','Total products: :total','2022-09-10 03:28:53','2022-09-10 03:29:46'),(3121,0,'en','plugins/ecommerce/product-collections','name','Product collections','2022-09-10 03:28:53','2022-09-10 03:29:46'),(3122,0,'en','plugins/ecommerce/product-collections','create','New product collection','2022-09-10 03:28:53','2022-09-10 03:29:46'),(3123,0,'en','plugins/ecommerce/product-collections','edit','Edit product collection','2022-09-10 03:28:53','2022-09-10 03:29:46'),(3124,0,'en','plugins/ecommerce/product-collections','slug_help_block','Label key: <code>:slug</code>. We will use this key for filter.','2022-09-10 03:28:53','2022-09-10 03:29:46'),(3125,0,'en','plugins/ecommerce/product-collections','intro.title','Manage product collections','2022-09-10 03:28:53','2022-09-10 03:29:46'),(3126,0,'en','plugins/ecommerce/product-collections','intro.description','Group your products into collections to make it easier for customers to find them by category.','2022-09-10 03:28:53','2022-09-10 03:29:46'),(3127,0,'en','plugins/ecommerce/product-collections','intro.button_text','Create product collection','2022-09-10 03:28:53','2022-09-10 03:29:46'),(3128,0,'en','plugins/ecommerce/product-label','name','Product labels','2022-09-10 03:28:53','2022-09-10 03:29:46'),(3129,0,'en','plugins/ecommerce/product-label','create','New product label','2022-09-10 03:28:53','2022-09-10 03:29:46'),(3130,0,'en','plugins/ecommerce/product-label','edit','Edit product label','2022-09-10 03:28:53','2022-09-10 03:29:46'),(3131,0,'en','plugins/ecommerce/product-label','color','Color','2022-09-10 03:28:53','2022-09-10 03:29:46'),(3132,0,'en','plugins/ecommerce/product-label','color_placeholder','Example: #f0f0f0','2022-09-10 03:28:53','2022-09-10 03:29:46'),(3133,0,'en','plugins/ecommerce/product-tag','name','Product tags','2022-09-10 03:28:53','2022-09-10 03:29:46'),(3134,0,'en','plugins/ecommerce/product-tag','create','New product tag','2022-09-10 03:28:53','2022-09-10 03:29:46'),(3135,0,'en','plugins/ecommerce/product-tag','edit','Edit product tag','2022-09-10 03:28:53','2022-09-10 03:29:46'),(3136,0,'en','plugins/ecommerce/products','name','Products','2022-09-10 03:28:53','2022-09-10 03:29:46'),(3137,0,'en','plugins/ecommerce/products','create','New product','2022-09-10 03:28:53','2022-09-10 03:29:46'),(3138,0,'en','plugins/ecommerce/products','edit','Edit product - :name','2022-09-10 03:28:53','2022-09-10 03:29:46'),(3139,0,'en','plugins/ecommerce/products','form.name','Name','2022-09-10 03:28:53','2022-09-10 03:29:46'),(3140,0,'en','plugins/ecommerce/products','form.name_placeholder','Product\'s name (Maximum 120 characters)','2022-09-10 03:28:53','2022-09-10 03:29:46'),(3141,0,'en','plugins/ecommerce/products','form.description','Description','2022-09-10 03:28:53','2022-09-10 03:29:46'),(3142,0,'en','plugins/ecommerce/products','form.description_placeholder','Short description for product (Maximum 400 characters)','2022-09-10 03:28:53','2022-09-10 03:29:46'),(3143,0,'en','plugins/ecommerce/products','form.categories','Categories','2022-09-10 03:28:53','2022-09-10 03:29:46'),(3144,0,'en','plugins/ecommerce/products','form.content','Content','2022-09-10 03:28:53','2022-09-10 03:29:46'),(3145,0,'en','plugins/ecommerce/products','form.price','Price','2022-09-10 03:28:53','2022-09-10 03:29:46'),(3146,0,'en','plugins/ecommerce/products','form.quantity','Quantity','2022-09-10 03:28:53','2022-09-10 03:29:46'),(3147,0,'en','plugins/ecommerce/products','form.brand','Brand','2022-09-10 03:28:53','2022-09-10 03:29:46'),(3148,0,'en','plugins/ecommerce/products','form.width','Width','2022-09-10 03:28:53','2022-09-10 03:29:46'),(3149,0,'en','plugins/ecommerce/products','form.height','Height','2022-09-10 03:28:53','2022-09-10 03:29:46'),(3150,0,'en','plugins/ecommerce/products','form.weight','Weight','2022-09-10 03:28:53','2022-09-10 03:29:46'),(3151,0,'en','plugins/ecommerce/products','form.date.end','From date','2022-09-10 03:28:53','2022-09-10 03:29:46'),(3152,0,'en','plugins/ecommerce/products','form.date.start','To date','2022-09-10 03:28:53','2022-09-10 03:29:46'),(3153,0,'en','plugins/ecommerce/products','form.image','Images','2022-09-10 03:28:53','2022-09-10 03:29:46'),(3154,0,'en','plugins/ecommerce/products','form.collections','Product collections','2022-09-10 03:28:53','2022-09-10 03:29:46'),(3155,0,'en','plugins/ecommerce/products','form.labels','Labels','2022-09-10 03:28:53','2022-09-10 03:29:46'),(3156,0,'en','plugins/ecommerce/products','form.price_sale','Price sale','2022-09-10 03:28:53','2022-09-10 03:29:46'),(3157,0,'en','plugins/ecommerce/products','form.product_type.title','Product type','2022-09-10 03:28:53','2022-09-10 03:29:46'),(3158,0,'en','plugins/ecommerce/products','form.product','Product','2022-09-10 03:28:53','2022-09-10 03:29:46'),(3159,0,'en','plugins/ecommerce/products','form.total','Total','2022-09-10 03:28:53','2022-09-10 03:29:46'),(3160,0,'en','plugins/ecommerce/products','form.sub_total','Subtotal','2022-09-10 03:28:53','2022-09-10 03:29:46'),(3161,0,'en','plugins/ecommerce/products','form.shipping_fee','Shipping fee','2022-09-10 03:28:53','2022-09-10 03:29:46'),(3162,0,'en','plugins/ecommerce/products','form.discount','Discount','2022-09-10 03:28:53','2022-09-10 03:29:46'),(3163,0,'en','plugins/ecommerce/products','form.options','Options','2022-09-10 03:28:53','2022-09-10 03:29:46'),(3164,0,'en','plugins/ecommerce/products','form.shipping.height','Height','2022-09-10 03:28:53','2022-09-10 03:29:46'),(3165,0,'en','plugins/ecommerce/products','form.shipping.length','Length','2022-09-10 03:28:53','2022-09-10 03:29:46'),(3166,0,'en','plugins/ecommerce/products','form.shipping.title','Shipping','2022-09-10 03:28:53','2022-09-10 03:29:46'),(3167,0,'en','plugins/ecommerce/products','form.shipping.weight','Weight','2022-09-10 03:28:53','2022-09-10 03:29:46'),(3168,0,'en','plugins/ecommerce/products','form.shipping.wide','Wide','2022-09-10 03:28:53','2022-09-10 03:29:46'),(3169,0,'en','plugins/ecommerce/products','form.stock.allow_order_when_out','Allow customer checkout when this product out of stock','2022-09-10 03:28:53','2022-09-10 03:29:46'),(3170,0,'en','plugins/ecommerce/products','form.stock.in_stock','In stock','2022-09-10 03:28:53','2022-09-10 03:29:46'),(3171,0,'en','plugins/ecommerce/products','form.stock.out_stock','Out stock','2022-09-10 03:28:53','2022-09-10 03:29:46'),(3172,0,'en','plugins/ecommerce/products','form.stock.title','Stock status','2022-09-10 03:28:53','2022-09-10 03:29:46'),(3173,0,'en','plugins/ecommerce/products','form.storehouse.no_storehouse','No storehouse management','2022-09-10 03:28:53','2022-09-10 03:29:46'),(3174,0,'en','plugins/ecommerce/products','form.storehouse.storehouse','With storehouse management','2022-09-10 03:28:53','2022-09-10 03:29:46'),(3175,0,'en','plugins/ecommerce/products','form.storehouse.title','Storehouse','2022-09-10 03:28:53','2022-09-10 03:29:46'),(3176,0,'en','plugins/ecommerce/products','form.storehouse.quantity','Quantity','2022-09-10 03:28:53','2022-09-10 03:29:46'),(3177,0,'en','plugins/ecommerce/products','form.tax','Tax','2022-09-10 03:28:53','2022-09-10 03:29:46'),(3178,0,'en','plugins/ecommerce/products','form.is_default','Is default','2022-09-10 03:28:53','2022-09-10 03:29:46'),(3179,0,'en','plugins/ecommerce/products','form.action','Action','2022-09-10 03:28:53','2022-09-10 03:29:46'),(3180,0,'en','plugins/ecommerce/products','form.restock_quantity','Restock quantity','2022-09-10 03:28:53','2022-09-10 03:29:46'),(3181,0,'en','plugins/ecommerce/products','form.remain','Remain','2022-09-10 03:28:53','2022-09-10 03:29:46'),(3182,0,'en','plugins/ecommerce/products','form.choose_discount_period','Choose Discount Period','2022-09-10 03:28:53','2022-09-10 03:29:46'),(3183,0,'en','plugins/ecommerce/products','form.cancel','Cancel','2022-09-10 03:28:53','2022-09-10 03:29:46'),(3184,0,'en','plugins/ecommerce/products','form.no_results','No results!','2022-09-10 03:28:53','2022-09-10 03:29:46'),(3185,0,'en','plugins/ecommerce/products','form.value','Value','2022-09-10 03:28:53','2022-09-10 03:29:46'),(3186,0,'en','plugins/ecommerce/products','form.attribute_name','Attribute name','2022-09-10 03:28:53','2022-09-10 03:29:46'),(3187,0,'en','plugins/ecommerce/products','form.add_more_attribute','Add more attribute','2022-09-10 03:28:53','2022-09-10 03:29:46'),(3188,0,'en','plugins/ecommerce/products','form.continue','Continue','2022-09-10 03:28:53','2022-09-10 03:29:46'),(3189,0,'en','plugins/ecommerce/products','form.add_new_attributes','Add new attributes','2022-09-10 03:28:53','2022-09-10 03:29:46'),(3190,0,'en','plugins/ecommerce/products','form.add_new_attributes_description','Adding new attributes helps the product to have many options, such as size or color.','2022-09-10 03:28:53','2022-09-10 03:29:46'),(3191,0,'en','plugins/ecommerce/products','form.create_product_variations',':link to create product variations!','2022-09-10 03:28:53','2022-09-10 03:29:46'),(3192,0,'en','plugins/ecommerce/products','form.tags','Tags','2022-09-10 03:28:53','2022-09-10 03:29:46'),(3193,0,'en','plugins/ecommerce/products','form.write_some_tags','Write some tags','2022-09-10 03:28:53','2022-09-10 03:29:46'),(3194,0,'en','plugins/ecommerce/products','form.variation_existed','This variation is existed.','2022-09-10 03:28:53','2022-09-10 03:29:46'),(3195,0,'en','plugins/ecommerce/products','form.no_attributes_selected','No attributes selected!','2022-09-10 03:28:53','2022-09-10 03:29:46'),(3196,0,'en','plugins/ecommerce/products','form.added_variation_success','Added variation successfully!','2022-09-10 03:28:53','2022-09-10 03:29:46'),(3197,0,'en','plugins/ecommerce/products','form.updated_variation_success','Updated variation successfully!','2022-09-10 03:28:53','2022-09-10 03:29:46'),(3198,0,'en','plugins/ecommerce/products','form.created_all_variation_success','Created all variations successfully!','2022-09-10 03:28:53','2022-09-10 03:29:46'),(3199,0,'en','plugins/ecommerce/products','form.updated_product_attributes_success','Updated product attributes successfully!','2022-09-10 03:28:53','2022-09-10 03:29:46'),(3200,0,'en','plugins/ecommerce/products','form.stock_status','Stock status','2022-09-10 03:28:53','2022-09-10 03:29:46'),(3201,0,'en','plugins/ecommerce/products','form.auto_generate_sku','Auto generate SKU?','2022-09-10 03:28:53','2022-09-10 03:29:46'),(3202,0,'en','plugins/ecommerce/products','form.featured_image','Featured image (optional)','2022-09-10 03:28:53','2022-09-10 03:29:46'),(3203,0,'en','plugins/ecommerce/products','form.product_id','Product ID','2022-09-10 03:28:53','2022-09-10 03:29:46'),(3204,0,'en','plugins/ecommerce/products','price','Price','2022-09-10 03:28:53','2022-09-10 03:29:46'),(3205,0,'en','plugins/ecommerce/products','quantity','Quantity','2022-09-10 03:28:53','2022-09-10 03:29:46'),(3206,0,'en','plugins/ecommerce/products','type','Type','2022-09-10 03:28:53','2022-09-10 03:29:46'),(3207,0,'en','plugins/ecommerce/products','image','Thumbnail','2022-09-10 03:28:53','2022-09-10 03:29:46'),(3208,0,'en','plugins/ecommerce/products','sku','SKU','2022-09-10 03:28:53','2022-09-10 03:29:46'),(3209,0,'en','plugins/ecommerce/products','variation_sku','Variation SKU','2022-09-10 03:28:53','2022-09-10 03:29:46'),(3210,0,'en','plugins/ecommerce/products','brand','Brand','2022-09-10 03:28:53','2022-09-10 03:29:46'),(3211,0,'en','plugins/ecommerce/products','cannot_delete','Product could not be deleted','2022-09-10 03:28:53','2022-09-10 03:29:46'),(3212,0,'en','plugins/ecommerce/products','product_deleted','Product deleted','2022-09-10 03:28:53','2022-09-10 03:29:46'),(3213,0,'en','plugins/ecommerce/products','product_collections','Product collections','2022-09-10 03:28:53','2022-09-10 03:29:46'),(3214,0,'en','plugins/ecommerce/products','products','Products','2022-09-10 03:28:53','2022-09-10 03:29:46'),(3215,0,'en','plugins/ecommerce/products','menu','Products','2022-09-10 03:28:53','2022-09-10 03:29:46'),(3216,0,'en','plugins/ecommerce/products','control.button_add_image','Add image','2022-09-10 03:28:53','2022-09-10 03:29:46'),(3217,0,'en','plugins/ecommerce/products','price_sale','Sale price','2022-09-10 03:28:53','2022-09-10 03:29:46'),(3218,0,'en','plugins/ecommerce/products','price_group_title','Manager product price','2022-09-10 03:28:53','2022-09-10 03:29:46'),(3219,0,'en','plugins/ecommerce/products','store_house_group_title','Manager store house','2022-09-10 03:28:54','2022-09-10 03:29:46'),(3220,0,'en','plugins/ecommerce/products','shipping_group_title','Manager shipping','2022-09-10 03:28:54','2022-09-10 03:29:46'),(3221,0,'en','plugins/ecommerce/products','overview','Overview','2022-09-10 03:28:54','2022-09-10 03:29:46'),(3222,0,'en','plugins/ecommerce/products','attributes','Attributes','2022-09-10 03:28:54','2022-09-10 03:29:46'),(3223,0,'en','plugins/ecommerce/products','product_has_variations','Product has variations','2022-09-10 03:28:54','2022-09-10 03:29:46'),(3224,0,'en','plugins/ecommerce/products','manage_products','Manage products','2022-09-10 03:28:54','2022-09-10 03:29:46'),(3225,0,'en','plugins/ecommerce/products','add_new_product','Add a new product','2022-09-10 03:28:54','2022-09-10 03:29:46'),(3226,0,'en','plugins/ecommerce/products','start_by_adding_new_product','Start by adding new products.','2022-09-10 03:28:54','2022-09-10 03:29:46'),(3227,0,'en','plugins/ecommerce/products','edit_this_product','Edit this product','2022-09-10 03:28:54','2022-09-10 03:29:46'),(3228,0,'en','plugins/ecommerce/products','delete','Delete','2022-09-10 03:28:54','2022-09-10 03:29:46'),(3229,0,'en','plugins/ecommerce/products','related_products','Related products','2022-09-10 03:28:54','2022-09-10 03:29:46'),(3230,0,'en','plugins/ecommerce/products','cross_selling_products','Cross-selling products','2022-09-10 03:28:54','2022-09-10 03:29:46'),(3231,0,'en','plugins/ecommerce/products','up_selling_products','Up-selling products','2022-09-10 03:28:54','2022-09-10 03:29:46'),(3232,0,'en','plugins/ecommerce/products','grouped_products','Grouped products','2022-09-10 03:28:54','2022-09-10 03:29:46'),(3233,0,'en','plugins/ecommerce/products','search_products','Search products','2022-09-10 03:28:54','2022-09-10 03:29:46'),(3234,0,'en','plugins/ecommerce/products','selected_products','Selected products','2022-09-10 03:28:54','2022-09-10 03:29:46'),(3235,0,'en','plugins/ecommerce/products','edit_variation_item','Edit','2022-09-10 03:28:54','2022-09-10 03:29:46'),(3236,0,'en','plugins/ecommerce/products','variations_box_description','Click on \"Edit attribute\" to add/remove attributes of variation or click on \"Add new variation\" to add variation.','2022-09-10 03:28:54','2022-09-10 03:29:46'),(3237,0,'en','plugins/ecommerce/products','save_changes','Save changes','2022-09-10 03:28:54','2022-09-10 03:29:46'),(3238,0,'en','plugins/ecommerce/products','continue','Continue','2022-09-10 03:28:54','2022-09-10 03:29:46'),(3239,0,'en','plugins/ecommerce/products','edit_attribute','Edit attribute','2022-09-10 03:28:54','2022-09-10 03:29:46'),(3240,0,'en','plugins/ecommerce/products','select_attribute','Select attribute','2022-09-10 03:28:54','2022-09-10 03:29:46'),(3241,0,'en','plugins/ecommerce/products','add_new_variation','Add new variation','2022-09-10 03:28:54','2022-09-10 03:29:46'),(3242,0,'en','plugins/ecommerce/products','edit_variation','Edit variation','2022-09-10 03:28:54','2022-09-10 03:29:46'),(3243,0,'en','plugins/ecommerce/products','generate_all_variations','Generate all variations','2022-09-10 03:28:54','2022-09-10 03:29:46'),(3244,0,'en','plugins/ecommerce/products','generate_all_variations_confirmation','Are you sure you want to generate all variations for this product?','2022-09-10 03:28:54','2022-09-10 03:29:46'),(3245,0,'en','plugins/ecommerce/products','delete_variation','Delete variation?','2022-09-10 03:28:54','2022-09-10 03:29:46'),(3246,0,'en','plugins/ecommerce/products','delete_variation_confirmation','Are you sure you want to delete this variation? This action cannot be undo.','2022-09-10 03:28:54','2022-09-10 03:29:46'),(3247,0,'en','plugins/ecommerce/products','delete_variations_confirmation','Are you sure you want to delete those variations? This action cannot be undo.','2022-09-10 03:28:54','2022-09-10 03:29:46'),(3248,0,'en','plugins/ecommerce/products','product_create_validate_name_required','Please enter product\'s name','2022-09-10 03:28:54','2022-09-10 03:29:46'),(3249,0,'en','plugins/ecommerce/products','product_create_validate_sale_price_max','The discount must be less than the original price','2022-09-10 03:28:54','2022-09-10 03:29:46'),(3250,0,'en','plugins/ecommerce/products','product_create_validate_sale_price_required_if','Must enter a discount when you want to schedule a promotion','2022-09-10 03:28:54','2022-09-10 03:29:46'),(3251,0,'en','plugins/ecommerce/products','product_create_validate_end_date_after','End date must be after start date','2022-09-10 03:28:54','2022-09-10 03:29:46'),(3252,0,'en','plugins/ecommerce/products','product_create_validate_start_date_required_if','Discount start date cannot be left blank when scheduling is selected','2022-09-10 03:28:54','2022-09-10 03:29:46'),(3253,0,'en','plugins/ecommerce/products','product_create_validate_sale_price','Discounts cannot be left blank when scheduling is selected','2022-09-10 03:28:54','2022-09-10 03:29:46'),(3254,0,'en','plugins/ecommerce/products','stock_statuses.in_stock','In stock','2022-09-10 03:28:54','2022-09-10 03:29:46'),(3255,0,'en','plugins/ecommerce/products','stock_statuses.out_of_stock','Out of stock','2022-09-10 03:28:54','2022-09-10 03:29:46'),(3256,0,'en','plugins/ecommerce/products','stock_statuses.on_backorder','On backorder','2022-09-10 03:28:54','2022-09-10 03:29:46'),(3257,0,'en','plugins/ecommerce/products','stock_status','Stock status','2022-09-10 03:28:54','2022-09-10 03:29:46'),(3258,0,'en','plugins/ecommerce/products','processing','Processing...','2022-09-10 03:28:54','2022-09-10 03:29:46'),(3259,0,'en','plugins/ecommerce/products','delete_selected_variations','Delete selected variations','2022-09-10 03:28:54','2022-09-10 03:29:46'),(3260,0,'en','plugins/ecommerce/products','delete_variations','Delete variations','2022-09-10 03:28:54','2022-09-10 03:29:46'),(3261,0,'en','plugins/ecommerce/products','category','Category','2022-09-10 03:28:54','2022-09-10 03:29:46'),(3262,0,'en','plugins/ecommerce/products','product_price_flash_sale_warning','This product is in flash sale <strong>:name</strong> so its price is <strong>:price</strong>.','2022-09-10 03:28:54','2022-09-10 03:29:46'),(3263,0,'en','plugins/ecommerce/products','product_price_discount_warning','This product is in discount <strong>:name</strong> so its price is <strong>:price</strong>.','2022-09-10 03:28:54','2022-09-10 03:29:46'),(3264,0,'en','plugins/ecommerce/products','product_image','Product image','2022-09-10 03:28:54','2022-09-10 03:29:46'),(3265,0,'en','plugins/ecommerce/products','product_name','Product name','2022-09-10 03:28:54','2022-09-10 03:29:46'),(3266,0,'en','plugins/ecommerce/reports','name','Report','2022-09-10 03:28:54','2022-09-10 03:29:46'),(3267,0,'en','plugins/ecommerce/reports','widget.order.title','Orders','2022-09-10 03:28:54','2022-09-10 03:29:46'),(3268,0,'en','plugins/ecommerce/reports','count.revenue','Today revenue','2022-09-10 03:28:54','2022-09-10 03:29:46'),(3269,0,'en','plugins/ecommerce/reports','count.orders','Today orders','2022-09-10 03:28:54','2022-09-10 03:29:46'),(3270,0,'en','plugins/ecommerce/reports','count.products','Total products','2022-09-10 03:28:54','2022-09-10 03:29:46'),(3271,0,'en','plugins/ecommerce/reports','count.customers','Total customers','2022-09-10 03:28:54','2022-09-10 03:29:46'),(3272,0,'en','plugins/ecommerce/reports','product_name','Product name','2022-09-10 03:28:54','2022-09-10 03:29:46'),(3273,0,'en','plugins/ecommerce/reports','quantity','Quantity','2022-09-10 03:28:54','2022-09-10 03:29:46'),(3274,0,'en','plugins/ecommerce/reports','revenue_statistics','Revenue statistics','2022-09-10 03:28:54','2022-09-10 03:29:46'),(3275,0,'en','plugins/ecommerce/reports','top_selling_products','Top Selling Products','2022-09-10 03:28:54','2022-09-10 03:29:46'),(3276,0,'en','plugins/ecommerce/reports','ranges.today','Today','2022-09-10 03:28:54','2022-09-10 03:29:46'),(3277,0,'en','plugins/ecommerce/reports','ranges.this_week','This week','2022-09-10 03:28:54','2022-09-10 03:29:46'),(3278,0,'en','plugins/ecommerce/reports','ranges.last_7_days','Last 7 days','2022-09-10 03:28:54','2022-09-10 03:29:46'),(3279,0,'en','plugins/ecommerce/reports','ranges.last_30_days','Last 30 days','2022-09-10 03:28:54','2022-09-10 03:29:46'),(3280,0,'en','plugins/ecommerce/reports','ranges.this_month','This month','2022-09-10 03:28:54','2022-09-10 03:29:46'),(3281,0,'en','plugins/ecommerce/reports','ranges.this_year','This year','2022-09-10 03:28:54','2022-09-10 03:29:46'),(3282,0,'en','plugins/ecommerce/reports','revenue_this_month','Revenue this month','2022-09-10 03:28:54','2022-09-10 03:29:46'),(3283,0,'en','plugins/ecommerce/reports','order_processing_this_month','order(s) processing in this month','2022-09-10 03:28:54','2022-09-10 03:29:46'),(3284,0,'en','plugins/ecommerce/reports','order_completed_this_month','order(s) completed in this month','2022-09-10 03:28:54','2022-09-10 03:29:46'),(3285,0,'en','plugins/ecommerce/reports','product_will_be_out_of_stock','product(s) will be out of stock soon','2022-09-10 03:28:54','2022-09-10 03:29:46'),(3286,0,'en','plugins/ecommerce/reports','product_out_of_stock','product(s) out of stock','2022-09-10 03:28:54','2022-09-10 03:29:46'),(3287,0,'en','plugins/ecommerce/reports','sales_reports','Sales Reports','2022-09-10 03:28:54','2022-09-10 03:29:46'),(3288,0,'en','plugins/ecommerce/reports','total_earnings','Total Earnings','2022-09-10 03:28:54','2022-09-10 03:29:46'),(3289,0,'en','plugins/ecommerce/reports','recent_orders','Recent Orders','2022-09-10 03:28:54','2022-09-10 03:29:46'),(3290,0,'en','plugins/ecommerce/reports','statistics','Statistics','2022-09-10 03:28:54','2022-09-10 03:29:46'),(3291,0,'en','plugins/ecommerce/reports','items_earning_sales','Items Earning Sales: :value','2022-09-10 03:28:54','2022-09-10 03:29:46'),(3292,0,'en','plugins/ecommerce/reports','revenue','Revenue','2022-09-10 03:28:54','2022-09-10 03:29:46'),(3293,0,'en','plugins/ecommerce/reports','orders','Orders','2022-09-10 03:28:54','2022-09-10 03:29:46'),(3294,0,'en','plugins/ecommerce/reports','products','Products','2022-09-10 03:28:54','2022-09-10 03:29:46'),(3295,0,'en','plugins/ecommerce/reports','customers','Customers','2022-09-10 03:28:54','2022-09-10 03:29:46'),(3296,0,'en','plugins/ecommerce/reports','earnings','Earnings','2022-09-10 03:28:54','2022-09-10 03:29:46'),(3297,0,'en','plugins/ecommerce/reports','date_range_format_value','From :from to :to','2022-09-10 03:28:54','2022-09-10 03:29:46'),(3298,0,'en','plugins/ecommerce/reports','select_range','Select Range','2022-09-10 03:28:54','2022-09-10 03:29:46'),(3299,0,'en','plugins/ecommerce/review','name','Reviews','2022-09-10 03:28:54','2022-09-10 03:29:46'),(3300,0,'en','plugins/ecommerce/review','add_review','Add review','2022-09-10 03:28:54','2022-09-10 03:29:46'),(3301,0,'en','plugins/ecommerce/review','delete_review','Delete review','2022-09-10 03:28:54','2022-09-10 03:29:46'),(3302,0,'en','plugins/ecommerce/review','create_review','Create Review','2022-09-10 03:28:54','2022-09-10 03:29:46'),(3303,0,'en','plugins/ecommerce/review','please_select_rating','Please select rating','2022-09-10 03:28:54','2022-09-10 03:29:46'),(3304,0,'en','plugins/ecommerce/review','comment','Comment','2022-09-10 03:28:54','2022-09-10 03:29:46'),(3305,0,'en','plugins/ecommerce/review','approve','Approve','2022-09-10 03:28:54','2022-09-10 03:29:46'),(3306,0,'en','plugins/ecommerce/review','approved','Approved','2022-09-10 03:28:54','2022-09-10 03:29:46'),(3307,0,'en','plugins/ecommerce/review','disapprove','Disapprove','2022-09-10 03:28:54','2022-09-10 03:29:46'),(3308,0,'en','plugins/ecommerce/review','disapproved','Disapproved','2022-09-10 03:28:54','2022-09-10 03:29:46'),(3309,0,'en','plugins/ecommerce/review','product','Product','2022-09-10 03:28:54','2022-09-10 03:29:46'),(3310,0,'en','plugins/ecommerce/review','user','User','2022-09-10 03:28:54','2022-09-10 03:29:46'),(3311,0,'en','plugins/ecommerce/review','star','Star','2022-09-10 03:28:54','2022-09-10 03:29:46'),(3312,0,'en','plugins/ecommerce/review','status','Status','2022-09-10 03:28:54','2022-09-10 03:29:46'),(3313,0,'en','plugins/ecommerce/review','list_review','Customer reviews','2022-09-10 03:28:54','2022-09-10 03:29:46'),(3314,0,'en','plugins/ecommerce/review','intro.title','Manage customer reviews','2022-09-10 03:28:54','2022-09-10 03:29:46'),(3315,0,'en','plugins/ecommerce/review','intro.description','Customer reviews will be shown here and you can manage it to show/hide in product detail page.','2022-09-10 03:28:54','2022-09-10 03:29:46'),(3316,0,'en','plugins/ecommerce/review','images','Images','2022-09-10 03:28:54','2022-09-10 03:29:46'),(3317,0,'en','plugins/ecommerce/shipping','name','Shipping Rules','2022-09-10 03:28:54','2022-09-10 03:29:46'),(3318,0,'en','plugins/ecommerce/shipping','shipping','Shipping','2022-09-10 03:28:54','2022-09-10 03:29:46'),(3319,0,'en','plugins/ecommerce/shipping','title','Title','2022-09-10 03:28:54','2022-09-10 03:29:46'),(3320,0,'en','plugins/ecommerce/shipping','amount','Amount','2022-09-10 03:28:54','2022-09-10 03:29:46'),(3321,0,'en','plugins/ecommerce/shipping','enable','Enable','2022-09-10 03:28:54','2022-09-10 03:29:46'),(3322,0,'en','plugins/ecommerce/shipping','enabled','Enabled','2022-09-10 03:28:54','2022-09-10 03:29:46'),(3323,0,'en','plugins/ecommerce/shipping','disable','Disable','2022-09-10 03:28:54','2022-09-10 03:29:46'),(3324,0,'en','plugins/ecommerce/shipping','disabled','Disabled','2022-09-10 03:28:54','2022-09-10 03:29:46'),(3325,0,'en','plugins/ecommerce/shipping','create_shipping','Create a shipping','2022-09-10 03:28:54','2022-09-10 03:29:46'),(3326,0,'en','plugins/ecommerce/shipping','edit_shipping','Edit shipping :code','2022-09-10 03:28:54','2022-09-10 03:29:46'),(3327,0,'en','plugins/ecommerce/shipping','status','Status','2022-09-10 03:28:54','2022-09-10 03:29:46'),(3328,0,'en','plugins/ecommerce/shipping','shipping_methods','Shipping methods','2022-09-10 03:28:54','2022-09-10 03:29:46'),(3329,0,'en','plugins/ecommerce/shipping','create_shipping_method','Create shipping method','2022-09-10 03:28:54','2022-09-10 03:29:46'),(3330,0,'en','plugins/ecommerce/shipping','edit_shipping_method','Edit shipping method','2022-09-10 03:28:54','2022-09-10 03:29:46'),(3331,0,'en','plugins/ecommerce/shipping','add_shipping_region','Add shipping region','2022-09-10 03:28:54','2022-09-10 03:29:46'),(3332,0,'en','plugins/ecommerce/shipping','country','Country','2022-09-10 03:28:54','2022-09-10 03:29:46'),(3333,0,'en','plugins/ecommerce/shipping','state','State','2022-09-10 03:28:54','2022-09-10 03:29:46'),(3334,0,'en','plugins/ecommerce/shipping','city','City','2022-09-10 03:28:54','2022-09-10 03:29:46'),(3335,0,'en','plugins/ecommerce/shipping','address','Address','2022-09-10 03:28:54','2022-09-10 03:29:46'),(3336,0,'en','plugins/ecommerce/shipping','phone','Phone','2022-09-10 03:28:54','2022-09-10 03:29:46'),(3337,0,'en','plugins/ecommerce/shipping','email','Email','2022-09-10 03:28:54','2022-09-10 03:29:46'),(3338,0,'en','plugins/ecommerce/shipping','zip_code','Zip code','2022-09-10 03:28:54','2022-09-10 03:29:46'),(3339,0,'en','plugins/ecommerce/shipping','methods.default','Default','2022-09-10 03:28:54','2022-09-10 03:29:46'),(3340,0,'en','plugins/ecommerce/shipping','statuses.not_approved','Not approved','2022-09-10 03:28:54','2022-09-10 03:29:46'),(3341,0,'en','plugins/ecommerce/shipping','statuses.approved','Approved','2022-09-10 03:28:54','2022-09-10 03:29:46'),(3342,0,'en','plugins/ecommerce/shipping','statuses.pending','Pending','2022-09-10 03:28:54','2022-09-10 03:29:46'),(3343,0,'en','plugins/ecommerce/shipping','statuses.arrange_shipment','Arrange shipment','2022-09-10 03:28:54','2022-09-10 03:29:46'),(3344,0,'en','plugins/ecommerce/shipping','statuses.ready_to_be_shipped_out','Ready to be shipped out','2022-09-10 03:28:54','2022-09-10 03:29:46'),(3345,0,'en','plugins/ecommerce/shipping','statuses.picking','Picking','2022-09-10 03:28:54','2022-09-10 03:29:46'),(3346,0,'en','plugins/ecommerce/shipping','statuses.delay_picking','Delay picking','2022-09-10 03:28:54','2022-09-10 03:29:46'),(3347,0,'en','plugins/ecommerce/shipping','statuses.picked','Picked','2022-09-10 03:28:54','2022-09-10 03:29:46'),(3348,0,'en','plugins/ecommerce/shipping','statuses.not_picked','Not picked','2022-09-10 03:28:54','2022-09-10 03:29:46'),(3349,0,'en','plugins/ecommerce/shipping','statuses.delivering','Delivering','2022-09-10 03:28:54','2022-09-10 03:29:46'),(3350,0,'en','plugins/ecommerce/shipping','statuses.delivered','Delivered','2022-09-10 03:28:54','2022-09-10 03:29:46'),(3351,0,'en','plugins/ecommerce/shipping','statuses.not_delivered','Not delivered','2022-09-10 03:28:54','2022-09-10 03:29:46'),(3352,0,'en','plugins/ecommerce/shipping','statuses.audited','Audited','2022-09-10 03:28:54','2022-09-10 03:29:46'),(3353,0,'en','plugins/ecommerce/shipping','statuses.canceled','Canceled','2022-09-10 03:28:54','2022-09-10 03:29:46'),(3354,0,'en','plugins/ecommerce/shipping','cod_statuses.pending','Pending','2022-09-10 03:28:54','2022-09-10 03:29:46'),(3355,0,'en','plugins/ecommerce/shipping','cod_statuses.completed','Completed','2022-09-10 03:28:54','2022-09-10 03:29:46'),(3356,0,'en','plugins/ecommerce/shipping','delete','Delete','2022-09-10 03:28:54','2022-09-10 03:29:46'),(3357,0,'en','plugins/ecommerce/shipping','shipping_rules','Shipping Rules','2022-09-10 03:28:54','2022-09-10 03:29:46'),(3358,0,'en','plugins/ecommerce/shipping','shipping_rules_description','Rules to calculate shipping fee.','2022-09-10 03:28:54','2022-09-10 03:29:46'),(3359,0,'en','plugins/ecommerce/shipping','select_country','Select country','2022-09-10 03:28:54','2022-09-10 03:29:46'),(3360,0,'en','plugins/ecommerce/shipping','add_shipping_rule','Add shipping rule','2022-09-10 03:28:54','2022-09-10 03:29:46'),(3361,0,'en','plugins/ecommerce/shipping','delete_shipping_rate','Delete shipping rate for area','2022-09-10 03:28:54','2022-09-10 03:29:46'),(3362,0,'en','plugins/ecommerce/shipping','delete_shipping_rate_confirmation','Are you sure you want to delete <strong class=\"region-price-item-label\"></strong> from this shipping area?','2022-09-10 03:28:55','2022-09-10 03:29:46'),(3363,0,'en','plugins/ecommerce/shipping','delete_shipping_area','Delete shipping area','2022-09-10 03:28:55','2022-09-10 03:29:46'),(3364,0,'en','plugins/ecommerce/shipping','delete_shipping_area_confirmation','Are you sure you want to delete shipping area <strong class=\"region-item-label\"></strong>?','2022-09-10 03:28:55','2022-09-10 03:29:46'),(3365,0,'en','plugins/ecommerce/shipping','add_shipping_fee_for_area','Add shipping fee for area','2022-09-10 03:28:55','2022-09-10 03:29:46'),(3366,0,'en','plugins/ecommerce/shipping','confirm','Confirm','2022-09-10 03:28:55','2022-09-10 03:29:46'),(3367,0,'en','plugins/ecommerce/shipping','save','Save','2022-09-10 03:28:55','2022-09-10 03:29:46'),(3368,0,'en','plugins/ecommerce/shipping','greater_than','Greater than','2022-09-10 03:28:55','2022-09-10 03:29:46'),(3369,0,'en','plugins/ecommerce/shipping','type','Type','2022-09-10 03:28:55','2022-09-10 03:29:46'),(3370,0,'en','plugins/ecommerce/shipping','shipping_rule_name','Name of shipping rule','2022-09-10 03:28:55','2022-09-10 03:29:46'),(3371,0,'en','plugins/ecommerce/shipping','shipping_fee','Shipping fee','2022-09-10 03:28:55','2022-09-10 03:29:46'),(3372,0,'en','plugins/ecommerce/shipping','cancel','Cancel','2022-09-10 03:28:55','2022-09-10 03:29:46'),(3373,0,'en','plugins/ecommerce/shipping','base_on_weight','Based on product\'s weight (:unit)','2022-09-10 03:28:55','2022-09-10 03:29:46'),(3374,0,'en','plugins/ecommerce/shipping','base_on_price','Based on product\'s price','2022-09-10 03:28:55','2022-09-10 03:29:46'),(3375,0,'en','plugins/ecommerce/shipping','shipment_canceled','Shipment was canceled','2022-09-10 03:28:55','2022-09-10 03:29:46'),(3376,0,'en','plugins/ecommerce/shipping','at','At','2022-09-10 03:28:55','2022-09-10 03:29:46'),(3377,0,'en','plugins/ecommerce/shipping','cash_on_delivery','Cash on delivery (COD)','2022-09-10 03:28:55','2022-09-10 03:29:46'),(3378,0,'en','plugins/ecommerce/shipping','update_shipping_status','Update shipping status','2022-09-10 03:28:55','2022-09-10 03:29:46'),(3379,0,'en','plugins/ecommerce/shipping','update_cod_status','Update COD status','2022-09-10 03:28:55','2022-09-10 03:29:46'),(3380,0,'en','plugins/ecommerce/shipping','history','History','2022-09-10 03:28:55','2022-09-10 03:29:46'),(3381,0,'en','plugins/ecommerce/shipping','shipment_information','Shipment information','2022-09-10 03:28:55','2022-09-10 03:29:46'),(3382,0,'en','plugins/ecommerce/shipping','order_number','Order number','2022-09-10 03:28:55','2022-09-10 03:29:46'),(3383,0,'en','plugins/ecommerce/shipping','shipping_method','Shipping method','2022-09-10 03:28:55','2022-09-10 03:29:46'),(3384,0,'en','plugins/ecommerce/shipping','select_shipping_method','Select shipping method','2022-09-10 03:28:55','2022-09-10 03:29:46'),(3385,0,'en','plugins/ecommerce/shipping','cod_status','COD status','2022-09-10 03:28:55','2022-09-10 03:29:46'),(3386,0,'en','plugins/ecommerce/shipping','shipping_status','Shipping status','2022-09-10 03:28:55','2022-09-10 03:29:46'),(3387,0,'en','plugins/ecommerce/shipping','customer_information','Customer information','2022-09-10 03:28:55','2022-09-10 03:29:46'),(3388,0,'en','plugins/ecommerce/shipping','sku','SKU','2022-09-10 03:28:55','2022-09-10 03:29:46'),(3389,0,'en','plugins/ecommerce/shipping','change_status_confirm_title','Confirm <span class=\"shipment-status-label\"></span> ?','2022-09-10 03:28:55','2022-09-10 03:29:46'),(3390,0,'en','plugins/ecommerce/shipping','change_status_confirm_description','Are you sure you want to confirm <span class=\"shipment-status-label\"></span> for this shipment?','2022-09-10 03:28:55','2022-09-10 03:29:46'),(3391,0,'en','plugins/ecommerce/shipping','accept','Accept','2022-09-10 03:28:55','2022-09-10 03:29:46'),(3392,0,'en','plugins/ecommerce/shipping','weight_unit','Weight (:unit)','2022-09-10 03:28:55','2022-09-10 03:29:46'),(3393,0,'en','plugins/ecommerce/shipping','updated_at','Last Update','2022-09-10 03:28:55','2022-09-10 03:29:46'),(3394,0,'en','plugins/ecommerce/shipping','cod_amount','Cash on delivery amount (COD)','2022-09-10 03:28:55','2022-09-10 03:29:46'),(3395,0,'en','plugins/ecommerce/shipping','cancel_shipping','Cancel shipping','2022-09-10 03:28:55','2022-09-10 03:29:46'),(3396,0,'en','plugins/ecommerce/shipping','shipping_address','Shipping address','2022-09-10 03:28:55','2022-09-10 03:29:46'),(3397,0,'en','plugins/ecommerce/shipping','packages','Packages','2022-09-10 03:28:55','2022-09-10 03:29:46'),(3398,0,'en','plugins/ecommerce/shipping','edit','Edit','2022-09-10 03:28:55','2022-09-10 03:29:46'),(3399,0,'en','plugins/ecommerce/shipping','fee','Fee','2022-09-10 03:28:55','2022-09-10 03:29:46'),(3400,0,'en','plugins/ecommerce/shipping','note','Note','2022-09-10 03:28:55','2022-09-10 03:29:46'),(3401,0,'en','plugins/ecommerce/shipping','finish','Finish','2022-09-10 03:28:55','2022-09-10 03:29:46'),(3402,0,'en','plugins/ecommerce/shipping','shipping_fee_cod','Shipping fee/COD','2022-09-10 03:28:55','2022-09-10 03:29:46'),(3403,0,'en','plugins/ecommerce/shipping','send_confirmation_email_to_customer','Send confirmation email to customer','2022-09-10 03:28:55','2022-09-10 03:29:46'),(3404,0,'en','plugins/ecommerce/shipping','form_name','Name','2022-09-10 03:28:55','2022-09-10 03:29:46'),(3405,0,'en','plugins/ecommerce/shipping','changed_shipping_status','Changed status of shipping to: :status. Updated by: %user_name%','2022-09-10 03:28:55','2022-09-10 03:29:46'),(3406,0,'en','plugins/ecommerce/shipping','order_confirmed_by','Order confirmed by %user_name%','2022-09-10 03:28:55','2022-09-10 03:29:46'),(3407,0,'en','plugins/ecommerce/shipping','shipping_canceled_by','Shipping is cancelled by %user_name%','2022-09-10 03:28:55','2022-09-10 03:29:46'),(3408,0,'en','plugins/ecommerce/shipping','update_shipping_status_success','Update shipping status successfully!','2022-09-10 03:28:55','2022-09-10 03:29:46'),(3409,0,'en','plugins/ecommerce/shipping','update_cod_status_success','Updated COD status of shipping successfully!','2022-09-10 03:28:55','2022-09-10 03:29:46'),(3410,0,'en','plugins/ecommerce/shipping','updated_cod_status_by','Updated COD status to :status . Updated by: %user_name%','2022-09-10 03:28:55','2022-09-10 03:29:46'),(3411,0,'en','plugins/ecommerce/shipping','all','All','2022-09-10 03:28:55','2022-09-10 03:29:46'),(3412,0,'en','plugins/ecommerce/shipping','error_when_adding_new_region','There is an error when adding new region!','2022-09-10 03:28:55','2022-09-10 03:29:46'),(3413,0,'en','plugins/ecommerce/shipping','delivery','Delivery','2022-09-10 03:28:55','2022-09-10 03:29:46'),(3414,0,'en','plugins/ecommerce/shipping','adjustment_price_of','Adjustment price of :key','2022-09-10 03:28:55','2022-09-10 03:29:46'),(3415,0,'en','plugins/ecommerce/shipping','warehouse','Warehouse','2022-09-10 03:28:55','2022-09-10 03:29:46'),(3416,0,'en','plugins/ecommerce/shipping','delivery_note','Delivery note','2022-09-10 03:28:55','2022-09-10 03:29:46'),(3417,0,'en','plugins/ecommerce/shipping','shipments','Shipments','2022-09-10 03:28:55','2022-09-10 03:29:46'),(3418,0,'en','plugins/ecommerce/shipping','order_id','Order ID','2022-09-10 03:28:55','2022-09-10 03:29:46'),(3419,0,'en','plugins/ecommerce/shipping','not_available','Not available','2022-09-10 03:28:55','2022-09-10 03:29:46'),(3420,0,'en','plugins/ecommerce/shipping','shipping_amount','Shipping Amount','2022-09-10 03:28:55','2022-09-10 03:29:46'),(3421,0,'en','plugins/ecommerce/shipping','additional_shipment_information','Additional shipment information','2022-09-10 03:28:55','2022-09-10 03:29:46'),(3422,0,'en','plugins/ecommerce/shipping','shipping_company_name','Shipping Company Name','2022-09-10 03:28:55','2022-09-10 03:29:46'),(3423,0,'en','plugins/ecommerce/shipping','tracking_id','Tracking ID','2022-09-10 03:28:55','2022-09-10 03:29:46'),(3424,0,'en','plugins/ecommerce/shipping','tracking_link','Tracking Link','2022-09-10 03:28:55','2022-09-10 03:29:46'),(3425,0,'en','plugins/ecommerce/shipping','estimate_date_shipped','Estimate Date Shipped','2022-09-10 03:28:55','2022-09-10 03:29:46'),(3426,0,'en','plugins/ecommerce/shipping','date_shipped','Date Shipped','2022-09-10 03:28:55','2022-09-10 03:29:46'),(3427,0,'en','plugins/ecommerce/shipping','add_note','Add note...','2022-09-10 03:28:55','2022-09-10 03:29:46'),(3428,0,'en','plugins/ecommerce/shipping','view_order','View Order :order_id','2022-09-10 03:28:55','2022-09-10 03:29:46'),(3429,0,'en','plugins/ecommerce/store-locator','name','Store locators','2022-09-10 03:28:55','2022-09-10 03:29:47'),(3430,0,'en','plugins/ecommerce/store-locator','description','This address will appear on your invoice and will be used to calculate your shipping price.','2022-09-10 03:28:55','2022-09-10 03:29:47'),(3431,0,'en','plugins/ecommerce/store-locator','shop_name','Shop name','2022-09-10 03:28:55','2022-09-10 03:29:47'),(3432,0,'en','plugins/ecommerce/store-locator','phone','Phone','2022-09-10 03:28:55','2022-09-10 03:29:47'),(3433,0,'en','plugins/ecommerce/store-locator','email','Email','2022-09-10 03:28:55','2022-09-10 03:29:47'),(3434,0,'en','plugins/ecommerce/store-locator','state','State','2022-09-10 03:28:55','2022-09-10 03:29:47'),(3435,0,'en','plugins/ecommerce/store-locator','city','City','2022-09-10 03:28:55','2022-09-10 03:29:47'),(3436,0,'en','plugins/ecommerce/store-locator','country','Country','2022-09-10 03:28:55','2022-09-10 03:29:47'),(3437,0,'en','plugins/ecommerce/store-locator','address','Address','2022-09-10 03:28:55','2022-09-10 03:29:47'),(3438,0,'en','plugins/ecommerce/store-locator','primary_store_is','Primary store is','2022-09-10 03:28:55','2022-09-10 03:29:47'),(3439,0,'en','plugins/ecommerce/store-locator','store_name','Store name','2022-09-10 03:28:55','2022-09-10 03:29:47'),(3440,0,'en','plugins/ecommerce/store-locator','select_country','Select country...','2022-09-10 03:28:55','2022-09-10 03:29:47'),(3441,0,'en','plugins/ecommerce/store-locator','default_shipping_location','Default shipping location','2022-09-10 03:28:55','2022-09-10 03:29:47'),(3442,0,'en','plugins/ecommerce/store-locator','default_store','Default store','2022-09-10 03:28:55','2022-09-10 03:29:47'),(3443,0,'en','plugins/ecommerce/tax','name','Taxes','2022-09-10 03:28:55','2022-09-10 03:29:47'),(3444,0,'en','plugins/ecommerce/tax','create','Create a tax','2022-09-10 03:28:55','2022-09-10 03:29:47'),(3445,0,'en','plugins/ecommerce/tax','edit','Edit tax :title','2022-09-10 03:28:55','2022-09-10 03:29:47'),(3446,0,'en','plugins/ecommerce/tax','title','Title','2022-09-10 03:28:55','2022-09-10 03:29:47'),(3447,0,'en','plugins/ecommerce/tax','percentage','Percentage %','2022-09-10 03:28:55','2022-09-10 03:29:47'),(3448,0,'en','plugins/ecommerce/tax','priority','Priority','2022-09-10 03:28:55','2022-09-10 03:29:47'),(3449,0,'en','plugins/ecommerce/tax','select_tax','-- select --','2022-09-10 03:28:55','2022-09-10 03:29:47'),(3450,0,'vi','plugins/ecommerce/brands','name','Thương hiệu','2022-09-10 03:28:55','2022-09-10 03:29:45'),(3451,0,'vi','plugins/ecommerce/brands','create','Thêm thương hiệu mới','2022-09-10 03:28:55','2022-09-10 03:29:45'),(3452,0,'vi','plugins/ecommerce/brands','edit','Sửa thương hiệu','2022-09-10 03:28:55','2022-09-10 03:29:45'),(3453,0,'vi','plugins/ecommerce/brands','form.name','Tên','2022-09-10 03:28:55','2022-09-10 03:29:45'),(3454,0,'vi','plugins/ecommerce/brands','form.name_placeholder','Tên thương hiệu (tối đa 255 kí tự)','2022-09-10 03:28:55','2022-09-10 03:29:45'),(3455,0,'vi','plugins/ecommerce/brands','form.description','Mô tả','2022-09-10 03:28:55','2022-09-10 03:29:45'),(3456,0,'vi','plugins/ecommerce/brands','form.description_placeholder','Mô tả ngắn cho thương hiệu này (tối đa 400 kí tự)','2022-09-10 03:28:55','2022-09-10 03:29:45'),(3457,0,'vi','plugins/ecommerce/brands','form.website','Website','2022-09-10 03:28:55','2022-09-10 03:29:45'),(3458,0,'vi','plugins/ecommerce/brands','form.logo','Logo','2022-09-10 03:28:55','2022-09-10 03:29:45'),(3459,0,'vi','plugins/ecommerce/brands','form.is_featured','Nổi bật?','2022-09-10 03:28:55','2022-09-10 03:29:45'),(3460,0,'vi','plugins/ecommerce/brands','logo','Logo','2022-09-10 03:28:55','2022-09-10 03:29:45'),(3461,0,'vi','plugins/ecommerce/brands','website','Website','2022-09-10 03:28:55','2022-09-10 03:29:45'),(3462,0,'vi','plugins/ecommerce/brands','notices.no_select','Không có bản ghi nào được chọn!','2022-09-10 03:28:55','2022-09-10 03:29:45'),(3463,0,'vi','plugins/ecommerce/brands','notices.update_success_message','Cập nhật thành công','2022-09-10 03:28:55','2022-09-10 03:29:45'),(3464,0,'vi','plugins/ecommerce/brands','cannot_delete','Xoá không thành công','2022-09-10 03:28:55','2022-09-10 03:29:45'),(3465,0,'vi','plugins/ecommerce/brands','brand_deleted','Xoá thương hiệu thành công','2022-09-10 03:28:55','2022-09-10 03:29:45'),(3466,0,'vi','plugins/ecommerce/brands','menu','Thương hiệu','2022-09-10 03:28:55','2022-09-10 03:29:45'),(3467,0,'vi','plugins/ecommerce/brands','intro.title','Quản lý danh sách thương hiệu','2022-09-10 03:28:55','2022-09-10 03:29:45'),(3468,0,'vi','plugins/ecommerce/brands','intro.description','Các thương hiệu của sản phẩm như Nike, Adidas, Bitis ...','2022-09-10 03:28:55','2022-09-10 03:29:45'),(3469,0,'vi','plugins/ecommerce/brands','intro.button_text','Tạo thương hiệu','2022-09-10 03:28:56','2022-09-10 03:29:45'),(3470,0,'vi','plugins/ecommerce/brands','no_brand','Không có thương hiệu','2022-09-10 03:28:56','2022-09-10 03:29:45'),(3492,0,'vi','plugins/ecommerce/currency','currencies','Tiền tệ','2022-09-10 03:28:56','2022-09-10 03:29:45'),(3493,0,'vi','plugins/ecommerce/currency','setting_description','Các loại tiền tệ được sử dụng trên website.','2022-09-10 03:28:56','2022-09-10 03:29:45'),(3494,0,'vi','plugins/ecommerce/currency','name','Tên','2022-09-10 03:28:56','2022-09-10 03:29:45'),(3495,0,'vi','plugins/ecommerce/currency','symbol','Ký hiệu','2022-09-10 03:28:56','2022-09-10 03:29:45'),(3496,0,'vi','plugins/ecommerce/currency','number_of_decimals','Số thập phân','2022-09-10 03:28:56','2022-09-10 03:29:45'),(3497,0,'vi','plugins/ecommerce/currency','exchange_rate','Tỷ giá','2022-09-10 03:28:56','2022-09-10 03:29:45'),(3498,0,'vi','plugins/ecommerce/currency','is_prefix_symbol','Vị trí ký hiệu','2022-09-10 03:28:56','2022-09-10 03:29:45'),(3499,0,'vi','plugins/ecommerce/currency','is_default','Mặc định?','2022-09-10 03:28:56','2022-09-10 03:29:45'),(3500,0,'vi','plugins/ecommerce/currency','remove','Xoá','2022-09-10 03:28:56','2022-09-10 03:29:45'),(3501,0,'vi','plugins/ecommerce/currency','new_currency','Thêm tiền tệ mới','2022-09-10 03:28:56','2022-09-10 03:29:45'),(3502,0,'vi','plugins/ecommerce/currency','save_settings','Lưu cài đặt','2022-09-10 03:28:56','2022-09-10 03:29:45'),(3503,0,'vi','plugins/ecommerce/currency','before_number','Trước số','2022-09-10 03:28:56','2022-09-10 03:29:45'),(3504,0,'vi','plugins/ecommerce/currency','after_number','Sau số','2022-09-10 03:28:56','2022-09-10 03:29:45'),(3505,0,'vi','plugins/ecommerce/customer','name','Khách hàng','2022-09-10 03:28:56','2022-09-10 03:29:45'),(3506,0,'vi','plugins/ecommerce/customer','create','Create a customer','2022-09-10 03:28:56','2022-09-10 03:29:45'),(3507,0,'vi','plugins/ecommerce/customer','edit','Edit customer \":name\"','2022-09-10 03:28:56','2022-09-10 03:29:45'),(3508,0,'vi','plugins/ecommerce/customer','email','Email','2022-09-10 03:28:56','2022-09-10 03:29:45'),(3509,0,'vi','plugins/ecommerce/customer','email_placeholder','Ex: example@gmail.com','2022-09-10 03:28:56','2022-09-10 03:29:45'),(3510,0,'vi','plugins/ecommerce/customer','password','Password','2022-09-10 03:28:56','2022-09-10 03:29:45'),(3511,0,'vi','plugins/ecommerce/customer','change_password','Change password?','2022-09-10 03:28:56','2022-09-10 03:29:45'),(3512,0,'vi','plugins/ecommerce/customer','password_confirmation','Password confirmation','2022-09-10 03:28:56','2022-09-10 03:29:45'),(3513,0,'vi','plugins/ecommerce/customer','intro.title','Quản lý danh sách khách hàng','2022-09-10 03:28:56','2022-09-10 03:29:45'),(3514,0,'vi','plugins/ecommerce/customer','intro.description','Khi khách hàng đặt hàng, bạn sẽ biết được thông tin và lịch sử mua hàng của khách hàng.','2022-09-10 03:28:56','2022-09-10 03:29:45'),(3515,0,'vi','plugins/ecommerce/customer','intro.button_text','Tạo khách hàng','2022-09-10 03:28:56','2022-09-10 03:29:45'),(3516,0,'vi','plugins/ecommerce/discount','name','Khuyến mãi','2022-09-10 03:28:56','2022-09-10 03:29:45'),(3517,0,'vi','plugins/ecommerce/discount','invalid_coupon','Mã khuyến mãi không hợp lệ hoặc đã hết hạn!','2022-09-10 03:28:56','2022-09-10 03:29:45'),(3518,0,'vi','plugins/ecommerce/discount','cannot_use_same_time_with_other_discount_program','Mã khuyến mãi này không thể sử dụng chung với chương trình khuyến mãi!','2022-09-10 03:28:56','2022-09-10 03:29:45'),(3519,0,'vi','plugins/ecommerce/discount','not_used','Chưa sử dụng mã giảm giá này','2022-09-10 03:28:56','2022-09-10 03:29:45'),(3520,0,'vi','plugins/ecommerce/discount','detail','Detail','2022-09-10 03:28:56','2022-09-10 03:29:45'),(3521,0,'vi','plugins/ecommerce/discount','used','Used','2022-09-10 03:28:56','2022-09-10 03:29:45'),(3522,0,'vi','plugins/ecommerce/discount','start_date','Start date','2022-09-10 03:28:56','2022-09-10 03:29:45'),(3523,0,'vi','plugins/ecommerce/discount','end_date','End date','2022-09-10 03:28:56','2022-09-10 03:29:45'),(3524,0,'vi','plugins/ecommerce/discount','intro.title','Chương trình khuyến mãi','2022-09-10 03:28:56','2022-09-10 03:29:45'),(3525,0,'vi','plugins/ecommerce/discount','intro.description','Tạo ra các mã coupon, cài đặt một sản phẩm, hoặc một nhóm sản phẩm khuyến mãi dành cho các khách hàng thân thiết của bạn.','2022-09-10 03:28:56','2022-09-10 03:29:45'),(3526,0,'vi','plugins/ecommerce/discount','intro.button_text','Tạo khuyến mãi','2022-09-10 03:28:56','2022-09-10 03:29:45'),(3527,0,'vi','plugins/ecommerce/discount','create','Create discount','2022-09-10 03:28:56','2022-09-10 03:29:45'),(3528,0,'vi','plugins/ecommerce/discount','expired','Expired','2022-09-10 03:28:56','2022-09-10 03:29:45'),(3529,0,'vi','plugins/ecommerce/discount','discount_promotion','Discount promotion','2022-09-10 03:28:56','2022-09-10 03:29:45'),(3530,0,'vi','plugins/ecommerce/discount','can','can','2022-09-10 03:28:56','2022-09-10 03:29:45'),(3531,0,'vi','plugins/ecommerce/discount','cannot','cannot','2022-09-10 03:28:56','2022-09-10 03:29:45'),(3532,0,'vi','plugins/ecommerce/discount','use_with_promotion','be used with promotion','2022-09-10 03:28:56','2022-09-10 03:29:45'),(3533,0,'vi','plugins/ecommerce/discount','create_discount_validate_title_required_if','Please enter the name of the promotion','2022-09-10 03:28:56','2022-09-10 03:29:45'),(3534,0,'vi','plugins/ecommerce/discount','create_discount_validate_code_required_if','Please enter the promotion code','2022-09-10 03:28:56','2022-09-10 03:29:45'),(3535,0,'vi','plugins/ecommerce/discount','create_discount_validate_value_required','Amount must be greater than 0','2022-09-10 03:28:56','2022-09-10 03:29:45'),(3536,0,'vi','plugins/ecommerce/discount','create_discount_validate_target_required','No object selected for promotion','2022-09-10 03:28:56','2022-09-10 03:29:45'),(3537,0,'vi','plugins/ecommerce/discount','enums.type-options.amount','Amount - Fixed','2022-09-10 03:28:56','2022-09-10 03:29:45'),(3538,0,'vi','plugins/ecommerce/discount','enums.type-options.percentage','Discount %','2022-09-10 03:28:56','2022-09-10 03:29:45'),(3539,0,'vi','plugins/ecommerce/discount','enums.type-options.shipping','Free shipping','2022-09-10 03:28:56','2022-09-10 03:29:45'),(3540,0,'vi','plugins/ecommerce/discount','enums.type-options.same-price','Same price','2022-09-10 03:28:56','2022-09-10 03:29:45'),(3541,0,'vi','plugins/ecommerce/discount','discount','Discount','2022-09-10 03:28:56','2022-09-10 03:29:45'),(3542,0,'vi','plugins/ecommerce/discount','create_coupon_code','Tạo mã khuyến mãi','2022-09-10 03:28:56','2022-09-10 03:29:45'),(3543,0,'vi','plugins/ecommerce/discount','create_discount_promotion','Create discount promotion','2022-09-10 03:28:56','2022-09-10 03:29:45'),(3544,0,'vi','plugins/ecommerce/discount','generate_coupon_code','Generate coupon code','2022-09-10 03:28:56','2022-09-10 03:29:45'),(3545,0,'vi','plugins/ecommerce/discount','customers_will_enter_this_coupon_code_when_they_checkout','Customers will enter this coupon code when they checkout','2022-09-10 03:28:56','2022-09-10 03:29:45'),(3546,0,'vi','plugins/ecommerce/discount','select_type_of_discount','Select type of discount','2022-09-10 03:28:56','2022-09-10 03:29:45'),(3547,0,'vi','plugins/ecommerce/discount','coupon_code','Coupon code','2022-09-10 03:28:56','2022-09-10 03:29:45'),(3548,0,'vi','plugins/ecommerce/discount','promotion','Promotion','2022-09-10 03:28:56','2022-09-10 03:29:45'),(3549,0,'vi','plugins/ecommerce/discount','can_be_used_with_promotion','Can be used with promotion','2022-09-10 03:28:56','2022-09-10 03:29:45'),(3550,0,'vi','plugins/ecommerce/discount','unlimited_coupon','Unlimited coupon','2022-09-10 03:28:56','2022-09-10 03:29:45'),(3551,0,'vi','plugins/ecommerce/discount','enter_number','Enter number','2022-09-10 03:28:56','2022-09-10 03:29:45'),(3552,0,'vi','plugins/ecommerce/discount','coupon_type','Coupon type','2022-09-10 03:28:56','2022-09-10 03:29:45'),(3553,0,'vi','plugins/ecommerce/discount','percentage_discount','Percentage discount (%)','2022-09-10 03:28:56','2022-09-10 03:29:45'),(3554,0,'vi','plugins/ecommerce/discount','free_shipping','Free shipping','2022-09-10 03:28:56','2022-09-10 03:29:45'),(3555,0,'vi','plugins/ecommerce/discount','same_price','Same price','2022-09-10 03:28:56','2022-09-10 03:29:45'),(3556,0,'vi','plugins/ecommerce/discount','apply_for','apply for','2022-09-10 03:28:56','2022-09-10 03:29:45'),(3557,0,'vi','plugins/ecommerce/discount','all_orders','All orders','2022-09-10 03:28:56','2022-09-10 03:29:45'),(3558,0,'vi','plugins/ecommerce/discount','order_amount_from','Order amount from','2022-09-10 03:28:56','2022-09-10 03:29:45'),(3559,0,'vi','plugins/ecommerce/discount','product_collection','Product collection','2022-09-10 03:28:56','2022-09-10 03:29:45'),(3560,0,'vi','plugins/ecommerce/discount','product','Product','2022-09-10 03:28:56','2022-09-10 03:29:45'),(3561,0,'vi','plugins/ecommerce/discount','customer','Customer','2022-09-10 03:28:56','2022-09-10 03:29:45'),(3562,0,'vi','plugins/ecommerce/discount','variant','Variant','2022-09-10 03:28:56','2022-09-10 03:29:45'),(3563,0,'vi','plugins/ecommerce/discount','search_product','Search product','2022-09-10 03:28:56','2022-09-10 03:29:45'),(3564,0,'vi','plugins/ecommerce/discount','no_products_found','No products found!','2022-09-10 03:28:56','2022-09-10 03:29:45'),(3565,0,'vi','plugins/ecommerce/discount','search_customer','Search customer','2022-09-10 03:28:56','2022-09-10 03:29:45'),(3566,0,'vi','plugins/ecommerce/discount','no_customer_found','No customer found!','2022-09-10 03:28:56','2022-09-10 03:29:45'),(3567,0,'vi','plugins/ecommerce/discount','one_time_per_order','One time per order','2022-09-10 03:28:56','2022-09-10 03:29:45'),(3568,0,'vi','plugins/ecommerce/discount','one_time_per_product_in_cart','One time per product in cart','2022-09-10 03:28:56','2022-09-10 03:29:45'),(3569,0,'vi','plugins/ecommerce/discount','number_of_products','Number of products required to apply','2022-09-10 03:28:56','2022-09-10 03:29:45'),(3570,0,'vi','plugins/ecommerce/discount','selected_products','Selected products','2022-09-10 03:28:56','2022-09-10 03:29:45'),(3571,0,'vi','plugins/ecommerce/discount','selected_customers','Selected customers','2022-09-10 03:28:56','2022-09-10 03:29:45'),(3572,0,'vi','plugins/ecommerce/discount','time','Time','2022-09-10 03:28:56','2022-09-10 03:29:45'),(3573,0,'vi','plugins/ecommerce/discount','never_expired','Never expired','2022-09-10 03:28:57','2022-09-10 03:29:45'),(3574,0,'vi','plugins/ecommerce/discount','save','Save','2022-09-10 03:28:57','2022-09-10 03:29:45'),(3575,0,'vi','plugins/ecommerce/discount','enter_promotion_name','Enter promotion name','2022-09-10 03:28:57','2022-09-10 03:29:45'),(3576,0,'vi','plugins/ecommerce/discount','enter_coupon_name','Enter coupon name','2022-09-10 03:28:57','2022-09-10 03:29:45'),(3577,0,'vi','plugins/ecommerce/discount','cancel','Cancel','2022-09-10 03:28:57','2022-09-10 03:29:45'),(3578,0,'vi','plugins/ecommerce/discount','is','Is','2022-09-10 03:28:57','2022-09-10 03:29:45'),(3579,0,'vi','plugins/ecommerce/discount','when_shipping_fee_less_than','when shipping fee less than','2022-09-10 03:28:57','2022-09-10 03:29:45'),(3580,0,'vi','plugins/ecommerce/ecommerce','settings','Cài đặt','2022-09-10 03:28:57','2022-09-10 03:29:45'),(3581,0,'vi','plugins/ecommerce/ecommerce','name','Thương mại điện tử','2022-09-10 03:28:57','2022-09-10 03:29:45'),(3582,0,'vi','plugins/ecommerce/ecommerce','setting.email.title','E-commerce','2022-09-10 03:28:57','2022-09-10 03:29:45'),(3583,0,'vi','plugins/ecommerce/ecommerce','setting.email.description','Ecommerce email config','2022-09-10 03:28:57','2022-09-10 03:29:45'),(3584,0,'vi','plugins/ecommerce/ecommerce','setting.email.order_confirm_subject','Subject of order confirmation email','2022-09-10 03:28:57','2022-09-10 03:29:45'),(3585,0,'vi','plugins/ecommerce/ecommerce','setting.email.order_confirm_subject_placeholder','The subject of email confirmation send to the customer','2022-09-10 03:28:57','2022-09-10 03:29:45'),(3586,0,'vi','plugins/ecommerce/ecommerce','setting.email.order_confirm_content','Content of order confirmation email','2022-09-10 03:28:57','2022-09-10 03:29:45'),(3587,0,'vi','plugins/ecommerce/ecommerce','setting.email.order_status_change_subject','Subject of email when changing order\'s status','2022-09-10 03:28:57','2022-09-10 03:29:45'),(3588,0,'vi','plugins/ecommerce/ecommerce','setting.email.order_status_change_subject_placeholder','Subject of email when changing order\'s status send to customer','2022-09-10 03:28:57','2022-09-10 03:29:45'),(3589,0,'vi','plugins/ecommerce/ecommerce','setting.email.order_status_change_content','Content of email when changing order\'s status','2022-09-10 03:28:57','2022-09-10 03:29:45'),(3590,0,'vi','plugins/ecommerce/ecommerce','setting.email.from_email','Email from','2022-09-10 03:28:57','2022-09-10 03:29:45'),(3591,0,'vi','plugins/ecommerce/ecommerce','setting.email.from_email_placeholder','Email from address to display in mail. Ex: example@gmail.com','2022-09-10 03:28:57','2022-09-10 03:29:45'),(3592,0,'vi','plugins/ecommerce/ecommerce','store_address','Địa chỉ cửa hàng','2022-09-10 03:28:57','2022-09-10 03:29:45'),(3593,0,'vi','plugins/ecommerce/ecommerce','store_phone','Số điện thoại cửa hàng','2022-09-10 03:28:57','2022-09-10 03:29:45'),(3594,0,'vi','plugins/ecommerce/ecommerce','order_id','Mã đơn hàng','2022-09-10 03:28:57','2022-09-10 03:29:45'),(3595,0,'vi','plugins/ecommerce/ecommerce','order_token','Chuỗi mã hoá đơn hàng','2022-09-10 03:28:57','2022-09-10 03:29:45'),(3596,0,'vi','plugins/ecommerce/ecommerce','customer_name','Tên khách hàng','2022-09-10 03:28:57','2022-09-10 03:29:45'),(3597,0,'vi','plugins/ecommerce/ecommerce','customer_email','Email khách hàng','2022-09-10 03:28:57','2022-09-10 03:29:45'),(3598,0,'vi','plugins/ecommerce/ecommerce','customer_phone','Số điện thoại khách hàng','2022-09-10 03:28:57','2022-09-10 03:29:45'),(3599,0,'vi','plugins/ecommerce/ecommerce','customer_address','Địa chỉ khách hàng','2022-09-10 03:28:57','2022-09-10 03:29:45'),(3600,0,'vi','plugins/ecommerce/ecommerce','product_list','Danh sách sản phẩm trong đơn hàng','2022-09-10 03:28:57','2022-09-10 03:29:45'),(3601,0,'vi','plugins/ecommerce/ecommerce','payment_detail','Chi tiết thanh toán','2022-09-10 03:28:57','2022-09-10 03:29:45'),(3602,0,'vi','plugins/ecommerce/ecommerce','shipping_method','Phương thức vận chuyển','2022-09-10 03:28:57','2022-09-10 03:29:45'),(3603,0,'vi','plugins/ecommerce/ecommerce','payment_method','Phương thức thanh toán','2022-09-10 03:28:57','2022-09-10 03:29:45'),(3604,0,'vi','plugins/ecommerce/ecommerce','standard_and_format','Tiêu chuẩn & Định dạng','2022-09-10 03:28:57','2022-09-10 03:29:45'),(3605,0,'vi','plugins/ecommerce/ecommerce','standard_and_format_description','Các tiêu chuẩn và các định dạng được sử dụng để tính toán những thứ như giá cả sản phẩm, trọng lượng vận chuyển và thời gian đơn hàng được đặt.','2022-09-10 03:28:57','2022-09-10 03:29:45'),(3606,0,'vi','plugins/ecommerce/ecommerce','change_order_format','Chỉnh sửa định dạng mã đơn hàng (tùy chọn)','2022-09-10 03:28:57','2022-09-10 03:29:45'),(3607,0,'vi','plugins/ecommerce/ecommerce','change_order_format_description','Mã đơn hàng mặc định bắt đầu từ :number. Bạn có thể thay đổi chuỗi bắt đầu hoặc kết thúc để tạo mã đơn hàng theo ý bạn, ví dụ \"DH-:number\" hoặc \":number-A\"','2022-09-10 03:28:57','2022-09-10 03:29:45'),(3608,0,'vi','plugins/ecommerce/ecommerce','start_with','Bắt đầu bằng','2022-09-10 03:28:57','2022-09-10 03:29:45'),(3609,0,'vi','plugins/ecommerce/ecommerce','end_with','Kết thúc bằng','2022-09-10 03:28:57','2022-09-10 03:29:45'),(3610,0,'vi','plugins/ecommerce/ecommerce','order_will_be_shown','Mã đơn hàng của bạn sẽ hiển thị theo mẫu','2022-09-10 03:28:57','2022-09-10 03:29:45'),(3611,0,'vi','plugins/ecommerce/ecommerce','weight_unit','Đơn vị cân nặng','2022-09-10 03:28:57','2022-09-10 03:29:45'),(3612,0,'vi','plugins/ecommerce/ecommerce','height_unit','Đơn vị chiều dài/chiều cao','2022-09-10 03:28:57','2022-09-10 03:29:45'),(3613,0,'vi','plugins/ecommerce/email','customer_new_order_title','Xác nhận đơn hàng','2022-09-10 03:28:57','2022-09-10 03:29:45'),(3614,0,'vi','plugins/ecommerce/email','customer_new_order_description','Được gửi khi khách hàng tạo đơn hàng','2022-09-10 03:28:57','2022-09-10 03:29:45'),(3615,0,'vi','plugins/ecommerce/email','order_cancellation_title','Hủy đơn hàng','2022-09-10 03:28:57','2022-09-10 03:29:45'),(3616,0,'vi','plugins/ecommerce/email','order_cancellation_description','Được gửi khi khách hàng hủy đơn hàng','2022-09-10 03:28:57','2022-09-10 03:29:45'),(3617,0,'vi','plugins/ecommerce/email','delivery_confirmation_title','Xác nhận giao hàng','2022-09-10 03:28:57','2022-09-10 03:29:45'),(3618,0,'vi','plugins/ecommerce/email','delivery_confirmation_description','Được gửi đến khách hàng khi bắt đầu giao hàng','2022-09-10 03:28:57','2022-09-10 03:29:45'),(3619,0,'vi','plugins/ecommerce/email','admin_new_order_title','Thông báo có đơn hàng mới','2022-09-10 03:28:57','2022-09-10 03:29:45'),(3620,0,'vi','plugins/ecommerce/email','admin_new_order_description','Được gửi cho quản trị viên khi có khách mua hàng','2022-09-10 03:28:57','2022-09-10 03:29:45'),(3621,0,'vi','plugins/ecommerce/email','order_confirmation_title','Xác nhận đơn hàng','2022-09-10 03:28:57','2022-09-10 03:29:45'),(3622,0,'vi','plugins/ecommerce/email','order_confirmation_description','Email được gửi đến khách hàng khi đơn hàng xác nhận','2022-09-10 03:28:57','2022-09-10 03:29:45'),(3623,0,'vi','plugins/ecommerce/email','payment_confirmation_title','Xác nhận thanh toán','2022-09-10 03:28:57','2022-09-10 03:29:45'),(3624,0,'vi','plugins/ecommerce/email','payment_confirmation_description','Email được gửi đến khách hàng khi đơn hàng xác nhận thanh toán','2022-09-10 03:28:57','2022-09-10 03:29:45'),(3625,0,'vi','plugins/ecommerce/email','order_recover_title','Đơn hàng đang chờ hoàn tất','2022-09-10 03:28:57','2022-09-10 03:29:45'),(3626,0,'vi','plugins/ecommerce/email','order_recover_description','Email nhắc nhở khách hàng hoàn tất đơn hàng','2022-09-10 03:28:57','2022-09-10 03:29:45'),(3627,0,'vi','plugins/ecommerce/email','link_go_to_our_shop','hoặc <a href=\":link\">Truy cập website</a>','2022-09-10 03:28:57','2022-09-10 03:29:45'),(3628,0,'vi','plugins/ecommerce/email','order_information','Thông tin đơn hàng','2022-09-10 03:28:57','2022-09-10 03:29:45'),(3629,0,'vi','plugins/ecommerce/email','order_number','Mã đơn hàng: <strong>:order_id</strong>','2022-09-10 03:28:57','2022-09-10 03:29:45'),(3630,0,'vi','plugins/ecommerce/email','view_order','Xem đơn hàng','2022-09-10 03:28:57','2022-09-10 03:29:45'),(3631,0,'vi','plugins/ecommerce/order','statuses.pending','Chưa xử lý','2022-09-10 03:28:57','2022-09-10 03:29:45'),(3632,0,'vi','plugins/ecommerce/order','statuses.processing','Đang xử lý','2022-09-10 03:28:57','2022-09-10 03:29:45'),(3633,0,'vi','plugins/ecommerce/order','statuses.completed','Hoàn thành','2022-09-10 03:28:57','2022-09-10 03:29:45'),(3634,0,'vi','plugins/ecommerce/order','statuses.canceled','Bị huỷ','2022-09-10 03:28:57','2022-09-10 03:29:45'),(3635,0,'vi','plugins/ecommerce/order','name','Đơn hàng','2022-09-10 03:28:57','2022-09-10 03:29:45'),(3636,0,'vi','plugins/ecommerce/order','incomplete_order','Đơn hàng chưa hoàn tất','2022-09-10 03:28:57','2022-09-10 03:29:45'),(3637,0,'vi','plugins/ecommerce/order','order_id','Mã đơn hàng','2022-09-10 03:28:57','2022-09-10 03:29:45'),(3638,0,'vi','plugins/ecommerce/order','customer_label','Khách hàng','2022-09-10 03:28:57','2022-09-10 03:29:45'),(3639,0,'vi','plugins/ecommerce/order','amount','Tổng cộng','2022-09-10 03:28:57','2022-09-10 03:29:45'),(3640,0,'vi','plugins/ecommerce/order','shipping_amount','Phí vận chuyển','2022-09-10 03:28:57','2022-09-10 03:29:45'),(3641,0,'vi','plugins/ecommerce/order','payment_method','Phương thức thanh toán','2022-09-10 03:28:57','2022-09-10 03:29:45'),(3642,0,'vi','plugins/ecommerce/order','payment_status_label','Trạng thái thanh toán','2022-09-10 03:28:57','2022-09-10 03:29:45'),(3643,0,'vi','plugins/ecommerce/order','manage_orders','Quản lý đơn hàng','2022-09-10 03:28:57','2022-09-10 03:29:45'),(3644,0,'vi','plugins/ecommerce/order','order_intro_description','Một khi cửa hàng của bạn có đơn đặt hàng, đây sẽ là nơi bạn xử lý và theo dõi những đơn đặt hàng đó.','2022-09-10 03:28:57','2022-09-10 03:29:45'),(3645,0,'vi','plugins/ecommerce/order','create_new_order','Tạo đơn hàng','2022-09-10 03:28:57','2022-09-10 03:29:45'),(3646,0,'vi','plugins/ecommerce/order','manage_incomplete_orders','Quản lý đơn hàng chưa hoàn tất','2022-09-10 03:28:57','2022-09-10 03:29:45'),(3647,0,'vi','plugins/ecommerce/order','incomplete_orders_intro_description','Đơn hàng chưa hoàn tất là đơn hàng được tạo khi khách hàng thêm sản phẩm vào giỏ hàng, tiến hành điền thông tin mua hàng nhưng không hoàn tất quá trình thanh toán.','2022-09-10 03:28:57','2022-09-10 03:29:45'),(3648,0,'vi','plugins/ecommerce/order','cannot_send_order_recover_to_mail','Không tìm thấy email nên không thể gửi email khôi phục cho khách hàng.','2022-09-10 03:28:58','2022-09-10 03:29:45'),(3649,0,'vi','plugins/ecommerce/order','menu','Đơn hàng','2022-09-10 03:28:58','2022-09-10 03:29:45'),(3650,0,'vi','plugins/ecommerce/order','order_information','Thông tin đơn hàng','2022-09-10 03:28:58','2022-09-10 03:29:45'),(3651,0,'vi','plugins/ecommerce/order','create','Create an order','2022-09-10 03:28:58','2022-09-10 03:29:45'),(3652,0,'vi','plugins/ecommerce/order','cancel_error','The order is delivering or completed','2022-09-10 03:28:58','2022-09-10 03:29:45'),(3653,0,'vi','plugins/ecommerce/order','cancel_success','You do cancel the order successful','2022-09-10 03:28:58','2022-09-10 03:29:45'),(3654,0,'vi','plugins/ecommerce/order','product_id','Product ID','2022-09-10 03:28:58','2022-09-10 03:29:45'),(3655,0,'vi','plugins/ecommerce/order','tax_amount','Tax Amount','2022-09-10 03:28:58','2022-09-10 03:29:45'),(3656,0,'vi','plugins/ecommerce/order','invoice_for_order','Invoice for order','2022-09-10 03:28:58','2022-09-10 03:29:45'),(3657,0,'vi','plugins/ecommerce/order','created','Created','2022-09-10 03:28:58','2022-09-10 03:29:45'),(3658,0,'vi','plugins/ecommerce/order','invoice','Invoice','2022-09-10 03:28:58','2022-09-10 03:29:45'),(3659,0,'vi','plugins/ecommerce/order','return','Return','2022-09-10 03:28:58','2022-09-10 03:29:45'),(3660,0,'vi','plugins/ecommerce/order','total_refund_amount','Total refund amount','2022-09-10 03:28:58','2022-09-10 03:29:45'),(3661,0,'vi','plugins/ecommerce/order','total_amount_can_be_refunded','Total amount can be refunded','2022-09-10 03:28:58','2022-09-10 03:29:45'),(3662,0,'vi','plugins/ecommerce/order','refund_reason','Refund reason (optional)','2022-09-10 03:28:58','2022-09-10 03:29:45'),(3663,0,'vi','plugins/ecommerce/order','products','product(s)','2022-09-10 03:28:58','2022-09-10 03:29:45'),(3664,0,'vi','plugins/ecommerce/order','default','Default','2022-09-10 03:28:58','2022-09-10 03:29:45'),(3665,0,'vi','plugins/ecommerce/order','system','System','2022-09-10 03:28:58','2022-09-10 03:29:45'),(3666,0,'vi','plugins/ecommerce/order','new_order_from','New order :order_id from :customer','2022-09-10 03:28:58','2022-09-10 03:29:45'),(3667,0,'vi','plugins/ecommerce/order','confirmation_email_was_sent_to_customer','The email confirmation was sent to customer','2022-09-10 03:28:58','2022-09-10 03:29:45'),(3668,0,'vi','plugins/ecommerce/order','address_name_required','The name field is required.','2022-09-10 03:28:58','2022-09-10 03:29:45'),(3669,0,'vi','plugins/ecommerce/order','address_phone_required','The phone field is required.','2022-09-10 03:28:58','2022-09-10 03:29:45'),(3670,0,'vi','plugins/ecommerce/order','address_email_required','The email field is required.','2022-09-10 03:28:58','2022-09-10 03:29:45'),(3671,0,'vi','plugins/ecommerce/order','address_email_unique','The customer with that email is existed, please choose other email or login with this email!','2022-09-10 03:28:58','2022-09-10 03:29:45'),(3672,0,'vi','plugins/ecommerce/order','address_state_required','The state field is required.','2022-09-10 03:28:58','2022-09-10 03:29:45'),(3673,0,'vi','plugins/ecommerce/order','address_city_required','The city field is required.','2022-09-10 03:28:58','2022-09-10 03:29:45'),(3674,0,'vi','plugins/ecommerce/order','address_country_required','The country field is required.','2022-09-10 03:28:58','2022-09-10 03:29:45'),(3675,0,'vi','plugins/ecommerce/order','address_address_required','The address field is required.','2022-09-10 03:28:58','2022-09-10 03:29:45'),(3676,0,'vi','plugins/ecommerce/order','create_order_from_payment_page','Order was created from checkout page','2022-09-10 03:28:58','2022-09-10 03:29:45'),(3677,0,'vi','plugins/ecommerce/order','order_was_verified_by','Order was verified by %user_name%','2022-09-10 03:28:58','2022-09-10 03:29:45'),(3678,0,'vi','plugins/ecommerce/order','new_order','New order :order_id','2022-09-10 03:28:58','2022-09-10 03:29:45'),(3679,0,'vi','plugins/ecommerce/order','payment_was_confirmed_by','Payment was confirmed (amount :money) by %user_name%','2022-09-10 03:28:58','2022-09-10 03:29:45'),(3680,0,'vi','plugins/ecommerce/order','edit_order','Edit order :code','2022-09-10 03:28:58','2022-09-10 03:29:45'),(3681,0,'vi','plugins/ecommerce/order','confirm_order_success','Confirm order successfully!','2022-09-10 03:28:58','2022-09-10 03:29:45'),(3682,0,'vi','plugins/ecommerce/order','error_when_sending_email','There is an error when sending email','2022-09-10 03:28:58','2022-09-10 03:29:45'),(3683,0,'vi','plugins/ecommerce/order','sent_confirmation_email_success','Sent confirmation email successfully!','2022-09-10 03:28:58','2022-09-10 03:29:45'),(3684,0,'vi','plugins/ecommerce/order','order_was_sent_to_shipping_team','Order was sent to shipping team','2022-09-10 03:28:58','2022-09-10 03:29:45'),(3685,0,'vi','plugins/ecommerce/order','by_username','by %user_name%','2022-09-10 03:28:58','2022-09-10 03:29:45'),(3686,0,'vi','plugins/ecommerce/order','shipping_was_created_from','Shipping was created from order %order_id%','2022-09-10 03:28:58','2022-09-10 03:29:45'),(3687,0,'vi','plugins/ecommerce/order','shipping_was_canceled_success','Shipping was cancelled successfully!','2022-09-10 03:28:58','2022-09-10 03:29:45'),(3688,0,'vi','plugins/ecommerce/order','shipping_was_canceled_by','Shipping was cancelled by %user_name%','2022-09-10 03:28:58','2022-09-10 03:29:45'),(3689,0,'vi','plugins/ecommerce/order','update_shipping_address_success','Update shipping address successfully!','2022-09-10 03:28:58','2022-09-10 03:29:45'),(3690,0,'vi','plugins/ecommerce/order','order_was_canceled_by','Order was cancelled by %user_name%','2022-09-10 03:28:58','2022-09-10 03:29:45'),(3691,0,'vi','plugins/ecommerce/order','confirm_payment_success','Confirm payment successfully!','2022-09-10 03:28:58','2022-09-10 03:29:45'),(3692,0,'vi','plugins/ecommerce/order','refund_amount_invalid','Refund amount must be lower or equal :price','2022-09-10 03:28:58','2022-09-10 03:29:45'),(3693,0,'vi','plugins/ecommerce/order','number_of_products_invalid','Number of products refund is not valid!','2022-09-10 03:28:58','2022-09-10 03:29:45'),(3694,0,'vi','plugins/ecommerce/order','cannot_found_payment_for_this_order','Cannot found payment for this order!','2022-09-10 03:28:58','2022-09-10 03:29:45'),(3695,0,'vi','plugins/ecommerce/order','refund_success_with_price','Refund success :price','2022-09-10 03:28:58','2022-09-10 03:29:45'),(3696,0,'vi','plugins/ecommerce/order','refund_success','Refund successfully!','2022-09-10 03:28:58','2022-09-10 03:29:45'),(3697,0,'vi','plugins/ecommerce/order','order_is_not_existed','Order is not existed!','2022-09-10 03:28:58','2022-09-10 03:29:45'),(3698,0,'vi','plugins/ecommerce/order','reorder','Reorder','2022-09-10 03:28:58','2022-09-10 03:29:45'),(3699,0,'vi','plugins/ecommerce/order','sent_email_incomplete_order_success','Sent email to remind about incomplete order successfully!','2022-09-10 03:28:58','2022-09-10 03:29:45'),(3700,0,'vi','plugins/ecommerce/order','applied_coupon_success','Applied coupon \":code\" successfully!','2022-09-10 03:28:58','2022-09-10 03:29:45'),(3701,0,'vi','plugins/ecommerce/order','new_order_notice','You have <span class=\"bold\">:count</span> New Order(s)','2022-09-10 03:28:58','2022-09-10 03:29:45'),(3702,0,'vi','plugins/ecommerce/order','view_all','View all','2022-09-10 03:28:58','2022-09-10 03:29:45'),(3703,0,'vi','plugins/ecommerce/order','cancel_order','Cancel order','2022-09-10 03:28:58','2022-09-10 03:29:45'),(3704,0,'vi','plugins/ecommerce/order','order_canceled','Order canceled','2022-09-10 03:28:58','2022-09-10 03:29:45'),(3705,0,'vi','plugins/ecommerce/order','order_was_canceled_at','Order was canceled at','2022-09-10 03:28:58','2022-09-10 03:29:45'),(3706,0,'vi','plugins/ecommerce/order','completed','Completed','2022-09-10 03:28:58','2022-09-10 03:29:45'),(3707,0,'vi','plugins/ecommerce/order','uncompleted','Uncompleted','2022-09-10 03:28:58','2022-09-10 03:29:45'),(3708,0,'vi','plugins/ecommerce/order','sku','SKU','2022-09-10 03:28:58','2022-09-10 03:29:45'),(3709,0,'vi','plugins/ecommerce/order','warehouse','Warehouse','2022-09-10 03:28:58','2022-09-10 03:29:45'),(3710,0,'vi','plugins/ecommerce/order','sub_amount','Sub amount','2022-09-10 03:28:58','2022-09-10 03:29:45'),(3711,0,'vi','plugins/ecommerce/order','coupon_code','Coupon code: \":code\"','2022-09-10 03:28:58','2022-09-10 03:29:45'),(3712,0,'vi','plugins/ecommerce/order','shipping_fee','Shipping fee','2022-09-10 03:28:58','2022-09-10 03:29:45'),(3713,0,'vi','plugins/ecommerce/order','tax','Tax','2022-09-10 03:28:58','2022-09-10 03:29:45'),(3714,0,'vi','plugins/ecommerce/order','refunded_amount','Refunded amount','2022-09-10 03:28:58','2022-09-10 03:29:45'),(3715,0,'vi','plugins/ecommerce/order','amount_received','The amount actually received','2022-09-10 03:28:58','2022-09-10 03:29:45'),(3716,0,'vi','plugins/ecommerce/order','download_invoice','Download invoice','2022-09-10 03:28:58','2022-09-10 03:29:45'),(3717,0,'vi','plugins/ecommerce/order','add_note','Add note...','2022-09-10 03:28:58','2022-09-10 03:29:45'),(3718,0,'vi','plugins/ecommerce/order','order_was_confirmed','Order was confirmed','2022-09-10 03:28:58','2022-09-10 03:29:45'),(3719,0,'vi','plugins/ecommerce/order','confirm_order','Confirm order','2022-09-10 03:28:58','2022-09-10 03:29:45'),(3720,0,'vi','plugins/ecommerce/order','confirm','Confirm','2022-09-10 03:28:58','2022-09-10 03:29:45'),(3721,0,'vi','plugins/ecommerce/order','order_was_canceled','Order was canceled','2022-09-10 03:28:58','2022-09-10 03:29:45'),(3722,0,'vi','plugins/ecommerce/order','pending_payment','Pending payment','2022-09-10 03:28:58','2022-09-10 03:29:45'),(3723,0,'vi','plugins/ecommerce/order','payment_was_accepted','Payment :money was accepted','2022-09-10 03:28:58','2022-09-10 03:29:45'),(3724,0,'vi','plugins/ecommerce/order','payment_was_refunded','Payment was refunded','2022-09-10 03:28:58','2022-09-10 03:29:45'),(3725,0,'vi','plugins/ecommerce/order','confirm_payment','Confirm payment','2022-09-10 03:28:58','2022-09-10 03:29:45'),(3726,0,'vi','plugins/ecommerce/order','refund','Refund','2022-09-10 03:28:58','2022-09-10 03:29:45'),(3727,0,'vi','plugins/ecommerce/order','all_products_are_not_delivered','All products are not delivered','2022-09-10 03:28:58','2022-09-10 03:29:45'),(3728,0,'vi','plugins/ecommerce/order','delivery','Delivery','2022-09-10 03:28:58','2022-09-10 03:29:45'),(3729,0,'vi','plugins/ecommerce/order','history','History','2022-09-10 03:28:58','2022-09-10 03:29:45'),(3730,0,'vi','plugins/ecommerce/order','order_number','Order number','2022-09-10 03:28:58','2022-09-10 03:29:45'),(3731,0,'vi','plugins/ecommerce/order','from','from','2022-09-10 03:28:58','2022-09-10 03:29:45'),(3732,0,'vi','plugins/ecommerce/order','status','Status','2022-09-10 03:28:58','2022-09-10 03:29:45'),(3733,0,'vi','plugins/ecommerce/order','successfully','Successfully','2022-09-10 03:28:58','2022-09-10 03:29:45'),(3734,0,'vi','plugins/ecommerce/order','transaction_type','Transaction\'s type','2022-09-10 03:28:58','2022-09-10 03:29:45'),(3735,0,'vi','plugins/ecommerce/order','staff','Staff','2022-09-10 03:28:58','2022-09-10 03:29:45'),(3736,0,'vi','plugins/ecommerce/order','refund_date','Refund date','2022-09-10 03:28:58','2022-09-10 03:29:45'),(3737,0,'vi','plugins/ecommerce/order','n_a','N\\A','2022-09-10 03:28:58','2022-09-10 03:29:45'),(3738,0,'vi','plugins/ecommerce/order','payment_date','Payment date','2022-09-10 03:28:58','2022-09-10 03:29:45'),(3739,0,'vi','plugins/ecommerce/order','payment_gateway','Payment gateway','2022-09-10 03:28:58','2022-09-10 03:29:45'),(3740,0,'vi','plugins/ecommerce/order','transaction_amount','Transaction amount','2022-09-10 03:28:58','2022-09-10 03:29:45'),(3741,0,'vi','plugins/ecommerce/order','resend','Resend','2022-09-10 03:28:58','2022-09-10 03:29:45'),(3742,0,'vi','plugins/ecommerce/order','default_store','Default store','2022-09-10 03:28:58','2022-09-10 03:29:45'),(3743,0,'vi','plugins/ecommerce/order','update_address','Update address','2022-09-10 03:28:58','2022-09-10 03:29:45'),(3744,0,'vi','plugins/ecommerce/order','have_an_account_already','Have an account already','2022-09-10 03:28:58','2022-09-10 03:29:45'),(3745,0,'vi','plugins/ecommerce/order','dont_have_an_account_yet','Don\'t have an account yet','2022-09-10 03:28:58','2022-09-10 03:29:45'),(3746,0,'vi','plugins/ecommerce/order','mark_payment_as_confirmed','Mark <span>:method</span> as confirmed','2022-09-10 03:28:58','2022-09-10 03:29:45'),(3747,0,'vi','plugins/ecommerce/order','resend_order_confirmation','Resend order confirmation','2022-09-10 03:28:58','2022-09-10 03:29:45'),(3748,0,'vi','plugins/ecommerce/order','resend_order_confirmation_description','Confirmation email will be sent to <strong>:email</strong>?','2022-09-10 03:28:58','2022-09-10 03:29:45'),(3749,0,'vi','plugins/ecommerce/order','send','Send','2022-09-10 03:28:58','2022-09-10 03:29:45'),(3750,0,'vi','plugins/ecommerce/order','update','Update','2022-09-10 03:28:58','2022-09-10 03:29:45'),(3751,0,'vi','plugins/ecommerce/order','cancel_shipping_confirmation','Cancel shipping confirmation?','2022-09-10 03:28:58','2022-09-10 03:29:45'),(3752,0,'vi','plugins/ecommerce/order','cancel_shipping_confirmation_description','Cancel shipping confirmation?','2022-09-10 03:28:58','2022-09-10 03:29:45'),(3753,0,'vi','plugins/ecommerce/order','cancel_order_confirmation','Cancel order confirmation?','2022-09-10 03:28:58','2022-09-10 03:29:45'),(3754,0,'vi','plugins/ecommerce/order','cancel_order_confirmation_description','Are you sure you want to cancel this order? This action cannot rollback','2022-09-10 03:28:58','2022-09-10 03:29:45'),(3755,0,'vi','plugins/ecommerce/order','confirm_payment_confirmation_description','Processed by <strong>:method</strong>. Did you receive payment outside the system? This payment won\'t be saved into system and cannot be refunded','2022-09-10 03:28:58','2022-09-10 03:29:45'),(3756,0,'vi','plugins/ecommerce/order','save_note','Save note','2022-09-10 03:28:58','2022-09-10 03:29:45'),(3757,0,'vi','plugins/ecommerce/order','order_note','Order note','2022-09-10 03:28:58','2022-09-10 03:29:45'),(3758,0,'vi','plugins/ecommerce/order','order_note_placeholder','Note about order, ex: time or shipping instruction.','2022-09-10 03:28:58','2022-09-10 03:29:45'),(3759,0,'vi','plugins/ecommerce/order','order_amount','Order amount','2022-09-10 03:28:58','2022-09-10 03:29:45'),(3760,0,'vi','plugins/ecommerce/order','additional_information','Additional information','2022-09-10 03:28:58','2022-09-10 03:29:45'),(3761,0,'vi','plugins/ecommerce/order','notice_about_incomplete_order','Notice about incomplete order','2022-09-10 03:28:58','2022-09-10 03:29:45'),(3762,0,'vi','plugins/ecommerce/order','notice_about_incomplete_order_description','Remind email about uncompleted order will be send to <strong>:email</strong>?','2022-09-10 03:28:58','2022-09-10 03:29:45'),(3763,0,'vi','plugins/ecommerce/order','incomplete_order_description_1','An incomplete order is when a potential customer places items in their shopping cart, and goes all the way through to the payment page, but then doesn\'t complete the transaction.','2022-09-10 03:28:58','2022-09-10 03:29:45'),(3764,0,'vi','plugins/ecommerce/order','incomplete_order_description_2','If you have contacted customers and they want to continue buying, you can help them complete their order by following the link:','2022-09-10 03:28:58','2022-09-10 03:29:45'),(3765,0,'vi','plugins/ecommerce/order','send_an_email_to_recover_this_order','Send an email to customer to recover this order','2022-09-10 03:28:58','2022-09-10 03:29:45'),(3766,0,'vi','plugins/ecommerce/order','see_maps','See maps','2022-09-10 03:28:58','2022-09-10 03:29:45'),(3767,0,'vi','plugins/ecommerce/order','one_or_more_products_dont_have_enough_quantity','One or more products don\'t have enough quantity!','2022-09-10 03:28:58','2022-09-10 03:29:45'),(3768,0,'vi','plugins/ecommerce/order','payment_info','Payment Info','2022-09-10 03:28:58','2022-09-10 03:29:45'),(3769,0,'vi','plugins/ecommerce/order','payment_method_refund_automatic','Your customer will be refunded using :method automatically.','2022-09-10 03:28:58','2022-09-10 03:29:45'),(3770,0,'vi','plugins/ecommerce/order','order','Order','2022-09-10 03:28:58','2022-09-10 03:29:45'),(3771,0,'vi','plugins/ecommerce/order','create_a_new_product','Create a new product','2022-09-10 03:28:58','2022-09-10 03:29:45'),(3772,0,'vi','plugins/ecommerce/order','out_of_stock','Out of stock','2022-09-10 03:28:58','2022-09-10 03:29:45'),(3773,0,'vi','plugins/ecommerce/order','products_available','product(s) available','2022-09-10 03:28:58','2022-09-10 03:29:45'),(3774,0,'vi','plugins/ecommerce/order','no_products_found','No products found!','2022-09-10 03:28:58','2022-09-10 03:29:45'),(3775,0,'vi','plugins/ecommerce/order','note','Note','2022-09-10 03:28:58','2022-09-10 03:29:45'),(3776,0,'vi','plugins/ecommerce/order','note_for_order','Note for order...','2022-09-10 03:28:58','2022-09-10 03:29:45'),(3777,0,'vi','plugins/ecommerce/order','add_discount','Add discount','2022-09-10 03:28:58','2022-09-10 03:29:45'),(3778,0,'vi','plugins/ecommerce/order','discount','Discount','2022-09-10 03:28:58','2022-09-10 03:29:45'),(3779,0,'vi','plugins/ecommerce/order','add_shipping_fee','Add shipping fee','2022-09-10 03:28:58','2022-09-10 03:29:45'),(3780,0,'vi','plugins/ecommerce/order','shipping','Shipping','2022-09-10 03:28:58','2022-09-10 03:29:45'),(3781,0,'vi','plugins/ecommerce/order','total_amount','Total amount','2022-09-10 03:28:58','2022-09-10 03:29:45'),(3782,0,'vi','plugins/ecommerce/order','confirm_payment_and_create_order','Confirm payment and create order','2022-09-10 03:28:58','2022-09-10 03:29:45'),(3783,0,'vi','plugins/ecommerce/order','paid','Paid','2022-09-10 03:28:58','2022-09-10 03:29:45'),(3784,0,'vi','plugins/ecommerce/order','pay_later','Pay later','2022-09-10 03:28:58','2022-09-10 03:29:45'),(3785,0,'vi','plugins/ecommerce/order','customer_information','Customer information','2022-09-10 03:28:58','2022-09-10 03:29:45'),(3786,0,'vi','plugins/ecommerce/order','create_new_customer','Create new customer','2022-09-10 03:28:58','2022-09-10 03:29:45'),(3787,0,'vi','plugins/ecommerce/order','no_customer_found','No customer found!','2022-09-10 03:28:58','2022-09-10 03:29:45'),(3788,0,'vi','plugins/ecommerce/order','customer','Customer','2022-09-10 03:28:58','2022-09-10 03:29:45'),(3789,0,'vi','plugins/ecommerce/order','orders','order(s)','2022-09-10 03:28:58','2022-09-10 03:29:45'),(3790,0,'vi','plugins/ecommerce/order','shipping_address','Shipping Address','2022-09-10 03:28:58','2022-09-10 03:29:45'),(3791,0,'vi','plugins/ecommerce/order','see_on_maps','See on maps','2022-09-10 03:28:58','2022-09-10 03:29:45'),(3792,0,'vi','plugins/ecommerce/order','price','Price','2022-09-10 03:28:58','2022-09-10 03:29:45'),(3793,0,'vi','plugins/ecommerce/order','sku_optional','SKU (optional)','2022-09-10 03:28:58','2022-09-10 03:29:45'),(3794,0,'vi','plugins/ecommerce/order','with_storehouse_management','With storehouse management?','2022-09-10 03:28:58','2022-09-10 03:29:45'),(3795,0,'vi','plugins/ecommerce/order','quantity','Quantity','2022-09-10 03:28:58','2022-09-10 03:29:45'),(3796,0,'vi','plugins/ecommerce/order','allow_customer_checkout_when_this_product_out_of_stock','Allow customer checkout when this product out of stock?','2022-09-10 03:28:58','2022-09-10 03:29:45'),(3797,0,'vi','plugins/ecommerce/order','address','Address','2022-09-10 03:28:58','2022-09-10 03:29:45'),(3798,0,'vi','plugins/ecommerce/order','phone','Phone','2022-09-10 03:28:58','2022-09-10 03:29:45'),(3799,0,'vi','plugins/ecommerce/order','country','Country','2022-09-10 03:28:58','2022-09-10 03:29:45'),(3800,0,'vi','plugins/ecommerce/order','state','State','2022-09-10 03:28:58','2022-09-10 03:29:45'),(3801,0,'vi','plugins/ecommerce/order','city','City','2022-09-10 03:28:58','2022-09-10 03:29:45'),(3802,0,'vi','plugins/ecommerce/order','zip_code','Zip code','2022-09-10 03:28:58','2022-09-10 03:29:45'),(3803,0,'vi','plugins/ecommerce/order','discount_based_on','Discount based on','2022-09-10 03:28:58','2022-09-10 03:29:45'),(3804,0,'vi','plugins/ecommerce/order','or_coupon_code','Or coupon code','2022-09-10 03:28:59','2022-09-10 03:29:45'),(3805,0,'vi','plugins/ecommerce/order','description','Description','2022-09-10 03:28:59','2022-09-10 03:29:45'),(3806,0,'vi','plugins/ecommerce/order','how_to_select_configured_shipping','How to select configured shipping?','2022-09-10 03:28:59','2022-09-10 03:29:45'),(3807,0,'vi','plugins/ecommerce/order','please_add_customer_information_with_the_complete_shipping_address_to_see_the_configured_shipping_rates','Please add customer information with the complete shipping address to see the configured shipping rates','2022-09-10 03:28:59','2022-09-10 03:29:45'),(3808,0,'vi','plugins/ecommerce/order','free_shipping','Free shipping','2022-09-10 03:28:59','2022-09-10 03:29:45'),(3809,0,'vi','plugins/ecommerce/order','custom','Custom','2022-09-10 03:28:59','2022-09-10 03:29:45'),(3810,0,'vi','plugins/ecommerce/order','email','Email','2022-09-10 03:28:59','2022-09-10 03:29:45'),(3811,0,'vi','plugins/ecommerce/order','create_order','Create order','2022-09-10 03:28:59','2022-09-10 03:29:45'),(3812,0,'vi','plugins/ecommerce/order','close','Close','2022-09-10 03:28:59','2022-09-10 03:29:45'),(3813,0,'vi','plugins/ecommerce/order','confirm_payment_is_paid_for_this_order','Confirm payment is paid for this order','2022-09-10 03:28:59','2022-09-10 03:29:45'),(3814,0,'vi','plugins/ecommerce/order','payment_status_of_the_order_is_paid_once_the_order_has_been_created_you_cannot_change_the_payment_method_or_status','Payment status of the order is Paid. Once the order has been created, you cannot change the payment method or status','2022-09-10 03:28:59','2022-09-10 03:29:45'),(3815,0,'vi','plugins/ecommerce/order','select_payment_method','Select payment method','2022-09-10 03:28:59','2022-09-10 03:29:45'),(3816,0,'vi','plugins/ecommerce/order','cash_on_delivery_cod','Cash on delivery (COD)','2022-09-10 03:28:59','2022-09-10 03:29:45'),(3817,0,'vi','plugins/ecommerce/order','bank_transfer','Bank transfer','2022-09-10 03:28:59','2022-09-10 03:29:45'),(3818,0,'vi','plugins/ecommerce/order','paid_amount','Paid amount','2022-09-10 03:28:59','2022-09-10 03:29:45'),(3819,0,'vi','plugins/ecommerce/order','confirm_that_payment_for_this_order_will_be_paid_later','Confirm that payment for this order will be paid later','2022-09-10 03:28:59','2022-09-10 03:29:45'),(3820,0,'vi','plugins/ecommerce/order','payment_status_of_the_order_is_pending_once_the_order_has_been_created_you_cannot_change_the_payment_method_or_status','Payment status of the order is Pending. Once the order has been created, you cannot change the payment method or status','2022-09-10 03:28:59','2022-09-10 03:29:45'),(3821,0,'vi','plugins/ecommerce/order','pending_amount','Pending amount','2022-09-10 03:28:59','2022-09-10 03:29:45'),(3822,0,'vi','plugins/ecommerce/order','update_email','Update email','2022-09-10 03:28:59','2022-09-10 03:29:45'),(3823,0,'vi','plugins/ecommerce/order','save','Save','2022-09-10 03:28:59','2022-09-10 03:29:45'),(3824,0,'vi','plugins/ecommerce/order','cancel','Cancel','2022-09-10 03:28:59','2022-09-10 03:29:45'),(3825,0,'vi','plugins/ecommerce/order','create_a_new_order','Create a new order','2022-09-10 03:28:59','2022-09-10 03:29:45'),(3826,0,'vi','plugins/ecommerce/order','search_or_create_new_product','Search or create a new product','2022-09-10 03:28:59','2022-09-10 03:29:45'),(3827,0,'vi','plugins/ecommerce/order','search_or_create_new_customer','Search or create a new customer','2022-09-10 03:28:59','2022-09-10 03:29:45'),(3828,0,'vi','plugins/ecommerce/order','discount_description','Discount description','2022-09-10 03:28:59','2022-09-10 03:29:45'),(3829,0,'vi','plugins/ecommerce/order','cant_select_out_of_stock_product','Cannot select out of stock product!','2022-09-10 03:28:59','2022-09-10 03:29:45'),(3830,0,'vi','plugins/ecommerce/payment','name','Thanh toán','2022-09-10 03:28:59','2022-09-10 03:29:45'),(3831,0,'vi','plugins/ecommerce/payment','payment_method','Phương thức thanh toán','2022-09-10 03:28:59','2022-09-10 03:29:45'),(3832,0,'vi','plugins/ecommerce/payment','view_payment','Xem thanh toán #','2022-09-10 03:29:00','2022-09-10 03:29:45'),(3833,0,'vi','plugins/ecommerce/payment','charge_id','Mã giao dịch','2022-09-10 03:29:00','2022-09-10 03:29:45'),(3834,0,'vi','plugins/ecommerce/payment','amount','Số tiền','2022-09-10 03:29:00','2022-09-10 03:29:45'),(3835,0,'vi','plugins/ecommerce/payment','currency','Đơn vị tiền tệ','2022-09-10 03:29:00','2022-09-10 03:29:45'),(3836,0,'vi','plugins/ecommerce/payment','user','Người dùng','2022-09-10 03:29:00','2022-09-10 03:29:45'),(3837,0,'vi','plugins/ecommerce/payment','paypal_name_required','Tên của phương thức PayPal là bắt buộc!','2022-09-10 03:29:00','2022-09-10 03:29:45'),(3838,0,'vi','plugins/ecommerce/payment','paypal_name_max','Tên của phương thức PayPal quá dài!','2022-09-10 03:29:00','2022-09-10 03:29:45'),(3839,0,'vi','plugins/ecommerce/payment','status','Trạng thái','2022-09-10 03:29:00','2022-09-10 03:29:45'),(3840,0,'vi','plugins/ecommerce/payment','enabled','Bật','2022-09-10 03:29:00','2022-09-10 03:29:45'),(3841,0,'vi','plugins/ecommerce/payment','disabled','Tắt','2022-09-10 03:29:00','2022-09-10 03:29:45'),(3842,0,'vi','plugins/ecommerce/payment','client_id','Client ID','2022-09-10 03:29:00','2022-09-10 03:29:45'),(3843,0,'vi','plugins/ecommerce/payment','client_secret','Client Secret','2022-09-10 03:29:00','2022-09-10 03:29:45'),(3844,0,'vi','plugins/ecommerce/payment','mode','Chế độ','2022-09-10 03:29:00','2022-09-10 03:29:45'),(3845,0,'vi','plugins/ecommerce/payment','sandbox','Sandbox','2022-09-10 03:29:00','2022-09-10 03:29:45'),(3846,0,'vi','plugins/ecommerce/payment','live','Live','2022-09-10 03:29:00','2022-09-10 03:29:45'),(3847,0,'vi','plugins/ecommerce/payment','enable_payment_log','Bật lưu nhật ký thanh toán','2022-09-10 03:29:00','2022-09-10 03:29:45'),(3848,0,'vi','plugins/ecommerce/payment','yes','Có','2022-09-10 03:29:00','2022-09-10 03:29:45'),(3849,0,'vi','plugins/ecommerce/payment','no','Không','2022-09-10 03:29:00','2022-09-10 03:29:45'),(3850,0,'vi','plugins/ecommerce/payment','client_key','Client Key','2022-09-10 03:29:00','2022-09-10 03:29:45'),(3851,0,'vi','plugins/ecommerce/payment','paypal','PayPal','2022-09-10 03:29:00','2022-09-10 03:29:45'),(3852,0,'vi','plugins/ecommerce/payment','action','Hành động','2022-09-10 03:29:00','2022-09-10 03:29:45'),(3853,0,'vi','plugins/ecommerce/payment','go_back','Quay lại','2022-09-10 03:29:00','2022-09-10 03:29:45'),(3854,0,'vi','plugins/ecommerce/payment','view','Xem','2022-09-10 03:29:00','2022-09-10 03:29:45'),(3855,0,'vi','plugins/ecommerce/payment','cash_on_delivery','Thanh toán khi nhận hàng (COD)','2022-09-10 03:29:00','2022-09-10 03:29:45'),(3856,0,'vi','plugins/ecommerce/payment','via_bank_transfer','Thông qua chuyển khoản ngân hàng','2022-09-10 03:29:00','2022-09-10 03:29:45'),(3857,0,'vi','plugins/ecommerce/payment','payment_via_cart','Thanh toán bằng thẻ','2022-09-10 03:29:00','2022-09-10 03:29:45'),(3858,0,'vi','plugins/ecommerce/payment','card_number','Số thẻ','2022-09-10 03:29:00','2022-09-10 03:29:45'),(3859,0,'vi','plugins/ecommerce/payment','full_name','Tên trên thẻ','2022-09-10 03:29:00','2022-09-10 03:29:45'),(3860,0,'vi','plugins/ecommerce/payment','payment_via_paypal','Thanh toán thông qua PayPal','2022-09-10 03:29:00','2022-09-10 03:29:45'),(3861,0,'vi','plugins/ecommerce/payment','mm_yy','MM/YY','2022-09-10 03:29:00','2022-09-10 03:29:45'),(3862,0,'vi','plugins/ecommerce/payment','cvc','CVC','2022-09-10 03:29:00','2022-09-10 03:29:45'),(3863,0,'vi','plugins/ecommerce/payment','details','Chi tiết','2022-09-10 03:29:00','2022-09-10 03:29:45'),(3864,0,'vi','plugins/ecommerce/payment','payer_name','Người thanh toán','2022-09-10 03:29:00','2022-09-10 03:29:45'),(3865,0,'vi','plugins/ecommerce/payment','email','Địa chỉ email','2022-09-10 03:29:00','2022-09-10 03:29:45'),(3866,0,'vi','plugins/ecommerce/payment','phone','Điện thoại','2022-09-10 03:29:00','2022-09-10 03:29:45'),(3867,0,'vi','plugins/ecommerce/payment','country','Quốc gia','2022-09-10 03:29:00','2022-09-10 03:29:45'),(3868,0,'vi','plugins/ecommerce/payment','shipping_address','Địa chỉ giao hàng','2022-09-10 03:29:00','2022-09-10 03:29:45'),(3869,0,'vi','plugins/ecommerce/payment','payment_details','Chi tiết giao dịch','2022-09-10 03:29:00','2022-09-10 03:29:45'),(3870,0,'vi','plugins/ecommerce/payment','card','Thẻ','2022-09-10 03:29:00','2022-09-10 03:29:45'),(3871,0,'vi','plugins/ecommerce/payment','address','Địa chỉ','2022-09-10 03:29:00','2022-09-10 03:29:45'),(3872,0,'vi','plugins/ecommerce/payment','new_payment','Thanh toán cho đơn hàng :id','2022-09-10 03:29:00','2022-09-10 03:29:45'),(3873,0,'vi','plugins/ecommerce/payment','payment_id','Mã thanh toán','2022-09-10 03:29:00','2022-09-10 03:29:45'),(3874,0,'vi','plugins/ecommerce/prices','name','Price','2022-09-10 03:29:00','2022-09-10 03:29:45'),(3875,0,'vi','plugins/ecommerce/prices','create','New price','2022-09-10 03:29:00','2022-09-10 03:29:45'),(3876,0,'vi','plugins/ecommerce/prices','edit','Edit price','2022-09-10 03:29:00','2022-09-10 03:29:45'),(3877,0,'vi','plugins/ecommerce/prices','list','List price','2022-09-10 03:29:00','2022-09-10 03:29:45'),(3878,0,'vi','plugins/ecommerce/product-attribute-sets','name','Product attribute sets','2022-09-10 03:29:00','2022-09-10 03:29:45'),(3879,0,'vi','plugins/ecommerce/product-attribute-sets','create','New product attribute set','2022-09-10 03:29:00','2022-09-10 03:29:45'),(3880,0,'vi','plugins/ecommerce/product-attribute-sets','edit','Edit product attribute set','2022-09-10 03:29:00','2022-09-10 03:29:45'),(3881,0,'vi','plugins/ecommerce/product-attribute-sets','visible_in_categories','Visible in categories','2022-09-10 03:29:00','2022-09-10 03:29:45'),(3882,0,'vi','plugins/ecommerce/product-attribute-sets','product_with_more_version','Product with more version','2022-09-10 03:29:00','2022-09-10 03:29:45'),(3883,0,'vi','plugins/ecommerce/product-attribute-sets','create_a_version','Create a version','2022-09-10 03:29:00','2022-09-10 03:29:45'),(3884,0,'vi','plugins/ecommerce/product-attribute-sets','enabled','Enabled','2022-09-10 03:29:00','2022-09-10 03:29:45'),(3885,0,'vi','plugins/ecommerce/product-attribute-sets','attributes','Attributes','2022-09-10 03:29:00','2022-09-10 03:29:45'),(3886,0,'vi','plugins/ecommerce/product-attribute-sets','price','Price','2022-09-10 03:29:00','2022-09-10 03:29:45'),(3887,0,'vi','plugins/ecommerce/product-attribute-sets','edit_btn','Edit','2022-09-10 03:29:00','2022-09-10 03:29:45'),(3888,0,'vi','plugins/ecommerce/product-attribute-sets','remove_btn','Remove','2022-09-10 03:29:00','2022-09-10 03:29:45'),(3889,0,'vi','plugins/ecommerce/product-attribute-sets','product','Product','2022-09-10 03:29:00','2022-09-10 03:29:45'),(3890,0,'vi','plugins/ecommerce/product-attribute-sets','back_to_product','Back to product','2022-09-10 03:29:00','2022-09-10 03:29:45'),(3891,0,'vi','plugins/ecommerce/product-attribute-sets','save','Save','2022-09-10 03:29:00','2022-09-10 03:29:45'),(3892,0,'vi','plugins/ecommerce/product-attribute-sets','other_existing_versions','Other existing versions','2022-09-10 03:29:00','2022-09-10 03:29:45'),(3893,0,'vi','plugins/ecommerce/product-attribute-sets','version_information','Version information','2022-09-10 03:29:00','2022-09-10 03:29:45'),(3894,0,'vi','plugins/ecommerce/product-attribute-sets','add_rule','Add rule','2022-09-10 03:29:00','2022-09-10 03:29:45'),(3895,0,'vi','plugins/ecommerce/product-attribute-sets','rules','Rules','2022-09-10 03:29:00','2022-09-10 03:29:45'),(3896,0,'vi','plugins/ecommerce/product-attribute-sets','pricing','Pricing','2022-09-10 03:29:00','2022-09-10 03:29:45'),(3897,0,'vi','plugins/ecommerce/product-attribute-sets','sale_price','Sale price','2022-09-10 03:29:00','2022-09-10 03:29:45'),(3898,0,'vi','plugins/ecommerce/product-attribute-sets','sale_type','Sale type','2022-09-10 03:29:00','2022-09-10 03:29:45'),(3899,0,'vi','plugins/ecommerce/product-attribute-sets','no_sale_price','No sale price','2022-09-10 03:29:00','2022-09-10 03:29:45'),(3900,0,'vi','plugins/ecommerce/product-attribute-sets','always_on_sale','Always on sale','2022-09-10 03:29:00','2022-09-10 03:29:45'),(3901,0,'vi','plugins/ecommerce/product-attribute-sets','limited_time','Limited time','2022-09-10 03:29:00','2022-09-10 03:29:45'),(3902,0,'vi','plugins/ecommerce/product-attribute-sets','from','From','2022-09-10 03:29:00','2022-09-10 03:29:45'),(3903,0,'vi','plugins/ecommerce/product-attribute-sets','to','To','2022-09-10 03:29:00','2022-09-10 03:29:45'),(3904,0,'vi','plugins/ecommerce/product-attribute-sets','storehouse','Storehouse','2022-09-10 03:29:00','2022-09-10 03:29:45'),(3905,0,'vi','plugins/ecommerce/product-attribute-sets','no_storehouse_management','No storehouse management','2022-09-10 03:29:00','2022-09-10 03:29:45'),(3906,0,'vi','plugins/ecommerce/product-attribute-sets','with_storehouse_management','With storehouse management','2022-09-10 03:29:00','2022-09-10 03:29:45'),(3907,0,'vi','plugins/ecommerce/product-attribute-sets','quantity','Quantity','2022-09-10 03:29:00','2022-09-10 03:29:45'),(3908,0,'vi','plugins/ecommerce/product-attribute-sets','allow_customer_checkout_out_of_stock','Allow customer checkout when this product out of stock','2022-09-10 03:29:00','2022-09-10 03:29:45'),(3909,0,'vi','plugins/ecommerce/product-attribute-sets','shipping','Shipping','2022-09-10 03:29:00','2022-09-10 03:29:45'),(3910,0,'vi','plugins/ecommerce/product-attribute-sets','length','Length','2022-09-10 03:29:00','2022-09-10 03:29:45'),(3911,0,'vi','plugins/ecommerce/product-attribute-sets','wide','Wide','2022-09-10 03:29:00','2022-09-10 03:29:45'),(3912,0,'vi','plugins/ecommerce/product-attribute-sets','height','Height','2022-09-10 03:29:00','2022-09-10 03:29:45'),(3913,0,'vi','plugins/ecommerce/product-attribute-sets','weight','Weight','2022-09-10 03:29:00','2022-09-10 03:29:45'),(3914,0,'vi','plugins/ecommerce/product-attribute-sets','version_images','Version images','2022-09-10 03:29:00','2022-09-10 03:29:45'),(3915,0,'vi','plugins/ecommerce/product-attribute-sets','add_new_image','Add new image','2022-09-10 03:29:00','2022-09-10 03:29:45'),(3916,0,'vi','plugins/ecommerce/product-attribute-sets','attribute_set','Attribute set','2022-09-10 03:29:00','2022-09-10 03:29:45'),(3917,0,'vi','plugins/ecommerce/product-attribute-sets','value','Value','2022-09-10 03:29:00','2022-09-10 03:29:45'),(3918,0,'vi','plugins/ecommerce/product-attribute-sets','dropdown_swatch','Dropdown Swatch','2022-09-10 03:29:00','2022-09-10 03:29:45'),(3919,0,'vi','plugins/ecommerce/product-attribute-sets','visual_swatch','Visual Swatch','2022-09-10 03:29:00','2022-09-10 03:29:45'),(3920,0,'vi','plugins/ecommerce/product-attribute-sets','text_swatch','Text Swatch','2022-09-10 03:29:00','2022-09-10 03:29:45'),(3921,0,'vi','plugins/ecommerce/product-attributes','name','Thuộc tính sản phẩm','2022-09-10 03:29:00','2022-09-10 03:29:46'),(3922,0,'vi','plugins/ecommerce/product-attributes','create','Tạo','2022-09-10 03:29:00','2022-09-10 03:29:46'),(3923,0,'vi','plugins/ecommerce/product-attributes','edit','Sửa','2022-09-10 03:29:00','2022-09-10 03:29:46'),(3924,0,'vi','plugins/ecommerce/product-attributes','intro.title','Quản lý danh sách thuộc tính sản phẩm','2022-09-10 03:29:00','2022-09-10 03:29:46'),(3925,0,'vi','plugins/ecommerce/product-attributes','intro.description','Các thuộc tính của sản phẩm như màu sắc, kích thước ...','2022-09-10 03:29:00','2022-09-10 03:29:46'),(3926,0,'vi','plugins/ecommerce/product-attributes','intro.button_text','Tạo thuộc tính sản phẩm','2022-09-10 03:29:00','2022-09-10 03:29:46'),(3927,0,'vi','plugins/ecommerce/product-categories','create','Create new product category','2022-09-10 03:29:01','2022-09-10 03:29:46'),(3928,0,'vi','plugins/ecommerce/product-categories','edit','Edit product category','2022-09-10 03:29:01','2022-09-10 03:29:46'),(3929,0,'vi','plugins/ecommerce/product-categories','name','Danh mục sản phẩm','2022-09-10 03:29:01','2022-09-10 03:29:46'),(3930,0,'vi','plugins/ecommerce/product-categories','none','Không có','2022-09-10 03:29:01','2022-09-10 03:29:46'),(3931,0,'vi','plugins/ecommerce/product-categories','menu','Danh mục sản phẩm','2022-09-10 03:29:01','2022-09-10 03:29:46'),(3932,0,'vi','plugins/ecommerce/product-categories','intro.title','Quản lý danh sách danh mục sản phẩm','2022-09-10 03:29:01','2022-09-10 03:29:46'),(3933,0,'vi','plugins/ecommerce/product-categories','intro.description','Danh mục sản phẩm như quần áo, giày dép, linh kiện điện tử ...','2022-09-10 03:29:01','2022-09-10 03:29:46'),(3934,0,'vi','plugins/ecommerce/product-categories','intro.button_text','Tạo danh mục sản phẩm','2022-09-10 03:29:01','2022-09-10 03:29:46'),(3935,0,'vi','plugins/ecommerce/product-categories','total_products','Tổng sản phẩm: :total','2022-09-10 03:29:01','2022-09-10 03:29:46'),(3936,0,'vi','plugins/ecommerce/product-collections','name','Nhóm sản phẩm','2022-09-10 03:29:01','2022-09-10 03:29:46'),(3937,0,'vi','plugins/ecommerce/product-collections','create','Thêm nhóm sản phẩm','2022-09-10 03:29:01','2022-09-10 03:29:46'),(3938,0,'vi','plugins/ecommerce/product-collections','edit','Sửa nhóm sản phẩm','2022-09-10 03:29:01','2022-09-10 03:29:46'),(3939,0,'vi','plugins/ecommerce/product-collections','slug_help_block','Label key: <code>:slug</code>. We will use this key for filter.','2022-09-10 03:29:01','2022-09-10 03:29:46'),(3940,0,'vi','plugins/ecommerce/product-collections','intro.title','Quản lý nhóm sản phẩm','2022-09-10 03:29:01','2022-09-10 03:29:46'),(3941,0,'vi','plugins/ecommerce/product-collections','intro.description','Nhóm sản phẩm giúp quản lý sản phẩm và khách hàng tìm kiếm sản phẩm một cách dễ dàng.','2022-09-10 03:29:01','2022-09-10 03:29:46'),(3942,0,'vi','plugins/ecommerce/product-collections','intro.button_text','Tạo nhóm sản phẩm','2022-09-10 03:29:01','2022-09-10 03:29:46'),(3943,0,'vi','plugins/ecommerce/products','name','Sản phẩm','2022-09-10 03:29:01','2022-09-10 03:29:46'),(3944,0,'vi','plugins/ecommerce/products','create','Thêm sản phẩm mới','2022-09-10 03:29:01','2022-09-10 03:29:46'),(3945,0,'vi','plugins/ecommerce/products','edit','Sửa sản phẩm - :name','2022-09-10 03:29:01','2022-09-10 03:29:46'),(3946,0,'vi','plugins/ecommerce/products','form.name','Tên sản phẩm','2022-09-10 03:29:01','2022-09-10 03:29:46'),(3947,0,'vi','plugins/ecommerce/products','form.name_placeholder','Tên sản phẩm (Tối đa 120 chữ cái)','2022-09-10 03:29:01','2022-09-10 03:29:46'),(3948,0,'vi','plugins/ecommerce/products','form.description','Mô tả ngắn','2022-09-10 03:29:01','2022-09-10 03:29:46'),(3949,0,'vi','plugins/ecommerce/products','form.description_placeholder','Mô tả ngắn gọn cho sản phẩm (Tối đa 400 chữ cái)','2022-09-10 03:29:01','2022-09-10 03:29:46'),(3950,0,'vi','plugins/ecommerce/products','form.categories','Danh mục','2022-09-10 03:29:01','2022-09-10 03:29:46'),(3951,0,'vi','plugins/ecommerce/products','form.content','Chi tiết sản phẩm','2022-09-10 03:29:01','2022-09-10 03:29:46'),(3952,0,'vi','plugins/ecommerce/products','form.price','Giá cơ bản','2022-09-10 03:29:01','2022-09-10 03:29:46'),(3953,0,'vi','plugins/ecommerce/products','form.price_sale','Giá giảm','2022-09-10 03:29:01','2022-09-10 03:29:46'),(3954,0,'vi','plugins/ecommerce/products','form.quantity','Số lượng','2022-09-10 03:29:01','2022-09-10 03:29:46'),(3955,0,'vi','plugins/ecommerce/products','form.brand','Thương hiệu','2022-09-10 03:29:01','2022-09-10 03:29:46'),(3956,0,'vi','plugins/ecommerce/products','form.width','Rộng','2022-09-10 03:29:01','2022-09-10 03:29:46'),(3957,0,'vi','plugins/ecommerce/products','form.height','Cao','2022-09-10 03:29:01','2022-09-10 03:29:46'),(3958,0,'vi','plugins/ecommerce/products','form.weight','Cân nặng','2022-09-10 03:29:01','2022-09-10 03:29:46'),(3959,0,'vi','plugins/ecommerce/products','form.image','Hình ảnh','2022-09-10 03:29:01','2022-09-10 03:29:46'),(3960,0,'vi','plugins/ecommerce/products','form.product_type.title','Loại sản phẩm','2022-09-10 03:29:01','2022-09-10 03:29:46'),(3961,0,'vi','plugins/ecommerce/products','form.stock.title','Tình trạng kho','2022-09-10 03:29:01','2022-09-10 03:29:46'),(3962,0,'vi','plugins/ecommerce/products','form.stock.in_stock','Còn hàng','2022-09-10 03:29:01','2022-09-10 03:29:46'),(3963,0,'vi','plugins/ecommerce/products','form.stock.out_stock','Hết hàng','2022-09-10 03:29:01','2022-09-10 03:29:46'),(3964,0,'vi','plugins/ecommerce/products','form.stock.allow_order_when_out','Cho phép đặt hàng khi hết','2022-09-10 03:29:01','2022-09-10 03:29:46'),(3965,0,'vi','plugins/ecommerce/products','form.storehouse.title','Quản lý kho','2022-09-10 03:29:01','2022-09-10 03:29:46'),(3966,0,'vi','plugins/ecommerce/products','form.storehouse.no_storehouse','Không quản lý kho','2022-09-10 03:29:01','2022-09-10 03:29:46'),(3967,0,'vi','plugins/ecommerce/products','form.storehouse.storehouse','Quản lý kho','2022-09-10 03:29:01','2022-09-10 03:29:46'),(3968,0,'vi','plugins/ecommerce/products','form.storehouse.quantity','Số lượng','2022-09-10 03:29:01','2022-09-10 03:29:46'),(3969,0,'vi','plugins/ecommerce/products','form.shipping.title','Giao hàng','2022-09-10 03:29:01','2022-09-10 03:29:46'),(3970,0,'vi','plugins/ecommerce/products','form.shipping.length','Chiều dài','2022-09-10 03:29:01','2022-09-10 03:29:46'),(3971,0,'vi','plugins/ecommerce/products','form.shipping.wide','Chiều rộng','2022-09-10 03:29:01','2022-09-10 03:29:46'),(3972,0,'vi','plugins/ecommerce/products','form.shipping.height','Chiều cao','2022-09-10 03:29:01','2022-09-10 03:29:46'),(3973,0,'vi','plugins/ecommerce/products','form.shipping.weight','Cân nặng','2022-09-10 03:29:01','2022-09-10 03:29:46'),(3974,0,'vi','plugins/ecommerce/products','form.date.start','Ngày bắt đầu','2022-09-10 03:29:01','2022-09-10 03:29:46'),(3975,0,'vi','plugins/ecommerce/products','form.date.end','Ngày kết thúc','2022-09-10 03:29:01','2022-09-10 03:29:46'),(3976,0,'vi','plugins/ecommerce/products','form.tags','Nhãn','2022-09-10 03:29:01','2022-09-10 03:29:46'),(3977,0,'vi','plugins/ecommerce/products','form.tax','Thuế','2022-09-10 03:29:01','2022-09-10 03:29:46'),(3978,0,'vi','plugins/ecommerce/products','price','Giá cơ bản','2022-09-10 03:29:01','2022-09-10 03:29:46'),(3979,0,'vi','plugins/ecommerce/products','price_sale','Giá giảm','2022-09-10 03:29:01','2022-09-10 03:29:46'),(3980,0,'vi','plugins/ecommerce/products','quantity','Số lượng','2022-09-10 03:29:01','2022-09-10 03:29:46'),(3981,0,'vi','plugins/ecommerce/products','type','Loại sản phẩm','2022-09-10 03:29:01','2022-09-10 03:29:46'),(3982,0,'vi','plugins/ecommerce/products','image','Ảnh','2022-09-10 03:29:01','2022-09-10 03:29:46'),(3983,0,'vi','plugins/ecommerce/products','sku','Mã sản phẩm','2022-09-10 03:29:01','2022-09-10 03:29:46'),(3984,0,'vi','plugins/ecommerce/products','brand','Thương hiệu','2022-09-10 03:29:01','2022-09-10 03:29:46'),(3985,0,'vi','plugins/ecommerce/products','cannot_delete','Product could not be deleted','2022-09-10 03:29:01','2022-09-10 03:29:46'),(3986,0,'vi','plugins/ecommerce/products','product_deleted','Product deleted','2022-09-10 03:29:01','2022-09-10 03:29:46'),(3987,0,'vi','plugins/ecommerce/products','products','Sản phẩm','2022-09-10 03:29:01','2022-09-10 03:29:46'),(3988,0,'vi','plugins/ecommerce/products','menu','Sản phẩm','2022-09-10 03:29:01','2022-09-10 03:29:46'),(3989,0,'vi','plugins/ecommerce/products','control.button_add_image','Thêm hình ảnh','2022-09-10 03:29:01','2022-09-10 03:29:46'),(3990,0,'vi','plugins/ecommerce/products','overview','Tổng quan','2022-09-10 03:29:01','2022-09-10 03:29:46'),(3991,0,'vi','plugins/ecommerce/products','attributes','Thuộc tính','2022-09-10 03:29:01','2022-09-10 03:29:46'),(3992,0,'vi','plugins/ecommerce/products','product_has_variations','Sản phẩm có nhiều phiên bản','2022-09-10 03:29:01','2022-09-10 03:29:46'),(3993,0,'vi','plugins/ecommerce/products','manage_products','Quản lý danh sách sản phẩm','2022-09-10 03:29:01','2022-09-10 03:29:46'),(3994,0,'vi','plugins/ecommerce/products','add_new_product','Tạo sản phẩm','2022-09-10 03:29:01','2022-09-10 03:29:46'),(3995,0,'vi','plugins/ecommerce/products','start_by_adding_new_product','Bắt đầu bán hàng bằng việc thêm sản phẩm.','2022-09-10 03:29:01','2022-09-10 03:29:46'),(3996,0,'vi','plugins/ecommerce/reports','name','Báo cáo','2022-09-10 03:29:01','2022-09-10 03:29:46'),(3997,0,'vi','plugins/ecommerce/reports','widget.order.title','Đơn hàng','2022-09-10 03:29:01','2022-09-10 03:29:46'),(3998,0,'vi','plugins/ecommerce/reports','count.revenue','Doanh thu hôm nay','2022-09-10 03:29:01','2022-09-10 03:29:46'),(3999,0,'vi','plugins/ecommerce/reports','count.orders','Đơn hàng hôm nay','2022-09-10 03:29:01','2022-09-10 03:29:46'),(4000,0,'vi','plugins/ecommerce/reports','count.products','Sản phẩm','2022-09-10 03:29:01','2022-09-10 03:29:46'),(4001,0,'vi','plugins/ecommerce/reports','count.customers','Khách hàng','2022-09-10 03:29:01','2022-09-10 03:29:46'),(4002,0,'vi','plugins/ecommerce/reports','product_name','Tên sản phẩm','2022-09-10 03:29:01','2022-09-10 03:29:46'),(4003,0,'vi','plugins/ecommerce/reports','quantity','Số lượng','2022-09-10 03:29:01','2022-09-10 03:29:46'),(4004,0,'vi','plugins/ecommerce/reports','revenue_statistics','Thống kê doanh thu','2022-09-10 03:29:01','2022-09-10 03:29:46'),(4005,0,'vi','plugins/ecommerce/reports','top_selling_products','Sản phẩm bán chạy trong tháng','2022-09-10 03:29:01','2022-09-10 03:29:46'),(4006,0,'vi','plugins/ecommerce/review','name','Đánh giá','2022-09-10 03:29:01','2022-09-10 03:29:46'),(4007,0,'vi','plugins/ecommerce/review','list_review','Khách hàng đánh giá','2022-09-10 03:29:01','2022-09-10 03:29:46'),(4008,0,'vi','plugins/ecommerce/review','add_review','Thêm đánh giá','2022-09-10 03:29:01','2022-09-10 03:29:46'),(4009,0,'vi','plugins/ecommerce/review','delete_review','Xóa đánh giá','2022-09-10 03:29:01','2022-09-10 03:29:46'),(4010,0,'vi','plugins/ecommerce/review','create_review','Tạo đánh giá','2022-09-10 03:29:01','2022-09-10 03:29:46'),(4011,0,'vi','plugins/ecommerce/review','please_select_rating','Chọn đánh giá','2022-09-10 03:29:01','2022-09-10 03:29:46'),(4012,0,'vi','plugins/ecommerce/review','comment','Bình luận','2022-09-10 03:29:01','2022-09-10 03:29:46'),(4013,0,'vi','plugins/ecommerce/review','approve','Chấp thuận','2022-09-10 03:29:01','2022-09-10 03:29:46'),(4014,0,'vi','plugins/ecommerce/review','approved','Đã chấp thuận','2022-09-10 03:29:01','2022-09-10 03:29:46'),(4015,0,'vi','plugins/ecommerce/review','disapprove','Không chấp thuận','2022-09-10 03:29:01','2022-09-10 03:29:46'),(4016,0,'vi','plugins/ecommerce/review','disapproved','Đã không chấp thuận','2022-09-10 03:29:01','2022-09-10 03:29:46'),(4017,0,'vi','plugins/ecommerce/review','product','Sản phẩm','2022-09-10 03:29:01','2022-09-10 03:29:46'),(4018,0,'vi','plugins/ecommerce/review','user','Người dùng','2022-09-10 03:29:01','2022-09-10 03:29:46'),(4019,0,'vi','plugins/ecommerce/review','star','Sao','2022-09-10 03:29:01','2022-09-10 03:29:46'),(4020,0,'vi','plugins/ecommerce/review','status','Trạng thái','2022-09-10 03:29:01','2022-09-10 03:29:46'),(4021,0,'vi','plugins/ecommerce/review','intro.title','Quản lý danh sách nhận xét của khách hàng','2022-09-10 03:29:01','2022-09-10 03:29:46'),(4022,0,'vi','plugins/ecommerce/review','intro.description','Lưu trữ các nhận xét, đánh giá của khách hàng','2022-09-10 03:29:01','2022-09-10 03:29:46'),(4023,0,'vi','plugins/ecommerce/shipping','name','Phí vận chuyển','2022-09-10 03:29:01','2022-09-10 03:29:46'),(4024,0,'vi','plugins/ecommerce/shipping','shipping','Vận chuyển','2022-09-10 03:29:01','2022-09-10 03:29:46'),(4025,0,'vi','plugins/ecommerce/shipping','title','Title','2022-09-10 03:29:01','2022-09-10 03:29:46'),(4026,0,'vi','plugins/ecommerce/shipping','country','Quốc gia','2022-09-10 03:29:01','2022-09-10 03:29:46'),(4027,0,'vi','plugins/ecommerce/shipping','state','State','2022-09-10 03:29:01','2022-09-10 03:29:46'),(4028,0,'vi','plugins/ecommerce/shipping','city','City','2022-09-10 03:29:01','2022-09-10 03:29:46'),(4029,0,'vi','plugins/ecommerce/shipping','amount','Amount','2022-09-10 03:29:01','2022-09-10 03:29:46'),(4030,0,'vi','plugins/ecommerce/shipping','enable','Enable','2022-09-10 03:29:01','2022-09-10 03:29:46'),(4031,0,'vi','plugins/ecommerce/shipping','enabled','Enabled','2022-09-10 03:29:01','2022-09-10 03:29:46'),(4032,0,'vi','plugins/ecommerce/shipping','disable','Disable','2022-09-10 03:29:01','2022-09-10 03:29:46'),(4033,0,'vi','plugins/ecommerce/shipping','disabled','Disabled','2022-09-10 03:29:01','2022-09-10 03:29:46'),(4034,0,'vi','plugins/ecommerce/shipping','create_shipping','Create a shipping','2022-09-10 03:29:01','2022-09-10 03:29:46'),(4035,0,'vi','plugins/ecommerce/shipping','edit_shipping','Edit shipping #','2022-09-10 03:29:01','2022-09-10 03:29:46'),(4036,0,'vi','plugins/ecommerce/shipping','status','Status','2022-09-10 03:29:01','2022-09-10 03:29:46'),(4037,0,'vi','plugins/ecommerce/shipping','shipping_methods','Phương thức vận chuyển','2022-09-10 03:29:01','2022-09-10 03:29:46'),(4038,0,'vi','plugins/ecommerce/shipping','create_shipping_method','Tạo phương thức vận chuyển','2022-09-10 03:29:01','2022-09-10 03:29:46'),(4039,0,'vi','plugins/ecommerce/shipping','edit_shipping_method','Sửa phương thức vận chuyển','2022-09-10 03:29:01','2022-09-10 03:29:46'),(4040,0,'vi','plugins/ecommerce/shipping','add_shipping_region','Thêm khu vực vận chuyển','2022-09-10 03:29:01','2022-09-10 03:29:46'),(4041,0,'vi','plugins/ecommerce/shipping','methods.default','Default','2022-09-10 03:29:01','2022-09-10 03:29:46'),(4042,0,'vi','plugins/ecommerce/shipping','statuses.not_approved','Not approved','2022-09-10 03:29:01','2022-09-10 03:29:46'),(4043,0,'vi','plugins/ecommerce/shipping','statuses.approved','Approved','2022-09-10 03:29:01','2022-09-10 03:29:46'),(4044,0,'vi','plugins/ecommerce/shipping','statuses.picking','Picking','2022-09-10 03:29:02','2022-09-10 03:29:46'),(4045,0,'vi','plugins/ecommerce/shipping','statuses.delay_picking','Delay picking','2022-09-10 03:29:02','2022-09-10 03:29:46'),(4046,0,'vi','plugins/ecommerce/shipping','statuses.picked','Picked','2022-09-10 03:29:02','2022-09-10 03:29:46'),(4047,0,'vi','plugins/ecommerce/shipping','statuses.not_picked','Not picked','2022-09-10 03:29:02','2022-09-10 03:29:46'),(4048,0,'vi','plugins/ecommerce/shipping','statuses.delivering','Delivering','2022-09-10 03:29:02','2022-09-10 03:29:46'),(4049,0,'vi','plugins/ecommerce/shipping','statuses.delivered','Delivered','2022-09-10 03:29:02','2022-09-10 03:29:46'),(4050,0,'vi','plugins/ecommerce/shipping','statuses.not_delivered','Not delivered','2022-09-10 03:29:02','2022-09-10 03:29:46'),(4051,0,'vi','plugins/ecommerce/shipping','statuses.audited','Audited','2022-09-10 03:29:02','2022-09-10 03:29:46'),(4052,0,'vi','plugins/ecommerce/shipping','statuses.canceled','Canceled','2022-09-10 03:29:02','2022-09-10 03:29:46'),(4053,0,'vi','plugins/ecommerce/shipping','cod_statuses.pending','Pending','2022-09-10 03:29:02','2022-09-10 03:29:46'),(4054,0,'vi','plugins/ecommerce/shipping','cod_statuses.completed','Completed','2022-09-10 03:29:02','2022-09-10 03:29:46'),(4055,0,'vi','plugins/ecommerce/store-locator','name','Địa chỉ cửa hàng','2022-09-10 03:29:02','2022-09-10 03:29:47'),(4056,0,'vi','plugins/ecommerce/store-locator','description','Địa chỉ này sẽ xuất hiện trên hoá đơn của bạn và sẽ được sử dụng để tính toán mức giá vận chuyển của bạn.','2022-09-10 03:29:02','2022-09-10 03:29:47'),(4057,0,'vi','plugins/ecommerce/store-locator','shop_name','Tên cửa hàng','2022-09-10 03:29:02','2022-09-10 03:29:47'),(4058,0,'vi','plugins/ecommerce/store-locator','phone','Điện thoại','2022-09-10 03:29:02','2022-09-10 03:29:47'),(4059,0,'vi','plugins/ecommerce/store-locator','address','Địa chỉ','2022-09-10 03:29:02','2022-09-10 03:29:47'),(4060,0,'vi','plugins/ecommerce/tax','name','Thuế','2022-09-10 03:29:02','2022-09-10 03:29:47'),(4061,0,'vi','plugins/ecommerce/tax','create','Tạo thuế','2022-09-10 03:29:02','2022-09-10 03:29:47'),(4062,0,'vi','plugins/ecommerce/tax','edit','Chỉnh sửa thuế :title','2022-09-10 03:29:02','2022-09-10 03:29:47'),(4063,0,'vi','plugins/ecommerce/tax','title','Tiêu đề','2022-09-10 03:29:02','2022-09-10 03:29:47'),(4064,0,'vi','plugins/ecommerce/tax','percentage','Tỉ lệ phần trăm %','2022-09-10 03:29:02','2022-09-10 03:29:47'),(4065,0,'vi','plugins/ecommerce/tax','priority','Thứ tự ưu tiên','2022-09-10 03:29:02','2022-09-10 03:29:47'),(4066,0,'vi','plugins/ecommerce/tax','select_tax','-- lựa chọn --','2022-09-10 03:29:02','2022-09-10 03:29:47'),(4067,0,'en','plugins/faq/faq-category','name','Categories','2022-09-10 03:29:02','2022-09-10 03:29:47'),(4068,0,'en','plugins/faq/faq-category','create','New category','2022-09-10 03:29:02','2022-09-10 03:29:47'),(4069,0,'en','plugins/faq/faq-category','edit','Edit category','2022-09-10 03:29:02','2022-09-10 03:29:47'),(4070,0,'en','plugins/faq/faq','name','FAQ','2022-09-10 03:29:02','2022-09-10 03:29:47'),(4071,0,'en','plugins/faq/faq','create','New faq','2022-09-10 03:29:02','2022-09-10 03:29:47'),(4072,0,'en','plugins/faq/faq','edit','Edit faq','2022-09-10 03:29:02','2022-09-10 03:29:47'),(4073,0,'en','plugins/faq/faq','question','Question','2022-09-10 03:29:02','2022-09-10 03:29:47'),(4074,0,'en','plugins/faq/faq','answer','Answer','2022-09-10 03:29:02','2022-09-10 03:29:47'),(4075,0,'en','plugins/faq/faq','category','Category','2022-09-10 03:29:02','2022-09-10 03:29:47'),(4076,0,'en','plugins/faq/faq','all','All','2022-09-10 03:29:02','2022-09-10 03:29:47'),(4077,0,'en','plugins/faq/faq','faq_schema_config','FAQ schema configuration (:link)','2022-09-10 03:29:02','2022-09-10 03:29:47'),(4078,0,'en','plugins/faq/faq','learn_more','Learn more','2022-09-10 03:29:02','2022-09-10 03:29:47'),(4079,0,'en','plugins/faq/faq','settings.title','FAQ','2022-09-10 03:29:02','2022-09-10 03:29:47'),(4080,0,'en','plugins/faq/faq','settings.description','Settings for FAQ','2022-09-10 03:29:02','2022-09-10 03:29:47'),(4081,0,'en','plugins/faq/faq','settings.enable_faq_schema','Enable FAQ Schema?','2022-09-10 03:29:02','2022-09-10 03:29:47'),(4082,0,'en','plugins/faq/faq','settings.enable_faq_schema_description','Learn more: https://developers.google.com/search/docs/data-types/faqpage','2022-09-10 03:29:02','2022-09-10 03:29:47'),(4083,0,'en','plugins/faq/faq','select_category','Select a category','2022-09-10 03:29:02','2022-09-10 03:29:47'),(4084,0,'en','plugins/faq/faq','add_item','Add item','2022-09-10 03:29:02','2022-09-10 03:29:47'),(4085,0,'vi','plugins/faq/faq-category','create','Thêm danh mục','2022-09-10 03:29:02','2022-09-10 03:29:47'),(4086,0,'vi','plugins/faq/faq-category','edit','Sửa danh mục','2022-09-10 03:29:02','2022-09-10 03:29:47'),(4087,0,'vi','plugins/faq/faq-category','name','Danh mục','2022-09-10 03:29:02','2022-09-10 03:29:47'),(4088,0,'vi','plugins/faq/faq','name','Câu hỏi thường gặp','2022-09-10 03:29:02','2022-09-10 03:29:47'),(4089,0,'vi','plugins/faq/faq','create','Thêm câu hỏi','2022-09-10 03:29:02','2022-09-10 03:29:47'),(4090,0,'vi','plugins/faq/faq','edit','Sửa câu hỏi','2022-09-10 03:29:02','2022-09-10 03:29:47'),(4091,0,'vi','plugins/faq/faq','question','Câu hỏi','2022-09-10 03:29:02','2022-09-10 03:29:47'),(4092,0,'vi','plugins/faq/faq','answer','Trả lời','2022-09-10 03:29:02','2022-09-10 03:29:47'),(4093,0,'en','plugins/language/language','name','Languages','2022-09-10 03:29:02','2022-09-10 03:29:47'),(4094,0,'en','plugins/language/language','choose_language','Choose a language','2022-09-10 03:29:02','2022-09-10 03:29:47'),(4095,0,'en','plugins/language/language','select_language','Select language','2022-09-10 03:29:02','2022-09-10 03:29:47'),(4096,0,'en','plugins/language/language','choose_language_helper','You can choose a language in the list or directly edit it below.','2022-09-10 03:29:02','2022-09-10 03:29:47'),(4097,0,'en','plugins/language/language','language_name','Language name','2022-09-10 03:29:02','2022-09-10 03:29:47'),(4098,0,'en','plugins/language/language','language_name_helper','The name is how it is displayed on your site (for example: English).','2022-09-10 03:29:02','2022-09-10 03:29:47'),(4099,0,'en','plugins/language/language','locale','Locale','2022-09-10 03:29:02','2022-09-10 03:29:47'),(4100,0,'en','plugins/language/language','locale_helper','Laravel Locale for the language (for example: <code>en</code>).','2022-09-10 03:29:02','2022-09-10 03:29:47'),(4101,0,'en','plugins/language/language','language_code','Language code','2022-09-10 03:29:02','2022-09-10 03:29:47'),(4102,0,'en','plugins/language/language','language_code_helper','Language code - preferably 2-letters ISO 639-1 (for example: en)','2022-09-10 03:29:02','2022-09-10 03:29:47'),(4103,0,'en','plugins/language/language','text_direction','Text direction','2022-09-10 03:29:02','2022-09-10 03:29:47'),(4104,0,'en','plugins/language/language','text_direction_helper','Choose the text direction for the language','2022-09-10 03:29:02','2022-09-10 03:29:47'),(4105,0,'en','plugins/language/language','left_to_right','Left to right','2022-09-10 03:29:02','2022-09-10 03:29:47'),(4106,0,'en','plugins/language/language','right_to_left','Right to left','2022-09-10 03:29:02','2022-09-10 03:29:47'),(4107,0,'en','plugins/language/language','flag','Flag','2022-09-10 03:29:02','2022-09-10 03:29:47'),(4108,0,'en','plugins/language/language','flag_helper','Choose a flag for the language.','2022-09-10 03:29:02','2022-09-10 03:29:47'),(4109,0,'en','plugins/language/language','order','Order','2022-09-10 03:29:02','2022-09-10 03:29:47'),(4110,0,'en','plugins/language/language','order_helper','Position of the language in the language switcher','2022-09-10 03:29:02','2022-09-10 03:29:47'),(4111,0,'en','plugins/language/language','add_new_language','Add new language','2022-09-10 03:29:02','2022-09-10 03:29:47'),(4112,0,'en','plugins/language/language','code','Code','2022-09-10 03:29:02','2022-09-10 03:29:47'),(4113,0,'en','plugins/language/language','default_language','Is default?','2022-09-10 03:29:02','2022-09-10 03:29:47'),(4114,0,'en','plugins/language/language','actions','Actions','2022-09-10 03:29:02','2022-09-10 03:29:47'),(4115,0,'en','plugins/language/language','translations','Translations','2022-09-10 03:29:02','2022-09-10 03:29:47'),(4116,0,'en','plugins/language/language','edit','Edit','2022-09-10 03:29:02','2022-09-10 03:29:47'),(4117,0,'en','plugins/language/language','edit_tooltip','Edit this language','2022-09-10 03:29:02','2022-09-10 03:29:47'),(4118,0,'en','plugins/language/language','delete','Delete','2022-09-10 03:29:02','2022-09-10 03:29:47'),(4119,0,'en','plugins/language/language','delete_tooltip','Delete this language and all its associated data','2022-09-10 03:29:02','2022-09-10 03:29:47'),(4120,0,'en','plugins/language/language','choose_default_language','Choose :language as default language','2022-09-10 03:29:02','2022-09-10 03:29:47'),(4121,0,'en','plugins/language/language','current_language','Current record\'s language','2022-09-10 03:29:02','2022-09-10 03:29:47'),(4122,0,'en','plugins/language/language','edit_related','Edit related language for this record','2022-09-10 03:29:02','2022-09-10 03:29:47'),(4123,0,'en','plugins/language/language','add_language_for_item','Add other language version for this record','2022-09-10 03:29:02','2022-09-10 03:29:47'),(4124,0,'en','plugins/language/language','settings','Settings','2022-09-10 03:29:02','2022-09-10 03:29:47'),(4125,0,'en','plugins/language/language','language_hide_default','Hide default language from URL?','2022-09-10 03:29:02','2022-09-10 03:29:47'),(4126,0,'en','plugins/language/language','language_display_flag_only','Flag only','2022-09-10 03:29:02','2022-09-10 03:29:47'),(4127,0,'en','plugins/language/language','language_display_name_only','Name only','2022-09-10 03:29:02','2022-09-10 03:29:47'),(4128,0,'en','plugins/language/language','language_display_all','Display all flag and name','2022-09-10 03:29:02','2022-09-10 03:29:47'),(4129,0,'en','plugins/language/language','language_display','Language display','2022-09-10 03:29:02','2022-09-10 03:29:47'),(4130,0,'en','plugins/language/language','switcher_display','Switcher language display','2022-09-10 03:29:02','2022-09-10 03:29:47'),(4131,0,'en','plugins/language/language','language_switcher_display_dropdown','Dropdown','2022-09-10 03:29:02','2022-09-10 03:29:47'),(4132,0,'en','plugins/language/language','language_switcher_display_list','List','2022-09-10 03:29:02','2022-09-10 03:29:47'),(4133,0,'en','plugins/language/language','current_language_edit_notification','You are editing \"<strong class=\"current_language_text\">:language</strong>\" version','2022-09-10 03:29:02','2022-09-10 03:29:47'),(4134,0,'en','plugins/language/language','confirm-change-language','Confirm change language','2022-09-10 03:29:02','2022-09-10 03:29:47'),(4135,0,'en','plugins/language/language','confirm-change-language-message','Do you really want to change language to \"<strong class=\"change_to_language_text\"></strong>\" ? This action will be override \"<strong class=\"change_to_language_text\"></strong>\" version if it\'s existed!','2022-09-10 03:29:02','2022-09-10 03:29:47'),(4136,0,'en','plugins/language/language','confirm-change-language-btn','Confirm change','2022-09-10 03:29:02','2022-09-10 03:29:47'),(4137,0,'en','plugins/language/language','hide_languages','Hide languages','2022-09-10 03:29:02','2022-09-10 03:29:47'),(4138,0,'en','plugins/language/language','hide_languages_description','You can completely hide content in specific languages from visitors and search engines, but still view it yourself. This allows reviewing translations that are in progress.','2022-09-10 03:29:02','2022-09-10 03:29:47'),(4139,0,'en','plugins/language/language','hide_languages_helper_display_hidden','{0} All languages are currently displayed.|{1} :language is currently hidden to visitors.|[2, Inf] :language are currently hidden to visitors.','2022-09-10 03:29:02','2022-09-10 03:29:47'),(4140,0,'en','plugins/language/language','show_all','Show all','2022-09-10 03:29:02','2022-09-10 03:29:47'),(4141,0,'en','plugins/language/language','change_language','Language','2022-09-10 03:29:02','2022-09-10 03:29:47'),(4142,0,'en','plugins/language/language','language_show_default_item_if_current_version_not_existed','Show item in default language if it is not existed in current language','2022-09-10 03:29:02','2022-09-10 03:29:47'),(4143,0,'en','plugins/language/language','select_flag','Select a flag...','2022-09-10 03:29:02','2022-09-10 03:29:47'),(4144,0,'en','plugins/language/language','delete_confirmation_message','Do you really want to delete this language? It also deletes all items in this language and cannot rollback!','2022-09-10 03:29:02','2022-09-10 03:29:47'),(4145,0,'en','plugins/language/language','added_already','This language was added already!','2022-09-10 03:29:02','2022-09-10 03:29:47'),(4146,0,'en','plugins/language/language','language_auto_detect_user_language','Auto detect user language?','2022-09-10 03:29:02','2022-09-10 03:29:47'),(4147,0,'vi','plugins/language/language','name','Ngôn ngữ','2022-09-10 03:29:02','2022-09-10 03:29:47'),(4148,0,'vi','plugins/language/language','choose_language','Chọn một ngôn ngữ','2022-09-10 03:29:02','2022-09-10 03:29:47'),(4149,0,'vi','plugins/language/language','select_language','Chọn ngôn ngữ','2022-09-10 03:29:02','2022-09-10 03:29:47'),(4150,0,'vi','plugins/language/language','choose_language_helper','Bạn có thể chọn 1 ngôn ngữ trong danh sách hoặc nhập trực tiếp nội dung xuống các mục dưới','2022-09-10 03:29:02','2022-09-10 03:29:47'),(4151,0,'vi','plugins/language/language','language_name','Tên đầy đủ','2022-09-10 03:29:02','2022-09-10 03:29:47'),(4152,0,'vi','plugins/language/language','language_name_helper','Tên ngôn ngữ sẽ được hiển thị trên website (ví dụ: Tiếng Anh).','2022-09-10 03:29:02','2022-09-10 03:29:47'),(4153,0,'vi','plugins/language/language','locale','Locale','2022-09-10 03:29:03','2022-09-10 03:29:47'),(4154,0,'vi','plugins/language/language','locale_helper','Laravel Locale cho ngôn ngữ này (ví dụ: <code>en</code>).','2022-09-10 03:29:03','2022-09-10 03:29:47'),(4155,0,'vi','plugins/language/language','language_code','Mã ngôn ngữ','2022-09-10 03:29:03','2022-09-10 03:29:47'),(4156,0,'vi','plugins/language/language','language_code_helper','Mã ngôn ngữ - ưu tiên dạng 2-kí tự theo chuẩn ISO 639-1 (ví dụ: en)','2022-09-10 03:29:03','2022-09-10 03:29:47'),(4157,0,'vi','plugins/language/language','text_direction','Hướng viết chữ','2022-09-10 03:29:03','2022-09-10 03:29:47'),(4158,0,'vi','plugins/language/language','text_direction_helper','Chọn hướng viết chữ cho ngôn ngữ này','2022-09-10 03:29:03','2022-09-10 03:29:47'),(4159,0,'vi','plugins/language/language','left_to_right','Trái qua phải','2022-09-10 03:29:03','2022-09-10 03:29:47'),(4160,0,'vi','plugins/language/language','right_to_left','Phải qua trái','2022-09-10 03:29:03','2022-09-10 03:29:47'),(4161,0,'vi','plugins/language/language','flag','Cờ','2022-09-10 03:29:03','2022-09-10 03:29:47'),(4162,0,'vi','plugins/language/language','flag_helper','Chọn 1 cờ cho ngôn ngữ này','2022-09-10 03:29:03','2022-09-10 03:29:47'),(4163,0,'vi','plugins/language/language','order','Sắp xếp','2022-09-10 03:29:03','2022-09-10 03:29:47'),(4164,0,'vi','plugins/language/language','order_helper','Vị trí của ngôn ngữ hiển thị trong mục chuyển đổi ngôn ngữ','2022-09-10 03:29:03','2022-09-10 03:29:47'),(4165,0,'vi','plugins/language/language','add_new_language','Thêm ngôn ngữ mới','2022-09-10 03:29:03','2022-09-10 03:29:47'),(4166,0,'vi','plugins/language/language','code','Mã','2022-09-10 03:29:03','2022-09-10 03:29:47'),(4167,0,'vi','plugins/language/language','default_language','Ngôn ngữ mặc định','2022-09-10 03:29:03','2022-09-10 03:29:47'),(4168,0,'vi','plugins/language/language','actions','Hành động','2022-09-10 03:29:03','2022-09-10 03:29:47'),(4169,0,'vi','plugins/language/language','translations','Dịch','2022-09-10 03:29:03','2022-09-10 03:29:47'),(4170,0,'vi','plugins/language/language','edit','Sửa','2022-09-10 03:29:03','2022-09-10 03:29:47'),(4171,0,'vi','plugins/language/language','edit_tooltip','Sửa ngôn ngữ này','2022-09-10 03:29:03','2022-09-10 03:29:47'),(4172,0,'vi','plugins/language/language','delete','Xóa','2022-09-10 03:29:03','2022-09-10 03:29:47'),(4173,0,'vi','plugins/language/language','delete_tooltip','Xóa ngôn ngữ này và các dữ liệu liên quan','2022-09-10 03:29:03','2022-09-10 03:29:47'),(4174,0,'vi','plugins/language/language','choose_default_language','Chọn :language làm ngôn ngữ mặc định','2022-09-10 03:29:03','2022-09-10 03:29:47'),(4175,0,'vi','plugins/language/language','add_language_for_item','Thêm ngôn ngữ khác cho bản ghi này','2022-09-10 03:29:03','2022-09-10 03:29:47'),(4176,0,'vi','plugins/language/language','current_language','Ngôn ngữ hiện tại của bản ghi','2022-09-10 03:29:03','2022-09-10 03:29:47'),(4177,0,'vi','plugins/language/language','edit_related','Sửa bản ngôn ngữ khác của bản ghi này','2022-09-10 03:29:03','2022-09-10 03:29:47'),(4178,0,'vi','plugins/language/language','confirm-change-language','Xác nhận thay đổi ngôn ngữ','2022-09-10 03:29:03','2022-09-10 03:29:47'),(4179,0,'vi','plugins/language/language','confirm-change-language-btn','Xác nhận thay đổi','2022-09-10 03:29:03','2022-09-10 03:29:47'),(4180,0,'vi','plugins/language/language','confirm-change-language-message','Bạn có chắc chắn muốn thay đổi ngôn ngữ sang tiếng \"<strong class=\"change_to_language_text\"></strong>\" ? Điều này sẽ ghi đè bản ghi tiếng \"<strong class=\"change_to_language_text\"></strong>\" nếu nó đã tồn tại!','2022-09-10 03:29:03','2022-09-10 03:29:47'),(4181,0,'vi','plugins/language/language','current_language_edit_notification','Bạn đang chỉnh sửa phiên bản tiếng \"<strong class=\"current_language_text\">:language</strong>\"','2022-09-10 03:29:03','2022-09-10 03:29:47'),(4182,0,'vi','plugins/language/language','hide_languages','Ẩn ngôn ngữ','2022-09-10 03:29:03','2022-09-10 03:29:47'),(4183,0,'vi','plugins/language/language','hide_languages_description','Bạn có thể hoàn toàn ẩn ngôn ngữ cụ thể đối với người truy cập và công cụ tìm kiếm, nhưng sẽ vẫn hiển thị trong trang quản trị. Điều này cho phép bạn biết những ngôn ngữ nào đang được xử lý.','2022-09-10 03:29:03','2022-09-10 03:29:47'),(4184,0,'vi','plugins/language/language','hide_languages_helper_display_hidden','{0} Tất cả ngôn ngữ đang được hiển thị.|{1} :language đang bị ẩn đối với người truy cập.|[2, Inf]  :language đang bị ẩn đối với người truy cập.','2022-09-10 03:29:03','2022-09-10 03:29:47'),(4185,0,'vi','plugins/language/language','language_display','Hiển thị ngôn ngữ','2022-09-10 03:29:03','2022-09-10 03:29:47'),(4186,0,'vi','plugins/language/language','language_display_all','Hiển thị cả cờ và tên ngôn ngữ','2022-09-10 03:29:03','2022-09-10 03:29:47'),(4187,0,'vi','plugins/language/language','language_display_flag_only','Chỉ hiển thị cờ','2022-09-10 03:29:03','2022-09-10 03:29:47'),(4188,0,'vi','plugins/language/language','language_display_name_only','Chỉ hiển thị tên','2022-09-10 03:29:03','2022-09-10 03:29:47'),(4189,0,'vi','plugins/language/language','language_hide_default','Ẩn ngôn ngữ mặc định trên URL','2022-09-10 03:29:03','2022-09-10 03:29:47'),(4190,0,'vi','plugins/language/language','language_switcher_display_dropdown','Dropdown','2022-09-10 03:29:03','2022-09-10 03:29:47'),(4191,0,'vi','plugins/language/language','language_switcher_display_list','Danh sách','2022-09-10 03:29:03','2022-09-10 03:29:47'),(4192,0,'vi','plugins/language/language','settings','Cài đặt','2022-09-10 03:29:03','2022-09-10 03:29:47'),(4193,0,'vi','plugins/language/language','switcher_display','Hiển thị bộ chuyển đổi ngôn ngữ','2022-09-10 03:29:03','2022-09-10 03:29:47'),(4194,0,'vi','plugins/language/language','change_language','Ngôn ngữ','2022-09-10 03:29:03','2022-09-10 03:29:47'),(4195,0,'vi','plugins/language/language','show_all','Hiển thị tất cả','2022-09-10 03:29:03','2022-09-10 03:29:47'),(4196,0,'vi','plugins/language/language','language_show_default_item_if_current_version_not_existed','Hiển thị bản ghi ở ngôn ngữ mặc định nếu phiên bản cho ngôn ngữ hiện tại chưa có','2022-09-10 03:29:03','2022-09-10 03:29:47'),(4197,0,'en','plugins/location/bulk-import','name','Bulk Import','2022-09-10 03:29:03','2022-09-10 03:29:47'),(4198,0,'en','plugins/location/bulk-import','loading_text','Importing','2022-09-10 03:29:03','2022-09-10 03:29:47'),(4199,0,'en','plugins/location/bulk-import','imported_successfully','Imported successfully.','2022-09-10 03:29:03','2022-09-10 03:29:47'),(4200,0,'en','plugins/location/bulk-import','please_choose_the_file_mime','Please choose the file mime :types','2022-09-10 03:29:03','2022-09-10 03:29:47'),(4201,0,'en','plugins/location/bulk-import','please_choose_the_file','Please choose the file','2022-09-10 03:29:03','2022-09-10 03:29:47'),(4202,0,'en','plugins/location/bulk-import','start_import','Start Import','2022-09-10 03:29:03','2022-09-10 03:29:47'),(4203,0,'en','plugins/location/bulk-import','note','Note!','2022-09-10 03:29:03','2022-09-10 03:29:47'),(4204,0,'en','plugins/location/bulk-import','warning_before_importing','If this is your first time using this feature, please read the documentation or contact the Administrator for access to the correct functionality!','2022-09-10 03:29:03','2022-09-10 03:29:47'),(4205,0,'en','plugins/location/bulk-import','results','Result: :success successes, :failed failures','2022-09-10 03:29:03','2022-09-10 03:29:47'),(4206,0,'en','plugins/location/bulk-import','failures','Failures','2022-09-10 03:29:03','2022-09-10 03:29:47'),(4207,0,'en','plugins/location/bulk-import','tables.import','Import','2022-09-10 03:29:03','2022-09-10 03:29:47'),(4208,0,'en','plugins/location/bulk-import','template','Template','2022-09-10 03:29:03','2022-09-10 03:29:47'),(4209,0,'en','plugins/location/bulk-import','rules','Rules','2022-09-10 03:29:03','2022-09-10 03:29:47'),(4210,0,'en','plugins/location/bulk-import','choose_file_with_mime','Choose file with mime: (:types)','2022-09-10 03:29:03','2022-09-10 03:29:47'),(4211,0,'en','plugins/location/bulk-import','choose_file','Choose file','2022-09-10 03:29:03','2022-09-10 03:29:47'),(4212,0,'en','plugins/location/bulk-import','menu','Import locations','2022-09-10 03:29:03','2022-09-10 03:29:47'),(4213,0,'en','plugins/location/bulk-import','download-csv-file','Download CSV template','2022-09-10 03:29:03','2022-09-10 03:29:47'),(4214,0,'en','plugins/location/bulk-import','download-excel-file','Download Excel template','2022-09-10 03:29:03','2022-09-10 03:29:47'),(4215,0,'en','plugins/location/bulk-import','downloading','Downloading...','2022-09-10 03:29:03','2022-09-10 03:29:47'),(4216,0,'en','plugins/location/bulk-import','export.template.input_error','Input error','2022-09-10 03:29:03','2022-09-10 03:29:47'),(4217,0,'en','plugins/location/bulk-import','export.template.number_not_allowed','Number is not allowed!','2022-09-10 03:29:03','2022-09-10 03:29:47'),(4218,0,'en','plugins/location/bulk-import','export.template.allowed_input','Allowed input','2022-09-10 03:29:03','2022-09-10 03:29:47'),(4219,0,'en','plugins/location/bulk-import','export.template.prompt_decimal','Only numbers or decimals are accepted and greater than or equal to :min.','2022-09-10 03:29:03','2022-09-10 03:29:47'),(4220,0,'en','plugins/location/bulk-import','export.template.prompt_whole_number','Only numbers are accepted and greater than or equal to :min.','2022-09-10 03:29:03','2022-09-10 03:29:47'),(4221,0,'en','plugins/location/bulk-import','export.template.prompt_list','Please pick a value from the drop-down list.','2022-09-10 03:29:03','2022-09-10 03:29:47'),(4222,0,'en','plugins/location/bulk-import','export.template.pick_from_list','Pick from list','2022-09-10 03:29:03','2022-09-10 03:29:47'),(4223,0,'en','plugins/location/bulk-import','export.template.value_not_in_list','Value is not in list.','2022-09-10 03:29:03','2022-09-10 03:29:47'),(4224,0,'en','plugins/location/bulk-import','export.template.max_text_length','Max text length','2022-09-10 03:29:03','2022-09-10 03:29:47'),(4225,0,'en','plugins/location/bulk-import','export.template.prompt_max_text_length','Only accept text with length less than or equal to :max.','2022-09-10 03:29:03','2022-09-10 03:29:47'),(4226,0,'en','plugins/location/bulk-import','import_failed_description','Import failed, please check the errors below!','2022-09-10 03:29:03','2022-09-10 03:29:47'),(4227,0,'en','plugins/location/bulk-import','available_enable_multi_language','Only available when you enable \"Is Multi Language?\"','2022-09-10 03:29:03','2022-09-10 03:29:47'),(4228,0,'en','plugins/location/bulk-import','import_type_required_if','The :attribute field is required when \"Import Type\" is :value.','2022-09-10 03:29:03','2022-09-10 03:29:47'),(4229,0,'en','plugins/location/bulk-import','import_available_data','Import available data','2022-09-10 03:29:03','2022-09-10 03:29:47'),(4230,0,'en','plugins/location/bulk-import','import','Import','2022-09-10 03:29:03','2022-09-10 03:29:47'),(4231,0,'en','plugins/location/bulk-import','import_available_data_confirmation','Import available data confirmation','2022-09-10 03:29:03','2022-09-10 03:29:47'),(4232,0,'en','plugins/location/bulk-import','import_available_data_confirmation_content','Do you really want to import states/cities for this country?','2022-09-10 03:29:03','2022-09-10 03:29:47'),(4233,0,'en','plugins/location/city','name','Cities','2022-09-10 03:29:03','2022-09-10 03:29:47'),(4234,0,'en','plugins/location/city','create','New city','2022-09-10 03:29:03','2022-09-10 03:29:47'),(4235,0,'en','plugins/location/city','edit','Edit city','2022-09-10 03:29:03','2022-09-10 03:29:47'),(4236,0,'en','plugins/location/city','state','State','2022-09-10 03:29:03','2022-09-10 03:29:47'),(4237,0,'en','plugins/location/city','select_state','Select state...','2022-09-10 03:29:03','2022-09-10 03:29:47'),(4238,0,'en','plugins/location/city','select_city','Select city...','2022-09-10 03:29:03','2022-09-10 03:29:47'),(4239,0,'en','plugins/location/city','country','Country','2022-09-10 03:29:03','2022-09-10 03:29:47'),(4240,0,'en','plugins/location/city','select_country','Select country...','2022-09-10 03:29:03','2022-09-10 03:29:47'),(4241,0,'en','plugins/location/city','city','City','2022-09-10 03:29:03','2022-09-10 03:29:47'),(4242,0,'en','plugins/location/country','name','Countries','2022-09-10 03:29:03','2022-09-10 03:29:47'),(4243,0,'en','plugins/location/country','create','New country','2022-09-10 03:29:03','2022-09-10 03:29:47'),(4244,0,'en','plugins/location/country','edit','Edit country','2022-09-10 03:29:03','2022-09-10 03:29:47'),(4245,0,'en','plugins/location/country','nationality','Nationality','2022-09-10 03:29:03','2022-09-10 03:29:47'),(4246,0,'en','plugins/location/country','code','Country ISO code','2022-09-10 03:29:03','2022-09-10 03:29:47'),(4247,0,'en','plugins/location/country','code_placeholder','ISO country code, uppercase. Ex: US.','2022-09-10 03:29:03','2022-09-10 03:29:47'),(4248,0,'en','plugins/location/country','code_helper','Find country ISO code from here: https://en.wikipedia.org/wiki/List_of_ISO_3166_country_codes','2022-09-10 03:29:03','2022-09-10 03:29:47'),(4249,0,'en','plugins/location/location','name','Locations','2022-09-10 03:29:03','2022-09-10 03:29:48'),(4250,0,'en','plugins/location/location','create','New location','2022-09-10 03:29:03','2022-09-10 03:29:48'),(4251,0,'en','plugins/location/location','edit','Edit location','2022-09-10 03:29:03','2022-09-10 03:29:48'),(4252,0,'en','plugins/location/location','all_states','All states','2022-09-10 03:29:03','2022-09-10 03:29:48'),(4253,0,'en','plugins/location/location','abbreviation','Abbreviation','2022-09-10 03:29:03','2022-09-10 03:29:48'),(4254,0,'en','plugins/location/location','abbreviation_placeholder','E.g: CA','2022-09-10 03:29:03','2022-09-10 03:29:48'),(4255,0,'en','plugins/location/location','exporting','Exporting','2022-09-10 03:29:03','2022-09-10 03:29:48'),(4256,0,'en','plugins/location/location','total_country','Total countries','2022-09-10 03:29:03','2022-09-10 03:29:48'),(4257,0,'en','plugins/location/location','total_state','Total states','2022-09-10 03:29:03','2022-09-10 03:29:48'),(4258,0,'en','plugins/location/location','total_city','Total cities','2022-09-10 03:29:03','2022-09-10 03:29:48'),(4259,0,'en','plugins/location/location','export_location','Export location','2022-09-10 03:29:03','2022-09-10 03:29:48'),(4260,0,'en','plugins/location/location','start_export','Start exporting','2022-09-10 03:29:04','2022-09-10 03:29:48'),(4261,0,'en','plugins/location/state','name','States','2022-09-10 03:29:04','2022-09-10 03:29:48'),(4262,0,'en','plugins/location/state','create','New state','2022-09-10 03:29:04','2022-09-10 03:29:48'),(4263,0,'en','plugins/location/state','edit','Edit state','2022-09-10 03:29:04','2022-09-10 03:29:48'),(4264,0,'en','plugins/location/state','country','Country','2022-09-10 03:29:04','2022-09-10 03:29:48'),(4265,0,'en','plugins/location/state','select_country','Select a country...','2022-09-10 03:29:04','2022-09-10 03:29:48'),(4266,0,'en','plugins/location/state','state','State','2022-09-10 03:29:04','2022-09-10 03:29:48'),(4267,0,'vi','plugins/location/city','name','Quận/huyện','2022-09-10 03:29:04','2022-09-10 03:29:47'),(4268,0,'vi','plugins/location/city','create','Thêm quận/huyện','2022-09-10 03:29:04','2022-09-10 03:29:47'),(4269,0,'vi','plugins/location/city','edit','Sửa quận/huyện','2022-09-10 03:29:04','2022-09-10 03:29:47'),(4270,0,'vi','plugins/location/city','state','Tỉnh','2022-09-10 03:29:04','2022-09-10 03:29:47'),(4271,0,'vi','plugins/location/city','select_state','Lựa chọn tỉnh/thành phố...','2022-09-10 03:29:04','2022-09-10 03:29:47'),(4272,0,'vi','plugins/location/city','select_city','Lựa chọn quận/huyện...','2022-09-10 03:29:04','2022-09-10 03:29:47'),(4273,0,'vi','plugins/location/city','country','Quốc gia','2022-09-10 03:29:04','2022-09-10 03:29:47'),(4274,0,'vi','plugins/location/city','select_country','Lựa chọn quốc gia...','2022-09-10 03:29:04','2022-09-10 03:29:47'),(4275,0,'vi','plugins/location/city','city','Quận/huyện','2022-09-10 03:29:04','2022-09-10 03:29:47'),(4276,0,'vi','plugins/location/country','name','Quốc gia','2022-09-10 03:29:04','2022-09-10 03:29:47'),(4277,0,'vi','plugins/location/country','create','Thêm quốc gia','2022-09-10 03:29:04','2022-09-10 03:29:47'),(4278,0,'vi','plugins/location/country','edit','Sửa quốc gia','2022-09-10 03:29:04','2022-09-10 03:29:47'),(4279,0,'vi','plugins/location/country','nationality','Quốc tịch','2022-09-10 03:29:04','2022-09-10 03:29:47'),(4280,0,'vi','plugins/location/location','name','Địa điểm','2022-09-10 03:29:04','2022-09-10 03:29:48'),(4281,0,'vi','plugins/location/location','create','Thêm địa điểm','2022-09-10 03:29:04','2022-09-10 03:29:48'),(4282,0,'vi','plugins/location/location','edit','Sửa địa điểm','2022-09-10 03:29:04','2022-09-10 03:29:48'),(4283,0,'vi','plugins/location/location','all_states','Tất cả tỉnh thành','2022-09-10 03:29:04','2022-09-10 03:29:48'),(4284,0,'vi','plugins/location/state','name','Tỉnh/thành phố','2022-09-10 03:29:04','2022-09-10 03:29:48'),(4285,0,'vi','plugins/location/state','create','Thêm tỉnh/thành phố','2022-09-10 03:29:04','2022-09-10 03:29:48'),(4286,0,'vi','plugins/location/state','edit','Sửa tỉnh/thành phố','2022-09-10 03:29:04','2022-09-10 03:29:48'),(4287,0,'vi','plugins/location/state','country','Quốc gia','2022-09-10 03:29:04','2022-09-10 03:29:48'),(4288,0,'vi','plugins/location/state','select_country','Lựa chọn quốc gia...','2022-09-10 03:29:04','2022-09-10 03:29:48'),(4289,0,'vi','plugins/location/state','state','Tỉnh/thành phố','2022-09-10 03:29:04','2022-09-10 03:29:48'),(4290,0,'en','plugins/newsletter/newsletter','name','Newsletters','2022-09-10 03:29:04','2022-09-10 03:29:48'),(4291,0,'en','plugins/newsletter/newsletter','settings.email.templates.title','Newsletter','2022-09-10 03:29:04','2022-09-10 03:29:48'),(4292,0,'en','plugins/newsletter/newsletter','settings.email.templates.description','Config newsletter email templates','2022-09-10 03:29:04','2022-09-10 03:29:48'),(4293,0,'en','plugins/newsletter/newsletter','settings.email.templates.to_admin.title','Email send to admin','2022-09-10 03:29:04','2022-09-10 03:29:48'),(4294,0,'en','plugins/newsletter/newsletter','settings.email.templates.to_admin.description','Template for sending email to admin','2022-09-10 03:29:04','2022-09-10 03:29:48'),(4295,0,'en','plugins/newsletter/newsletter','settings.email.templates.to_user.title','Email send to user','2022-09-10 03:29:04','2022-09-10 03:29:48'),(4296,0,'en','plugins/newsletter/newsletter','settings.email.templates.to_user.description','Template for sending email to subscriber','2022-09-10 03:29:04','2022-09-10 03:29:48'),(4297,0,'en','plugins/newsletter/newsletter','settings.title','Newsletter','2022-09-10 03:29:04','2022-09-10 03:29:48'),(4298,0,'en','plugins/newsletter/newsletter','settings.description','Settings for newsletter','2022-09-10 03:29:04','2022-09-10 03:29:48'),(4299,0,'en','plugins/newsletter/newsletter','settings.mailchimp_api_key','Mailchimp API Key','2022-09-10 03:29:04','2022-09-10 03:29:48'),(4300,0,'en','plugins/newsletter/newsletter','settings.mailchimp_list_id','Mailchimp List ID','2022-09-10 03:29:04','2022-09-10 03:29:48'),(4301,0,'en','plugins/newsletter/newsletter','settings.mailchimp_list','Mailchimp List','2022-09-10 03:29:04','2022-09-10 03:29:48'),(4302,0,'en','plugins/newsletter/newsletter','settings.sendgrid_api_key','Sendgrid API Key','2022-09-10 03:29:04','2022-09-10 03:29:48'),(4303,0,'en','plugins/newsletter/newsletter','settings.sendgrid_list_id','Sendgrid List ID','2022-09-10 03:29:04','2022-09-10 03:29:48'),(4304,0,'en','plugins/newsletter/newsletter','settings.sendgrid_list','Sendgrid List','2022-09-10 03:29:04','2022-09-10 03:29:48'),(4305,0,'en','plugins/newsletter/newsletter','statuses.subscribed','Subscribed','2022-09-10 03:29:04','2022-09-10 03:29:48'),(4306,0,'en','plugins/newsletter/newsletter','statuses.unsubscribed','Unsubscribed','2022-09-10 03:29:04','2022-09-10 03:29:48'),(4307,0,'vi','plugins/newsletter/newsletter','name','Đăng ký nhận bản tin','2022-09-10 03:29:04','2022-09-10 03:29:48'),(4308,0,'vi','plugins/newsletter/newsletter','settings.email.templates.title','Đăng ký nhận bản tin','2022-09-10 03:29:04','2022-09-10 03:29:48'),(4309,0,'vi','plugins/newsletter/newsletter','settings.email.templates.description','Cấu hình email xác nhận đăng ký nhận bản tin','2022-09-10 03:29:04','2022-09-10 03:29:48'),(4310,0,'vi','plugins/newsletter/newsletter','settings.email.templates.to_admin.title','Email gửi tới cho quản trị viên','2022-09-10 03:29:04','2022-09-10 03:29:48'),(4311,0,'vi','plugins/newsletter/newsletter','settings.email.templates.to_admin.description','Mẫu email gửi tới cho quản trị viên','2022-09-10 03:29:04','2022-09-10 03:29:48'),(4312,0,'vi','plugins/newsletter/newsletter','settings.email.templates.to_user.title','Email gửi tới cho người đăng ký','2022-09-10 03:29:04','2022-09-10 03:29:48'),(4313,0,'vi','plugins/newsletter/newsletter','settings.email.templates.to_user.description','Mẫu email gửi tới cho người đăng ký','2022-09-10 03:29:04','2022-09-10 03:29:48'),(4314,0,'vi','plugins/newsletter/newsletter','statuses.subscribed','Theo dõi','2022-09-10 03:29:04','2022-09-10 03:29:48'),(4315,0,'vi','plugins/newsletter/newsletter','statuses.unsubscribed','Hủy theo dõi','2022-09-10 03:29:04','2022-09-10 03:29:48'),(4316,0,'en','plugins/payment/payment','payments','Payments','2022-09-10 03:29:04','2022-09-10 03:29:48'),(4317,0,'en','plugins/payment/payment','checkout_success','Checkout successfully!','2022-09-10 03:29:04','2022-09-10 03:29:48'),(4318,0,'en','plugins/payment/payment','view_payment','View payment #','2022-09-10 03:29:04','2022-09-10 03:29:48'),(4319,0,'en','plugins/payment/payment','charge_id','Charge ID','2022-09-10 03:29:04','2022-09-10 03:29:48'),(4320,0,'en','plugins/payment/payment','amount','Amount','2022-09-10 03:29:04','2022-09-10 03:29:48'),(4321,0,'en','plugins/payment/payment','currency','Currency','2022-09-10 03:29:04','2022-09-10 03:29:48'),(4322,0,'en','plugins/payment/payment','user','User','2022-09-10 03:29:04','2022-09-10 03:29:48'),(4323,0,'en','plugins/payment/payment','stripe','Stripe','2022-09-10 03:29:04','2022-09-10 03:29:48'),(4324,0,'en','plugins/payment/payment','paypal','PayPal','2022-09-10 03:29:04','2022-09-10 03:29:48'),(4325,0,'en','plugins/payment/payment','action','Action','2022-09-10 03:29:04','2022-09-10 03:29:48'),(4326,0,'en','plugins/payment/payment','payment_via_card','Payment via card','2022-09-10 03:29:04','2022-09-10 03:29:48'),(4327,0,'en','plugins/payment/payment','card_number','Card number','2022-09-10 03:29:04','2022-09-10 03:29:48'),(4328,0,'en','plugins/payment/payment','full_name','Full name','2022-09-10 03:29:04','2022-09-10 03:29:48'),(4329,0,'en','plugins/payment/payment','payment_via_paypal','Fast and safe online payment via PayPal.','2022-09-10 03:29:04','2022-09-10 03:29:48'),(4330,0,'en','plugins/payment/payment','mm_yy','MM/YY','2022-09-10 03:29:04','2022-09-10 03:29:48'),(4331,0,'en','plugins/payment/payment','cvc','CVC','2022-09-10 03:29:04','2022-09-10 03:29:48'),(4332,0,'en','plugins/payment/payment','details','Details','2022-09-10 03:29:04','2022-09-10 03:29:48'),(4333,0,'en','plugins/payment/payment','payer_name','Payer Name','2022-09-10 03:29:04','2022-09-10 03:29:48'),(4334,0,'en','plugins/payment/payment','email','Email','2022-09-10 03:29:04','2022-09-10 03:29:48'),(4335,0,'en','plugins/payment/payment','phone','Phone','2022-09-10 03:29:04','2022-09-10 03:29:48'),(4336,0,'en','plugins/payment/payment','country','Country','2022-09-10 03:29:04','2022-09-10 03:29:48'),(4337,0,'en','plugins/payment/payment','shipping_address','Shipping Address','2022-09-10 03:29:04','2022-09-10 03:29:48'),(4338,0,'en','plugins/payment/payment','payment_details','Payment Details','2022-09-10 03:29:04','2022-09-10 03:29:48'),(4339,0,'en','plugins/payment/payment','card','Card','2022-09-10 03:29:04','2022-09-10 03:29:48'),(4340,0,'en','plugins/payment/payment','address','Address','2022-09-10 03:29:04','2022-09-10 03:29:48'),(4341,0,'en','plugins/payment/payment','could_not_get_stripe_token','Could not get Stripe token to make a charge.','2022-09-10 03:29:04','2022-09-10 03:29:48'),(4342,0,'en','plugins/payment/payment','payment_id','Payment ID','2022-09-10 03:29:04','2022-09-10 03:29:48'),(4343,0,'en','plugins/payment/payment','payment_methods','Payment methods','2022-09-10 03:29:04','2022-09-10 03:29:48'),(4344,0,'en','plugins/payment/payment','transactions','Transactions','2022-09-10 03:29:04','2022-09-10 03:29:48'),(4345,0,'en','plugins/payment/payment','payment_methods_description','Setup payment methods for website','2022-09-10 03:29:04','2022-09-10 03:29:48'),(4346,0,'en','plugins/payment/payment','paypal_description','Customer can buy product and pay directly via PayPal','2022-09-10 03:29:04','2022-09-10 03:29:48'),(4347,0,'en','plugins/payment/payment','use','Use','2022-09-10 03:29:05','2022-09-10 03:29:48'),(4348,0,'en','plugins/payment/payment','stripe_description','Customer can buy product and pay directly using Visa, Credit card via Stripe','2022-09-10 03:29:05','2022-09-10 03:29:48'),(4349,0,'en','plugins/payment/payment','edit','Edit','2022-09-10 03:29:05','2022-09-10 03:29:48'),(4350,0,'en','plugins/payment/payment','settings','Settings','2022-09-10 03:29:05','2022-09-10 03:29:48'),(4351,0,'en','plugins/payment/payment','activate','Activate','2022-09-10 03:29:05','2022-09-10 03:29:48'),(4352,0,'en','plugins/payment/payment','deactivate','Deactivate','2022-09-10 03:29:05','2022-09-10 03:29:48'),(4353,0,'en','plugins/payment/payment','update','Update','2022-09-10 03:29:05','2022-09-10 03:29:48'),(4354,0,'en','plugins/payment/payment','configuration_instruction','Configuration instruction for :name','2022-09-10 03:29:05','2022-09-10 03:29:48'),(4355,0,'en','plugins/payment/payment','configuration_requirement','To use :name, you need','2022-09-10 03:29:05','2022-09-10 03:29:48'),(4356,0,'en','plugins/payment/payment','service_registration','Register with :name','2022-09-10 03:29:05','2022-09-10 03:29:48'),(4357,0,'en','plugins/payment/payment','after_service_registration_msg','After registration at :name, you will have Client ID, Client Secret','2022-09-10 03:29:05','2022-09-10 03:29:48'),(4358,0,'en','plugins/payment/payment','enter_client_id_and_secret','Enter Client ID, Secret into the box in right hand','2022-09-10 03:29:05','2022-09-10 03:29:48'),(4359,0,'en','plugins/payment/payment','method_name','Method name','2022-09-10 03:29:05','2022-09-10 03:29:48'),(4360,0,'en','plugins/payment/payment','please_provide_information','Please provide information','2022-09-10 03:29:05','2022-09-10 03:29:48'),(4361,0,'en','plugins/payment/payment','client_id','Client ID','2022-09-10 03:29:05','2022-09-10 03:29:48'),(4362,0,'en','plugins/payment/payment','client_secret','Client Secret','2022-09-10 03:29:05','2022-09-10 03:29:48'),(4363,0,'en','plugins/payment/payment','secret','Secret','2022-09-10 03:29:05','2022-09-10 03:29:48'),(4364,0,'en','plugins/payment/payment','stripe_key','Stripe Public Key','2022-09-10 03:29:05','2022-09-10 03:29:48'),(4365,0,'en','plugins/payment/payment','stripe_secret','Stripe Private Key','2022-09-10 03:29:05','2022-09-10 03:29:48'),(4366,0,'en','plugins/payment/payment','stripe_after_service_registration_msg','After registration at :name, you will have Public, Secret keys','2022-09-10 03:29:05','2022-09-10 03:29:48'),(4367,0,'en','plugins/payment/payment','stripe_enter_client_id_and_secret','Enter Public, Secret keys into the box in right hand','2022-09-10 03:29:05','2022-09-10 03:29:48'),(4368,0,'en','plugins/payment/payment','pay_online_via','Pay online via :name','2022-09-10 03:29:05','2022-09-10 03:29:48'),(4369,0,'en','plugins/payment/payment','sandbox_mode','Sandbox mode','2022-09-10 03:29:05','2022-09-10 03:29:48'),(4370,0,'en','plugins/payment/payment','deactivate_payment_method','Deactivate payment method','2022-09-10 03:29:05','2022-09-10 03:29:48'),(4371,0,'en','plugins/payment/payment','deactivate_payment_method_description','Do you really want to deactivate this payment method?','2022-09-10 03:29:05','2022-09-10 03:29:48'),(4372,0,'en','plugins/payment/payment','agree','Agree','2022-09-10 03:29:05','2022-09-10 03:29:48'),(4373,0,'en','plugins/payment/payment','name','Payments','2022-09-10 03:29:05','2022-09-10 03:29:48'),(4374,0,'en','plugins/payment/payment','create','New payment','2022-09-10 03:29:05','2022-09-10 03:29:48'),(4375,0,'en','plugins/payment/payment','go_back','Go back','2022-09-10 03:29:05','2022-09-10 03:29:48'),(4376,0,'en','plugins/payment/payment','information','Information','2022-09-10 03:29:05','2022-09-10 03:29:48'),(4377,0,'en','plugins/payment/payment','methods.paypal','PayPal','2022-09-10 03:29:05','2022-09-10 03:29:48'),(4378,0,'en','plugins/payment/payment','methods.cod','Cash on delivery (COD)','2022-09-10 03:29:05','2022-09-10 03:29:48'),(4379,0,'en','plugins/payment/payment','methods.bank_transfer','Bank transfer','2022-09-10 03:29:05','2022-09-10 03:29:48'),(4380,0,'en','plugins/payment/payment','statuses.pending','Pending','2022-09-10 03:29:05','2022-09-10 03:29:48'),(4381,0,'en','plugins/payment/payment','statuses.completed','Completed','2022-09-10 03:29:05','2022-09-10 03:29:48'),(4382,0,'en','plugins/payment/payment','statuses.refunding','Refunding','2022-09-10 03:29:05','2022-09-10 03:29:48'),(4383,0,'en','plugins/payment/payment','statuses.refunded','Refunded','2022-09-10 03:29:05','2022-09-10 03:29:48'),(4384,0,'en','plugins/payment/payment','statuses.fraud','Fraud','2022-09-10 03:29:05','2022-09-10 03:29:48'),(4385,0,'en','plugins/payment/payment','statuses.failed','Failed','2022-09-10 03:29:05','2022-09-10 03:29:48'),(4386,0,'en','plugins/payment/payment','payment_methods_instruction','Guide customers to pay directly. You can choose to pay by delivery or bank transfer','2022-09-10 03:29:05','2022-09-10 03:29:48'),(4387,0,'en','plugins/payment/payment','payment_method_description','Payment guide - (Displayed on the notice of successful purchase and payment page)','2022-09-10 03:29:05','2022-09-10 03:29:48'),(4388,0,'en','plugins/payment/payment','payment_via_cod','Cash on delivery (COD)','2022-09-10 03:29:05','2022-09-10 03:29:48'),(4389,0,'en','plugins/payment/payment','payment_via_bank_transfer','Bank transfer','2022-09-10 03:29:05','2022-09-10 03:29:48'),(4390,0,'en','plugins/payment/payment','payment_pending','Checkout successfully. Your payment is pending and will be checked by our staff.','2022-09-10 03:29:05','2022-09-10 03:29:48'),(4391,0,'en','plugins/payment/payment','created_at','Created At','2022-09-10 03:29:05','2022-09-10 03:29:48'),(4392,0,'en','plugins/payment/payment','payment_channel','Payment Channel','2022-09-10 03:29:05','2022-09-10 03:29:48'),(4393,0,'en','plugins/payment/payment','total','Total','2022-09-10 03:29:05','2022-09-10 03:29:48'),(4394,0,'en','plugins/payment/payment','status','Status','2022-09-10 03:29:05','2022-09-10 03:29:48'),(4395,0,'en','plugins/payment/payment','default_payment_method','Default payment method','2022-09-10 03:29:05','2022-09-10 03:29:48'),(4396,0,'en','plugins/payment/payment','turn_off_success','Turn off payment method successfully!','2022-09-10 03:29:05','2022-09-10 03:29:48'),(4397,0,'en','plugins/payment/payment','saved_payment_method_success','Saved payment method successfully!','2022-09-10 03:29:05','2022-09-10 03:29:48'),(4398,0,'en','plugins/payment/payment','saved_payment_settings_success','Saved payment settings successfully!','2022-09-10 03:29:05','2022-09-10 03:29:48'),(4399,0,'en','plugins/payment/payment','payment_name','Name','2022-09-10 03:29:05','2022-09-10 03:29:48'),(4400,0,'en','plugins/payment/payment','payment_not_found','Payment not found!','2022-09-10 03:29:05','2022-09-10 03:29:48'),(4401,0,'en','plugins/payment/payment','refunds.title','Refunds','2022-09-10 03:29:05','2022-09-10 03:29:48'),(4402,0,'en','plugins/payment/payment','refunds.id','ID','2022-09-10 03:29:05','2022-09-10 03:29:48'),(4403,0,'en','plugins/payment/payment','refunds.breakdowns','Breakdowns','2022-09-10 03:29:05','2022-09-10 03:29:48'),(4404,0,'en','plugins/payment/payment','refunds.gross_amount','Gross amount','2022-09-10 03:29:05','2022-09-10 03:29:48'),(4405,0,'en','plugins/payment/payment','refunds.paypal_fee','PayPal fee','2022-09-10 03:29:05','2022-09-10 03:29:48'),(4406,0,'en','plugins/payment/payment','refunds.net_amount','Net amount','2022-09-10 03:29:05','2022-09-10 03:29:48'),(4407,0,'en','plugins/payment/payment','refunds.total_refunded_amount','Total refunded amount','2022-09-10 03:29:05','2022-09-10 03:29:48'),(4408,0,'en','plugins/payment/payment','refunds.create_time','Create time','2022-09-10 03:29:05','2022-09-10 03:29:48'),(4409,0,'en','plugins/payment/payment','refunds.update_time','Update time','2022-09-10 03:29:05','2022-09-10 03:29:48'),(4410,0,'en','plugins/payment/payment','refunds.status','Status','2022-09-10 03:29:05','2022-09-10 03:29:48'),(4411,0,'en','plugins/payment/payment','refunds.description','Description','2022-09-10 03:29:05','2022-09-10 03:29:48'),(4412,0,'en','plugins/payment/payment','refunds.refunded_at','Refunded at','2022-09-10 03:29:05','2022-09-10 03:29:48'),(4413,0,'en','plugins/payment/payment','refunds.error_message','Error message','2022-09-10 03:29:05','2022-09-10 03:29:48'),(4414,0,'en','plugins/payment/payment','view_response_source','View response source','2022-09-10 03:29:05','2022-09-10 03:29:48'),(4415,0,'en','plugins/payment/payment','status_is_not_completed','Status is not COMPLETED','2022-09-10 03:29:05','2022-09-10 03:29:48'),(4416,0,'en','plugins/payment/payment','cannot_found_capture_id','Can not found capture id with payment detail','2022-09-10 03:29:05','2022-09-10 03:29:48'),(4417,0,'en','plugins/payment/payment','amount_refunded','Amount refunded','2022-09-10 03:29:05','2022-09-10 03:29:48'),(4418,0,'en','plugins/payment/payment','amount_remaining','Amount remaining','2022-09-10 03:29:05','2022-09-10 03:29:48'),(4419,0,'en','plugins/payment/payment','paid_at','Paid At','2022-09-10 03:29:05','2022-09-10 03:29:48'),(4420,0,'en','plugins/payment/payment','invalid_settings','Settings for :name are invalid!','2022-09-10 03:29:05','2022-09-10 03:29:48'),(4421,0,'en','plugins/payment/payment','view_transaction','Transaction \":charge_id\"','2022-09-10 03:29:05','2022-09-10 03:29:48'),(4422,0,'en','plugins/payment/payment','payment_description','Pay for your order #:order_id at :site_url','2022-09-10 03:29:05','2022-09-10 03:29:48'),(4423,0,'vi','plugins/payment/payment','payments','Thanh toán','2022-09-10 03:29:05','2022-09-10 03:29:48'),(4424,0,'vi','plugins/payment/payment','checkout_success','Thanh toán thành công!','2022-09-10 03:29:05','2022-09-10 03:29:48'),(4425,0,'vi','plugins/payment/payment','view_payment','Xem thanh toán #','2022-09-10 03:29:05','2022-09-10 03:29:48'),(4426,0,'vi','plugins/payment/payment','charge_id','Mã thanh toán','2022-09-10 03:29:05','2022-09-10 03:29:48'),(4427,0,'vi','plugins/payment/payment','amount','Số tiền','2022-09-10 03:29:05','2022-09-10 03:29:48'),(4428,0,'vi','plugins/payment/payment','currency','Loại tiền tệ','2022-09-10 03:29:05','2022-09-10 03:29:48'),(4429,0,'vi','plugins/payment/payment','user','Người dùng','2022-09-10 03:29:05','2022-09-10 03:29:48'),(4430,0,'vi','plugins/payment/payment','stripe','Stripe','2022-09-10 03:29:05','2022-09-10 03:29:48'),(4431,0,'vi','plugins/payment/payment','paypal','PayPal','2022-09-10 03:29:05','2022-09-10 03:29:48'),(4432,0,'vi','plugins/payment/payment','action','Hành động','2022-09-10 03:29:05','2022-09-10 03:29:48'),(4433,0,'vi','plugins/payment/payment','payment_via_card','Thanh toán qua thẻ','2022-09-10 03:29:05','2022-09-10 03:29:48'),(4434,0,'vi','plugins/payment/payment','card_number','Số thẻ','2022-09-10 03:29:05','2022-09-10 03:29:48'),(4435,0,'vi','plugins/payment/payment','full_name','Họ tên','2022-09-10 03:29:05','2022-09-10 03:29:48'),(4436,0,'vi','plugins/payment/payment','payment_via_paypal','Thanh toán qua PayPal','2022-09-10 03:29:05','2022-09-10 03:29:48'),(4437,0,'vi','plugins/payment/payment','mm_yy','MM/YY','2022-09-10 03:29:05','2022-09-10 03:29:48'),(4438,0,'vi','plugins/payment/payment','cvc','CVC','2022-09-10 03:29:05','2022-09-10 03:29:48'),(4439,0,'vi','plugins/payment/payment','details','Chi tiết','2022-09-10 03:29:05','2022-09-10 03:29:48'),(4440,0,'vi','plugins/payment/payment','payer_name','Tên người mua','2022-09-10 03:29:05','2022-09-10 03:29:48'),(4441,0,'vi','plugins/payment/payment','email','Email','2022-09-10 03:29:05','2022-09-10 03:29:48'),(4442,0,'vi','plugins/payment/payment','phone','Điện thoại','2022-09-10 03:29:05','2022-09-10 03:29:48'),(4443,0,'vi','plugins/payment/payment','country','Quốc gia','2022-09-10 03:29:05','2022-09-10 03:29:48'),(4444,0,'vi','plugins/payment/payment','shipping_address','Địa chỉ giao hàng','2022-09-10 03:29:05','2022-09-10 03:29:48'),(4445,0,'vi','plugins/payment/payment','payment_details','Chi tiết thanh toán','2022-09-10 03:29:05','2022-09-10 03:29:48'),(4446,0,'vi','plugins/payment/payment','card','Thẻ','2022-09-10 03:29:05','2022-09-10 03:29:48'),(4447,0,'vi','plugins/payment/payment','address','Địa chỉ','2022-09-10 03:29:05','2022-09-10 03:29:48'),(4448,0,'vi','plugins/payment/payment','could_not_get_stripe_token','Không thể lấy mã Stripe để thanh toán.','2022-09-10 03:29:05','2022-09-10 03:29:48'),(4449,0,'vi','plugins/payment/payment','payment_id','Mã thanh toán','2022-09-10 03:29:05','2022-09-10 03:29:48'),(4450,0,'vi','plugins/payment/payment','payment_methods','Phương thức thanh toán','2022-09-10 03:29:05','2022-09-10 03:29:48'),(4451,0,'vi','plugins/payment/payment','transactions','Lịch sử giao dịch','2022-09-10 03:29:05','2022-09-10 03:29:48'),(4452,0,'vi','plugins/payment/payment','payment_methods_description','Cài đặt các phương thức thanh toán cho website','2022-09-10 03:29:05','2022-09-10 03:29:48'),(4453,0,'vi','plugins/payment/payment','paypal_description','Khách hàng có thể mua hàng và thanh toán trực tiếp thông qua cổng thanh toán PayPal','2022-09-10 03:29:05','2022-09-10 03:29:48'),(4454,0,'vi','plugins/payment/payment','use','Dùng','2022-09-10 03:29:05','2022-09-10 03:29:48'),(4455,0,'vi','plugins/payment/payment','stripe_description','Khách hàng có thể mua hàng và thanh toán bằng Visa, Credit card thông qua cổng thanh toán Stripe','2022-09-10 03:29:05','2022-09-10 03:29:48'),(4456,0,'vi','plugins/payment/payment','edit','Chỉnh sửa','2022-09-10 03:29:05','2022-09-10 03:29:48'),(4457,0,'vi','plugins/payment/payment','settings','Cài đặt','2022-09-10 03:29:05','2022-09-10 03:29:48'),(4458,0,'vi','plugins/payment/payment','activate','Kích hoạt','2022-09-10 03:29:05','2022-09-10 03:29:48'),(4459,0,'vi','plugins/payment/payment','deactivate','Huỷ kích hoạt','2022-09-10 03:29:05','2022-09-10 03:29:48'),(4460,0,'vi','plugins/payment/payment','update','Cập nhật','2022-09-10 03:29:05','2022-09-10 03:29:48'),(4461,0,'vi','plugins/payment/payment','configuration_instruction','Hướng dẫn cấu hình :name','2022-09-10 03:29:05','2022-09-10 03:29:48'),(4462,0,'vi','plugins/payment/payment','configuration_requirement','Để sử dụng :name bạn cần','2022-09-10 03:29:05','2022-09-10 03:29:48'),(4463,0,'vi','plugins/payment/payment','service_registration','Đăng ký dịch vụ với :name','2022-09-10 03:29:05','2022-09-10 03:29:48'),(4464,0,'vi','plugins/payment/payment','after_service_registration_msg','Sau khi hoàn tất các bước đăng ký tại :name, bạn sẽ có các thông số Client ID, Client Secret','2022-09-10 03:29:05','2022-09-10 03:29:48'),(4465,0,'vi','plugins/payment/payment','enter_client_id_and_secret','Nhập các thông số Client ID, Secret vào ô bên phải','2022-09-10 03:29:05','2022-09-10 03:29:48'),(4466,0,'vi','plugins/payment/payment','method_name','Tên phương thức','2022-09-10 03:29:05','2022-09-10 03:29:48'),(4467,0,'vi','plugins/payment/payment','please_provide_information','Xin vui lòng cung cấp thông tin','2022-09-10 03:29:05','2022-09-10 03:29:48'),(4468,0,'vi','plugins/payment/payment','client_id','Client ID','2022-09-10 03:29:05','2022-09-10 03:29:48'),(4469,0,'vi','plugins/payment/payment','client_secret','Client Secret','2022-09-10 03:29:06','2022-09-10 03:29:48'),(4470,0,'vi','plugins/payment/payment','stripe_key','Stripe Key','2022-09-10 03:29:06','2022-09-10 03:29:48'),(4471,0,'vi','plugins/payment/payment','stripe_secret','Stripe Secret','2022-09-10 03:29:06','2022-09-10 03:29:48'),(4472,0,'vi','plugins/payment/payment','stripe_after_service_registration_msg','After registration at :name, you will have Public, Secret keys','2022-09-10 03:29:06','2022-09-10 03:29:48'),(4473,0,'vi','plugins/payment/payment','stripe_enter_client_id_and_secret','Enter Public, Secret keys into the box in right hand','2022-09-10 03:29:06','2022-09-10 03:29:48'),(4474,0,'vi','plugins/payment/payment','secret','Secret','2022-09-10 03:29:06','2022-09-10 03:29:48'),(4475,0,'vi','plugins/payment/payment','pay_online_via','Thanh toán online qua :name','2022-09-10 03:29:06','2022-09-10 03:29:48'),(4476,0,'vi','plugins/payment/payment','sandbox_mode','Chế độ thử nghiệm','2022-09-10 03:29:06','2022-09-10 03:29:48'),(4477,0,'vi','plugins/payment/payment','deactivate_payment_method','Huỷ kích hoạt phương thức','2022-09-10 03:29:06','2022-09-10 03:29:48'),(4478,0,'vi','plugins/payment/payment','deactivate_payment_method_description','Bạn có chắc chắn muốn huỷ phương thức thành toán này?','2022-09-10 03:29:06','2022-09-10 03:29:48'),(4479,0,'vi','plugins/payment/payment','agree','Đồng ý','2022-09-10 03:29:06','2022-09-10 03:29:48'),(4480,0,'vi','plugins/payment/payment','name','Thanh toán','2022-09-10 03:29:06','2022-09-10 03:29:48'),(4481,0,'vi','plugins/payment/payment','create','Thêm thanh toán mới','2022-09-10 03:29:06','2022-09-10 03:29:48'),(4482,0,'vi','plugins/payment/payment','go_back','Trở lại','2022-09-10 03:29:06','2022-09-10 03:29:48'),(4483,0,'vi','plugins/payment/payment','information','Thông tin','2022-09-10 03:29:06','2022-09-10 03:29:48'),(4484,0,'vi','plugins/payment/payment','methods.paypal','PayPal','2022-09-10 03:29:06','2022-09-10 03:29:48'),(4485,0,'vi','plugins/payment/payment','methods.cod','Thanh toán khi giao hàng (COD)','2022-09-10 03:29:06','2022-09-10 03:29:48'),(4486,0,'vi','plugins/payment/payment','methods.bank_transfer','Chuyển khoản qua ngân hàng','2022-09-10 03:29:06','2022-09-10 03:29:48'),(4487,0,'vi','plugins/payment/payment','statuses.pending','Chưa hoàn tất','2022-09-10 03:29:06','2022-09-10 03:29:48'),(4488,0,'vi','plugins/payment/payment','statuses.completed','Đã hoàn thành','2022-09-10 03:29:06','2022-09-10 03:29:48'),(4489,0,'vi','plugins/payment/payment','statuses.refunding','Đang hoàn tiền','2022-09-10 03:29:06','2022-09-10 03:29:48'),(4490,0,'vi','plugins/payment/payment','statuses.refunded','Đã hoàn tiền','2022-09-10 03:29:06','2022-09-10 03:29:48'),(4491,0,'vi','plugins/payment/payment','statuses.fraud','Gian lận','2022-09-10 03:29:06','2022-09-10 03:29:48'),(4492,0,'vi','plugins/payment/payment','statuses.failed','Thất bại','2022-09-10 03:29:06','2022-09-10 03:29:48'),(4493,0,'vi','plugins/payment/payment','payment_methods_instruction','Hướng dẫn khách hàng thanh toán trực tiếp. Có thể chọn thanh toán khi giao hàng hoặc chuyển khoản','2022-09-10 03:29:06','2022-09-10 03:29:48'),(4494,0,'vi','plugins/payment/payment','payment_method_description','Hướng dẫn thanh toán – (Hiển thị ở trang thông báo mua hàng thành công và trang thanh toán)','2022-09-10 03:29:06','2022-09-10 03:29:48'),(4495,0,'vi','plugins/payment/payment','payment_via_cod','Thanh toán khi nhận hàng (COD)','2022-09-10 03:29:06','2022-09-10 03:29:48'),(4496,0,'vi','plugins/payment/payment','payment_via_bank_transfer','Chuyển khoản qua ngân hàng','2022-09-10 03:29:06','2022-09-10 03:29:48'),(4497,0,'vi','plugins/payment/payment','payment_pending','Thực hiện thành công. Thanh toán của bạn đang được xử lý và sẽ được xác nhận bởi nhân viên.','2022-09-10 03:29:06','2022-09-10 03:29:48'),(4498,0,'vi','plugins/payment/payment','created_at','Ngày tạo','2022-09-10 03:29:06','2022-09-10 03:29:48'),(4499,0,'vi','plugins/payment/payment','payment_channel','Phương thức thanh toán','2022-09-10 03:29:06','2022-09-10 03:29:48'),(4500,0,'vi','plugins/payment/payment','total','Tổng cộng','2022-09-10 03:29:06','2022-09-10 03:29:48'),(4501,0,'vi','plugins/payment/payment','status','Trạng thái','2022-09-10 03:29:06','2022-09-10 03:29:48'),(4502,0,'vi','plugins/payment/payment','default_payment_method','Phương thức thanh toán mặc định','2022-09-10 03:29:06','2022-09-10 03:29:48'),(4503,0,'en','plugins/simple-slider/simple-slider','create','New slider','2022-09-10 03:29:06','2022-09-10 03:29:48'),(4504,0,'en','plugins/simple-slider/simple-slider','edit','Edit slider','2022-09-10 03:29:06','2022-09-10 03:29:48'),(4505,0,'en','plugins/simple-slider/simple-slider','menu','Simple sliders','2022-09-10 03:29:06','2022-09-10 03:29:48'),(4506,0,'en','plugins/simple-slider/simple-slider','settings.title','Simple sliders','2022-09-10 03:29:06','2022-09-10 03:29:48'),(4507,0,'en','plugins/simple-slider/simple-slider','settings.description','Settings for Simple sliders','2022-09-10 03:29:06','2022-09-10 03:29:48'),(4508,0,'en','plugins/simple-slider/simple-slider','settings.using_assets','Using default assets?','2022-09-10 03:29:06','2022-09-10 03:29:48'),(4509,0,'en','plugins/simple-slider/simple-slider','settings.using_assets_description','If using assets option is enabled then below scripts will be auto added to front site.','2022-09-10 03:29:06','2022-09-10 03:29:48'),(4510,0,'en','plugins/simple-slider/simple-slider','add_new','Add new','2022-09-10 03:29:06','2022-09-10 03:29:48'),(4511,0,'en','plugins/simple-slider/simple-slider','save_sorting','Save sorting','2022-09-10 03:29:06','2022-09-10 03:29:48'),(4512,0,'en','plugins/simple-slider/simple-slider','key','Key','2022-09-10 03:29:06','2022-09-10 03:29:48'),(4513,0,'en','plugins/simple-slider/simple-slider','slide_items','Slide Items','2022-09-10 03:29:06','2022-09-10 03:29:48'),(4514,0,'en','plugins/simple-slider/simple-slider','update_slide_position_success','Updated slide position successfully!','2022-09-10 03:29:06','2022-09-10 03:29:48'),(4515,0,'en','plugins/simple-slider/simple-slider','create_new_slide','Create a new slide','2022-09-10 03:29:06','2022-09-10 03:29:48'),(4516,0,'en','plugins/simple-slider/simple-slider','edit_slide','Edit slide #:id','2022-09-10 03:29:06','2022-09-10 03:29:48'),(4517,0,'en','plugins/simple-slider/simple-slider','simple_slider_shortcode_name','Simple Slider','2022-09-10 03:29:06','2022-09-10 03:29:48'),(4518,0,'en','plugins/simple-slider/simple-slider','simple_slider_shortcode_description','Add a simple slider','2022-09-10 03:29:06','2022-09-10 03:29:48'),(4519,0,'en','plugins/simple-slider/simple-slider','select_slider','Select a slider','2022-09-10 03:29:06','2022-09-10 03:29:48'),(4520,0,'vi','plugins/simple-slider/simple-slider','create','Thêm mới slider','2022-09-10 03:29:06','2022-09-10 03:29:48'),(4521,0,'vi','plugins/simple-slider/simple-slider','edit','Sửa slider','2022-09-10 03:29:06','2022-09-10 03:29:48'),(4522,0,'vi','plugins/simple-slider/simple-slider','menu','Sliders','2022-09-10 03:29:06','2022-09-10 03:29:48'),(4523,0,'vi','plugins/simple-slider/simple-slider','settings.description','Cài đặt cho Simple Sliders','2022-09-10 03:29:06','2022-09-10 03:29:48'),(4524,0,'vi','plugins/simple-slider/simple-slider','settings.title','Simple sliders','2022-09-10 03:29:06','2022-09-10 03:29:48'),(4525,0,'vi','plugins/simple-slider/simple-slider','settings.using_assets','Sử dụng assets mặc định?','2022-09-10 03:29:06','2022-09-10 03:29:48'),(4526,0,'vi','plugins/simple-slider/simple-slider','settings.using_assets_description','Nếu tùy chọn này được bật, những scripts bên dưới sẽ được thêm vào website của bạn.','2022-09-10 03:29:06','2022-09-10 03:29:48'),(4527,0,'en','plugins/social-login/social-login','settings.title','Social Login settings','2022-09-10 03:29:06','2022-09-10 03:29:48'),(4528,0,'en','plugins/social-login/social-login','settings.description','Configure social login options','2022-09-10 03:29:06','2022-09-10 03:29:48'),(4529,0,'en','plugins/social-login/social-login','settings.facebook.title','Facebook login settings','2022-09-10 03:29:06','2022-09-10 03:29:48'),(4530,0,'en','plugins/social-login/social-login','settings.facebook.description','Enable/disable & configure app credentials for Facebook login','2022-09-10 03:29:06','2022-09-10 03:29:48'),(4531,0,'en','plugins/social-login/social-login','settings.facebook.app_id','App ID','2022-09-10 03:29:06','2022-09-10 03:29:48'),(4532,0,'en','plugins/social-login/social-login','settings.facebook.app_secret','App Secret','2022-09-10 03:29:06','2022-09-10 03:29:48'),(4533,0,'en','plugins/social-login/social-login','settings.facebook.helper','Please go to https://developers.facebook.com to create new app update App ID, App Secret. Callback URL is :callback','2022-09-10 03:29:06','2022-09-10 03:29:48'),(4534,0,'en','plugins/social-login/social-login','settings.google.title','Google login settings','2022-09-10 03:29:06','2022-09-10 03:29:48'),(4535,0,'en','plugins/social-login/social-login','settings.google.description','Enable/disable & configure app credentials for Google login','2022-09-10 03:29:06','2022-09-10 03:29:48'),(4536,0,'en','plugins/social-login/social-login','settings.google.app_id','App ID','2022-09-10 03:29:06','2022-09-10 03:29:48'),(4537,0,'en','plugins/social-login/social-login','settings.google.app_secret','App Secret','2022-09-10 03:29:06','2022-09-10 03:29:48'),(4538,0,'en','plugins/social-login/social-login','settings.google.helper','Please go to https://console.developers.google.com/apis/dashboard to create new app update App ID, App Secret. Callback URL is :callback','2022-09-10 03:29:06','2022-09-10 03:29:48'),(4539,0,'en','plugins/social-login/social-login','settings.github.title','Github login settings','2022-09-10 03:29:06','2022-09-10 03:29:48'),(4540,0,'en','plugins/social-login/social-login','settings.github.description','Enable/disable & configure app credentials for Github login','2022-09-10 03:29:06','2022-09-10 03:29:48'),(4541,0,'en','plugins/social-login/social-login','settings.github.app_id','App ID','2022-09-10 03:29:06','2022-09-10 03:29:48'),(4542,0,'en','plugins/social-login/social-login','settings.github.app_secret','App Secret','2022-09-10 03:29:06','2022-09-10 03:29:48'),(4543,0,'en','plugins/social-login/social-login','settings.github.helper','Please go to https://github.com/settings/developers to create new app update App ID, App Secret. Callback URL is :callback','2022-09-10 03:29:06','2022-09-10 03:29:48'),(4544,0,'en','plugins/social-login/social-login','settings.linkedin.title','Linkedin login settings','2022-09-10 03:29:06','2022-09-10 03:29:48'),(4545,0,'en','plugins/social-login/social-login','settings.linkedin.description','Enable/disable & configure app credentials for Linkedin login','2022-09-10 03:29:06','2022-09-10 03:29:48'),(4546,0,'en','plugins/social-login/social-login','settings.linkedin.app_id','App ID','2022-09-10 03:29:06','2022-09-10 03:29:48'),(4547,0,'en','plugins/social-login/social-login','settings.linkedin.app_secret','App Secret','2022-09-10 03:29:06','2022-09-10 03:29:48'),(4548,0,'en','plugins/social-login/social-login','settings.linkedin.helper','Please go to https://www.linkedin.com/developers/apps/new to create new app update App ID, App Secret. Callback URL is :callback','2022-09-10 03:29:06','2022-09-10 03:29:48'),(4549,0,'en','plugins/social-login/social-login','settings.enable','Enable?','2022-09-10 03:29:06','2022-09-10 03:29:48'),(4550,0,'en','plugins/social-login/social-login','menu','Social Login','2022-09-10 03:29:06','2022-09-10 03:29:48'),(4551,0,'vi','plugins/social-login/social-login','settings.title','Social Login settings','2022-09-10 03:29:06','2022-09-10 03:29:48'),(4552,0,'vi','plugins/social-login/social-login','settings.description','Cấu hình tùy chọn đăng nhập thông qua mạng xã hội','2022-09-10 03:29:06','2022-09-10 03:29:48'),(4553,0,'vi','plugins/social-login/social-login','settings.facebook.title','Facebook login settings','2022-09-10 03:29:06','2022-09-10 03:29:48'),(4554,0,'vi','plugins/social-login/social-login','settings.facebook.description','Enable/disable & configure app credentials for Facebook login','2022-09-10 03:29:06','2022-09-10 03:29:48'),(4555,0,'vi','plugins/social-login/social-login','settings.facebook.app_id','App ID','2022-09-10 03:29:06','2022-09-10 03:29:48'),(4556,0,'vi','plugins/social-login/social-login','settings.facebook.app_secret','App Secret','2022-09-10 03:29:06','2022-09-10 03:29:48'),(4557,0,'vi','plugins/social-login/social-login','settings.facebook.helper','Please go to https://developers.facebook.com to create new app update App ID, App Secret. Callback URL is :callback','2022-09-10 03:29:06','2022-09-10 03:29:48'),(4558,0,'vi','plugins/social-login/social-login','settings.google.title','Google login settings','2022-09-10 03:29:06','2022-09-10 03:29:48'),(4559,0,'vi','plugins/social-login/social-login','settings.google.description','Enable/disable & configure app credentials for Google login','2022-09-10 03:29:06','2022-09-10 03:29:48'),(4560,0,'vi','plugins/social-login/social-login','settings.google.app_id','App ID','2022-09-10 03:29:06','2022-09-10 03:29:48'),(4561,0,'vi','plugins/social-login/social-login','settings.google.app_secret','App Secret','2022-09-10 03:29:06','2022-09-10 03:29:48'),(4562,0,'vi','plugins/social-login/social-login','settings.google.helper','Please go to https://console.developers.google.com/apis/dashboard to create new app update App ID, App Secret. Callback URL is :callback','2022-09-10 03:29:06','2022-09-10 03:29:48'),(4563,0,'vi','plugins/social-login/social-login','settings.github.title','Github login settings','2022-09-10 03:29:06','2022-09-10 03:29:48'),(4564,0,'vi','plugins/social-login/social-login','settings.github.description','Enable/disable & configure app credentials for Github login','2022-09-10 03:29:06','2022-09-10 03:29:48'),(4565,0,'vi','plugins/social-login/social-login','settings.github.app_id','App ID','2022-09-10 03:29:06','2022-09-10 03:29:48'),(4566,0,'vi','plugins/social-login/social-login','settings.github.app_secret','App Secret','2022-09-10 03:29:06','2022-09-10 03:29:48'),(4567,0,'vi','plugins/social-login/social-login','settings.github.helper','Please go to https://github.com/settings/developers to create new app update App ID, App Secret. Callback URL is :callback','2022-09-10 03:29:06','2022-09-10 03:29:48'),(4568,0,'vi','plugins/social-login/social-login','settings.linkedin.title','Linkedin login settings','2022-09-10 03:29:06','2022-09-10 03:29:48'),(4569,0,'vi','plugins/social-login/social-login','settings.linkedin.description','Enable/disable & configure app credentials for Linkedin login','2022-09-10 03:29:06','2022-09-10 03:29:48'),(4570,0,'vi','plugins/social-login/social-login','settings.linkedin.app_id','App ID','2022-09-10 03:29:06','2022-09-10 03:29:48'),(4571,0,'vi','plugins/social-login/social-login','settings.linkedin.app_secret','App Secret','2022-09-10 03:29:06','2022-09-10 03:29:48'),(4572,0,'vi','plugins/social-login/social-login','settings.linkedin.helper','Please go to https://www.linkedin.com/developers/apps/new to create new app update App ID, App Secret. Callback URL is :callback','2022-09-10 03:29:06','2022-09-10 03:29:48'),(4573,0,'vi','plugins/social-login/social-login','settings.enable','Bật?','2022-09-10 03:29:06','2022-09-10 03:29:48'),(4574,0,'vi','plugins/social-login/social-login','menu','Đăng nhập mạng xã hội','2022-09-10 03:29:06','2022-09-10 03:29:48'),(4575,0,'en','plugins/translation/translation','translations','Translations','2022-09-10 03:29:06','2022-09-10 03:29:48'),(4576,0,'en','plugins/translation/translation','translations_description','Translate all words in system.','2022-09-10 03:29:06','2022-09-10 03:29:48'),(4577,0,'en','plugins/translation/translation','export_warning','Warning, translations are not visible until they are exported back to the :lang_path file, using \'php artisan cms:translations:export\' command or publish button.','2022-09-10 03:29:06','2022-09-10 03:29:48'),(4578,0,'en','plugins/translation/translation','import_done','Done importing, processed :counter items! Reload this page to refresh the groups!','2022-09-10 03:29:06','2022-09-10 03:29:48'),(4579,0,'en','plugins/translation/translation','translation_manager','Translations Manager','2022-09-10 03:29:06','2022-09-10 03:29:48'),(4580,0,'en','plugins/translation/translation','done_publishing','Done publishing the translations for group','2022-09-10 03:29:07','2022-09-10 03:29:48'),(4581,0,'en','plugins/translation/translation','append_translation','Append new translations','2022-09-10 03:29:07','2022-09-10 03:29:48'),(4582,0,'en','plugins/translation/translation','replace_translation','Replace existing translations','2022-09-10 03:29:07','2022-09-10 03:29:48'),(4583,0,'en','plugins/translation/translation','import_group','Import group','2022-09-10 03:29:07','2022-09-10 03:29:48'),(4584,0,'en','plugins/translation/translation','confirm_publish_group','Are you sure you want to publish the translations group \":group\"? This will overwrite existing language files.','2022-09-10 03:29:07','2022-09-10 03:29:48'),(4585,0,'en','plugins/translation/translation','publish_translations','Publish translations','2022-09-10 03:29:07','2022-09-10 03:29:48'),(4586,0,'en','plugins/translation/translation','back','Back','2022-09-10 03:29:07','2022-09-10 03:29:48'),(4587,0,'en','plugins/translation/translation','edit_title','Enter translation','2022-09-10 03:29:07','2022-09-10 03:29:48'),(4588,0,'en','plugins/translation/translation','choose_group_msg','Choose a group to display the group translations. If no groups are visible, make sure you have imported the translations.','2022-09-10 03:29:07','2022-09-10 03:29:48'),(4589,0,'en','plugins/translation/translation','choose_a_group','Choose a group','2022-09-10 03:29:07','2022-09-10 03:29:48'),(4590,0,'en','plugins/translation/translation','locales','Locales','2022-09-10 03:29:07','2022-09-10 03:29:48'),(4591,0,'en','plugins/translation/translation','theme-translations','Theme translations','2022-09-10 03:29:07','2022-09-10 03:29:48'),(4592,0,'en','plugins/translation/translation','admin-translations','Other translations','2022-09-10 03:29:07','2022-09-10 03:29:48'),(4593,0,'en','plugins/translation/translation','translate_from','Translate from','2022-09-10 03:29:07','2022-09-10 03:29:48'),(4594,0,'en','plugins/translation/translation','to','to','2022-09-10 03:29:07','2022-09-10 03:29:48'),(4595,0,'en','plugins/translation/translation','no_other_languages','No other language to translate!','2022-09-10 03:29:07','2022-09-10 03:29:48'),(4596,0,'en','plugins/translation/translation','edit','Edit','2022-09-10 03:29:07','2022-09-10 03:29:48'),(4597,0,'en','plugins/translation/translation','locale','Locale','2022-09-10 03:29:07','2022-09-10 03:29:48'),(4598,0,'en','plugins/translation/translation','locale_placeholder','Ex: en','2022-09-10 03:29:07','2022-09-10 03:29:48'),(4599,0,'en','plugins/translation/translation','name','Name','2022-09-10 03:29:07','2022-09-10 03:29:48'),(4600,0,'en','plugins/translation/translation','default_locale','Default locale?','2022-09-10 03:29:07','2022-09-10 03:29:48'),(4601,0,'en','plugins/translation/translation','actions','Actions','2022-09-10 03:29:07','2022-09-10 03:29:48'),(4602,0,'en','plugins/translation/translation','choose_language','Choose language','2022-09-10 03:29:07','2022-09-10 03:29:48'),(4603,0,'en','plugins/translation/translation','add_new_language','Add new language','2022-09-10 03:29:07','2022-09-10 03:29:48'),(4604,0,'en','plugins/translation/translation','select_language','Select language','2022-09-10 03:29:07','2022-09-10 03:29:48'),(4605,0,'en','plugins/translation/translation','flag','Flag','2022-09-10 03:29:07','2022-09-10 03:29:48'),(4606,0,'en','plugins/translation/translation','folder_is_not_writeable','Cannot write files! Folder :lang_path is not writable. Please chmod to make it writable!','2022-09-10 03:29:07','2022-09-10 03:29:48'),(4607,0,'en','plugins/translation/translation','delete','Delete','2022-09-10 03:29:07','2022-09-10 03:29:48'),(4608,0,'en','plugins/translation/translation','confirm_delete_message','Do you really want to delete this locale? It will delete all files/folders for this local in :lang_path!','2022-09-10 03:29:07','2022-09-10 03:29:48'),(4609,0,'en','plugins/translation/translation','download','Download','2022-09-10 03:29:07','2022-09-10 03:29:48'),(4610,0,'en','plugins/translation/translation','select_locale','Select locale','2022-09-10 03:29:07','2022-09-10 03:29:48'),(4611,0,'en','plugins/translation/translation','theme_translations_instruction','Click on text to translate. Do NOT translate variables, Eg. :username, :query, :link...','2022-09-10 03:29:07','2022-09-10 03:29:48'),(4612,0,'en','plugins/translation/translation','import_available_locale','Or import available locale from our GitHub repository','2022-09-10 03:29:07','2022-09-10 03:29:48'),(4613,0,'en','plugins/translation/translation','add_new_locale','Add new locale','2022-09-10 03:29:07','2022-09-10 03:29:48'),(4614,0,'en','plugins/translation/translation','download_locale','Download locale','2022-09-10 03:29:07','2022-09-10 03:29:48'),(4615,0,'en','plugins/translation/translation','import_available_locale_confirmation','Download locale from GitHub','2022-09-10 03:29:07','2022-09-10 03:29:48'),(4616,0,'en','plugins/translation/translation','import_available_locale_confirmation_content','Are you sure you want to download this locale? It will be downloaded into :lang_path, you can delete it later if you want.','2022-09-10 03:29:07','2022-09-10 03:29:48'),(4617,0,'en','plugins/translation/translation','is_default','Is default?','2022-09-10 03:29:07','2022-09-10 03:29:48'),(4618,0,'vi','plugins/translation/translation','append_translation','Tiếp nối bản dịch','2022-09-10 03:29:07','2022-09-10 03:29:48'),(4619,0,'vi','plugins/translation/translation','back','Quay lại','2022-09-10 03:29:07','2022-09-10 03:29:48'),(4620,0,'vi','plugins/translation/translation','choose_a_group','Chọn một nhóm','2022-09-10 03:29:07','2022-09-10 03:29:48'),(4621,0,'vi','plugins/translation/translation','choose_group_msg','Chọn một nhóm để hiển thị nhóm dịch thuật. Nếu nhóm không có sẵn, hãy chắc chắn là bạn đã chạy migrations và nhập dữ liệu dịch thuật.','2022-09-10 03:29:07','2022-09-10 03:29:48'),(4622,0,'vi','plugins/translation/translation','confirm_publish_group','Bạn có chắc muốn xuất bản nhóm \":group\"? Điều này sẽ ghi đè tập tin ngôn ngữ hiện tại.','2022-09-10 03:29:07','2022-09-10 03:29:48'),(4623,0,'vi','plugins/translation/translation','done_publishing','Xuất bản nhóm dịch thuật thành công','2022-09-10 03:29:07','2022-09-10 03:29:48'),(4624,0,'vi','plugins/translation/translation','edit_title','Nhập nội dung dịch','2022-09-10 03:29:07','2022-09-10 03:29:48'),(4625,0,'vi','plugins/translation/translation','export_warning','Cảnh báo, bản dịch sẽ không có sẵn cho đến khi chúng được xuất bản lại vào thư mục :lang_path, sử dụng lệnh \'php artisan cms:translations:export\' hoặc sử dụng nút xuất bản','2022-09-10 03:29:07','2022-09-10 03:29:48'),(4626,0,'vi','plugins/translation/translation','import_done','Nhập hoàn thành, đã xử lý :counter bản ghi!  ','2022-09-10 03:29:07','2022-09-10 03:29:48'),(4627,0,'vi','plugins/translation/translation','import_group','Nhập nhóm','2022-09-10 03:29:07','2022-09-10 03:29:48'),(4628,0,'vi','plugins/translation/translation','publish_translations','Xuất bản dịch thuật','2022-09-10 03:29:07','2022-09-10 03:29:48'),(4629,0,'vi','plugins/translation/translation','replace_translation','Thay thế bản dịch hiện tại','2022-09-10 03:29:07','2022-09-10 03:29:48'),(4630,0,'vi','plugins/translation/translation','translation_manager','Quản lý dịch thuật','2022-09-10 03:29:07','2022-09-10 03:29:48'),(4631,0,'vi','plugins/translation/translation','translations','Dịch thuật','2022-09-10 03:29:07','2022-09-10 03:29:48'),(4632,0,'vi','plugins/translation/translation','translations_description','Dịch tất cả các từ trong hệ thống','2022-09-10 03:29:07','2022-09-10 03:29:48'),(4633,0,'vi','plugins/translation/translation','actions','Hành động','2022-09-10 03:29:07','2022-09-10 03:29:48'),(4634,0,'vi','plugins/translation/translation','add_new_language','Thêm ngôn ngữ mới','2022-09-10 03:29:07','2022-09-10 03:29:48'),(4635,0,'vi','plugins/translation/translation','admin-translations','Dịch các mục khác','2022-09-10 03:29:07','2022-09-10 03:29:48'),(4636,0,'vi','plugins/translation/translation','choose_language','Chọn ngôn ngữ','2022-09-10 03:29:07','2022-09-10 03:29:48'),(4637,0,'vi','plugins/translation/translation','default_locale','Ngôn ngữ mặc định','2022-09-10 03:29:07','2022-09-10 03:29:48'),(4638,0,'vi','plugins/translation/translation','delete','Xóa','2022-09-10 03:29:07','2022-09-10 03:29:48'),(4639,0,'vi','plugins/translation/translation','edit','Sửa','2022-09-10 03:29:07','2022-09-10 03:29:48'),(4640,0,'vi','plugins/translation/translation','flag','Cờ','2022-09-10 03:29:07','2022-09-10 03:29:48'),(4641,0,'vi','plugins/translation/translation','locale','Ngôn ngữ','2022-09-10 03:29:07','2022-09-10 03:29:48'),(4642,0,'vi','plugins/translation/translation','locales','Ngôn ngữ','2022-09-10 03:29:07','2022-09-10 03:29:48'),(4643,0,'vi','plugins/translation/translation','name','Tên','2022-09-10 03:29:07','2022-09-10 03:29:48'),(4644,0,'vi','plugins/translation/translation','no_other_languages','Không còn ngôn ngữ nào khác để dịch!','2022-09-10 03:29:07','2022-09-10 03:29:48'),(4645,0,'vi','plugins/translation/translation','select_language','Lựa chọn ngôn ngữ','2022-09-10 03:29:07','2022-09-10 03:29:48'),(4646,0,'vi','plugins/translation/translation','theme-translations','Dịch giao diện','2022-09-10 03:29:07','2022-09-10 03:29:48'),(4647,0,'vi','plugins/translation/translation','to','sang','2022-09-10 03:29:07','2022-09-10 03:29:48'),(4648,0,'vi','plugins/translation/translation','translate_from','Dịch từ','2022-09-10 03:29:07','2022-09-10 03:29:48'),(4649,0,'vi','auth','failed','Không tìm thấy thông tin đăng nhập hợp lệ.','2022-09-10 03:29:07','2022-09-10 03:29:41'),(4650,0,'vi','auth','throttle','Đăng nhập không đúng quá nhiều lần. Vui lòng thử lại sau :seconds giây.','2022-09-10 03:29:07','2022-09-10 03:29:41'),(4651,0,'vi','auth','password','Mật khẩu không chính xác','2022-09-10 03:29:07','2022-09-10 03:29:41'),(4652,0,'vi','pagination','previous','&laquo; Trước','2022-09-10 03:29:07','2022-09-10 03:29:41'),(4653,0,'vi','pagination','next','Sau &raquo;','2022-09-10 03:29:07','2022-09-10 03:29:41'),(4654,0,'vi','passwords','reset','Mật khẩu đã được cập nhật!','2022-09-10 03:29:07','2022-09-10 03:29:41'),(4655,0,'vi','passwords','sent','Chúng tôi đã gửi cho bạn đường dẫn thay đổi mật khẩu!','2022-09-10 03:29:07','2022-09-10 03:29:41'),(4656,0,'vi','passwords','token','Mã xác nhận mật khẩu không hợp lệ.','2022-09-10 03:29:07','2022-09-10 03:29:41'),(4657,0,'vi','passwords','user','Không tìm thấy thành viên với địa chỉ email này.','2022-09-10 03:29:07','2022-09-10 03:29:41'),(4658,0,'vi','validation','accepted','Trường :attribute phải được chấp nhận.','2022-09-10 03:29:07','2022-09-10 03:29:42'),(4659,0,'vi','validation','active_url','Trường :attribute không phải là một URL hợp lệ.','2022-09-10 03:29:07','2022-09-10 03:29:42'),(4660,0,'vi','validation','after','Trường :attribute phải là một ngày sau ngày :date.','2022-09-10 03:29:07','2022-09-10 03:29:42'),(4661,0,'vi','validation','after_or_equal','Trường :attribute phải là thời gian bắt đầu sau hoặc đúng bằng :date.','2022-09-10 03:29:07','2022-09-10 03:29:42'),(4662,0,'vi','validation','alpha','Trường :attribute chỉ có thể chứa các chữ cái.','2022-09-10 03:29:07','2022-09-10 03:29:42'),(4663,0,'vi','validation','alpha_dash','Trường :attribute chỉ có thể chứa chữ cái, số và dấu gạch ngang.','2022-09-10 03:29:07','2022-09-10 03:29:42'),(4664,0,'vi','validation','alpha_num','Trường :attribute chỉ có thể chứa chữ cái và số.','2022-09-10 03:29:07','2022-09-10 03:29:42'),(4665,0,'vi','validation','array','Trường :attribute phải là dạng mảng.','2022-09-10 03:29:07','2022-09-10 03:29:42'),(4666,0,'vi','validation','before','Trường :attribute phải là một ngày trước ngày :date.','2022-09-10 03:29:07','2022-09-10 03:29:42'),(4667,0,'vi','validation','before_or_equal','Trường :attribute phải là thời gian bắt đầu trước hoặc đúng bằng :date.','2022-09-10 03:29:07','2022-09-10 03:29:42'),(4668,0,'vi','validation','between.array','Trường :attribute phải có từ :min - :max phần tử.','2022-09-10 03:29:07','2022-09-10 03:29:42'),(4669,0,'vi','validation','between.file','Dung lượng tập tin trong trường :attribute phải từ :min - :max kB.','2022-09-10 03:29:07','2022-09-10 03:29:42'),(4670,0,'vi','validation','between.numeric','Trường :attribute phải nằm trong khoảng :min - :max.','2022-09-10 03:29:07','2022-09-10 03:29:42'),(4671,0,'vi','validation','between.string','Trường :attribute phải từ :min - :max kí tự.','2022-09-10 03:29:07','2022-09-10 03:29:42'),(4672,0,'vi','validation','boolean','Trường :attribute phải là true hoặc false.','2022-09-10 03:29:07','2022-09-10 03:29:42'),(4673,0,'vi','validation','confirmed','Giá trị xác nhận trong trường :attribute không khớp.','2022-09-10 03:29:07','2022-09-10 03:29:42'),(4674,0,'vi','validation','date','Trường :attribute không phải là định dạng của ngày-tháng.','2022-09-10 03:29:07','2022-09-10 03:29:42'),(4675,0,'vi','validation','date_equals','Trường :attribute phải là một ngày bằng với :date.','2022-09-10 03:29:07','2022-09-10 03:29:42'),(4676,0,'vi','validation','date_format','Trường :attribute không giống với định dạng :format.','2022-09-10 03:29:07','2022-09-10 03:29:42'),(4677,0,'vi','validation','different','Trường :attribute và :other phải khác nhau.','2022-09-10 03:29:07','2022-09-10 03:29:42'),(4678,0,'vi','validation','digits','Độ dài của trường :attribute phải gồm :digits chữ số.','2022-09-10 03:29:07','2022-09-10 03:29:42'),(4679,0,'vi','validation','digits_between','Độ dài của trường :attribute phải nằm trong khoảng :min and :max chữ số.','2022-09-10 03:29:07','2022-09-10 03:29:42'),(4680,0,'vi','validation','dimensions','Trường :attribute có kích thước không hợp lệ.','2022-09-10 03:29:07','2022-09-10 03:29:42'),(4681,0,'vi','validation','distinct','Trường :attribute có giá trị trùng lặp.','2022-09-10 03:29:08','2022-09-10 03:29:42'),(4682,0,'vi','validation','email','Trường :attribute phải là một địa chỉ email hợp lệ.','2022-09-10 03:29:08','2022-09-10 03:29:42'),(4683,0,'vi','validation','ends_with','Trường :attribute phải kết thúc bằng một trong những giá trị sau: :values','2022-09-10 03:29:08','2022-09-10 03:29:42'),(4684,0,'vi','validation','exists','Giá trị đã chọn trong trường :attribute không hợp lệ.','2022-09-10 03:29:08','2022-09-10 03:29:42'),(4685,0,'vi','validation','file','Trường :attribute phải là một tệp tin.','2022-09-10 03:29:08','2022-09-10 03:29:42'),(4686,0,'vi','validation','filled','Trường :attribute không được bỏ trống.','2022-09-10 03:29:08','2022-09-10 03:29:42'),(4687,0,'vi','validation','gt.array','Mảng :attribute phải có nhiều hơn :value phần tử.','2022-09-10 03:29:08','2022-09-10 03:29:42'),(4688,0,'vi','validation','gt.file','Dung lượng trường :attribute phải lớn hơn :value kilobytes.','2022-09-10 03:29:08','2022-09-10 03:29:42'),(4689,0,'vi','validation','gt.numeric','Giá trị trường :attribute phải lớn hơn :value.','2022-09-10 03:29:08','2022-09-10 03:29:42'),(4690,0,'vi','validation','gt.string','Độ dài trường :attribute phải nhiều hơn :value kí tự.','2022-09-10 03:29:08','2022-09-10 03:29:42'),(4691,0,'vi','validation','gte.array','Mảng :attribute phải có ít nhất :value phần tử.','2022-09-10 03:29:08','2022-09-10 03:29:42'),(4692,0,'vi','validation','gte.file','Dung lượng trường :attribute phải lớn hơn hoặc bằng :value kilobytes.','2022-09-10 03:29:08','2022-09-10 03:29:42'),(4693,0,'vi','validation','gte.numeric','Giá trị trường :attribute phải lớn hơn hoặc bằng :value.','2022-09-10 03:29:08','2022-09-10 03:29:42'),(4694,0,'vi','validation','gte.string','Độ dài trường :attribute phải lớn hơn hoặc bằng :value kí tự.','2022-09-10 03:29:08','2022-09-10 03:29:42'),(4695,0,'vi','validation','image','Trường :attribute phải là định dạng hình ảnh.','2022-09-10 03:29:08','2022-09-10 03:29:42'),(4696,0,'vi','validation','in','Giá trị đã chọn trong trường :attribute không hợp lệ.','2022-09-10 03:29:08','2022-09-10 03:29:42'),(4697,0,'vi','validation','in_array','Trường :attribute phải thuộc tập cho phép: :other.','2022-09-10 03:29:08','2022-09-10 03:29:42'),(4698,0,'vi','validation','integer','Trường :attribute phải là một số nguyên.','2022-09-10 03:29:08','2022-09-10 03:29:42'),(4699,0,'vi','validation','ip','Trường :attribute phải là một địa chỉ IP.','2022-09-10 03:29:08','2022-09-10 03:29:42'),(4700,0,'vi','validation','ipv4','Trường :attribute phải là một địa chỉ IPv4.','2022-09-10 03:29:08','2022-09-10 03:29:42'),(4701,0,'vi','validation','ipv6','Trường :attribute phải là một địa chỉ IPv6.','2022-09-10 03:29:08','2022-09-10 03:29:42'),(4702,0,'vi','validation','json','Trường :attribute phải là một chuỗi JSON.','2022-09-10 03:29:08','2022-09-10 03:29:42'),(4703,0,'vi','validation','lt.array','Mảng :attribute phải có ít hơn :value phần tử.','2022-09-10 03:29:08','2022-09-10 03:29:42'),(4704,0,'vi','validation','lt.file','Dung lượng trường :attribute phải nhỏ hơn :value kilobytes.','2022-09-10 03:29:08','2022-09-10 03:29:42'),(4705,0,'vi','validation','lt.numeric','Giá trị trường :attribute phải nhỏ hơn :value.','2022-09-10 03:29:08','2022-09-10 03:29:42'),(4706,0,'vi','validation','lt.string','Độ dài trường :attribute phải nhỏ hơn :value kí tự.','2022-09-10 03:29:08','2022-09-10 03:29:42'),(4707,0,'vi','validation','lte.array','Mảng :attribute không được có nhiều hơn :value phần tử.','2022-09-10 03:29:08','2022-09-10 03:29:42'),(4708,0,'vi','validation','lte.file','Dung lượng trường :attribute phải nhỏ hơn hoặc bằng :value kilobytes.','2022-09-10 03:29:08','2022-09-10 03:29:42'),(4709,0,'vi','validation','lte.numeric','Giá trị trường :attribute phải nhỏ hơn hoặc bằng :value.','2022-09-10 03:29:08','2022-09-10 03:29:42'),(4710,0,'vi','validation','lte.string','Độ dài trường :attribute phải nhỏ hơn hoặc bằng :value kí tự.','2022-09-10 03:29:08','2022-09-10 03:29:42'),(4711,0,'vi','validation','max.array','Trường :attribute không được lớn hơn :max phần tử.','2022-09-10 03:29:08','2022-09-10 03:29:42'),(4712,0,'vi','validation','max.file','Dung lượng tập tin trong trường :attribute không được lớn hơn :max kB.','2022-09-10 03:29:08','2022-09-10 03:29:42'),(4713,0,'vi','validation','max.numeric','Trường :attribute không được lớn hơn :max.','2022-09-10 03:29:08','2022-09-10 03:29:42'),(4714,0,'vi','validation','max.string','Trường :attribute không được lớn hơn :max kí tự.','2022-09-10 03:29:08','2022-09-10 03:29:42'),(4715,0,'vi','validation','mimes','Trường :attribute phải là một tập tin có định dạng: :values.','2022-09-10 03:29:08','2022-09-10 03:29:42'),(4716,0,'vi','validation','mimetypes','Trường :attribute phải là một tập tin có định dạng: :values.','2022-09-10 03:29:08','2022-09-10 03:29:42'),(4717,0,'vi','validation','min.array','Trường :attribute phải có tối thiểu :min phần tử.','2022-09-10 03:29:08','2022-09-10 03:29:42'),(4718,0,'vi','validation','min.file','Dung lượng tập tin trong trường :attribute phải tối thiểu :min kB.','2022-09-10 03:29:08','2022-09-10 03:29:42'),(4719,0,'vi','validation','min.numeric','Trường :attribute phải tối thiểu là :min.','2022-09-10 03:29:08','2022-09-10 03:29:42'),(4720,0,'vi','validation','min.string','Trường :attribute phải có tối thiểu :min kí tự.','2022-09-10 03:29:08','2022-09-10 03:29:42'),(4721,0,'vi','validation','multiple_of','Trường :attribute phải là bội số của :value','2022-09-10 03:29:08','2022-09-10 03:29:42'),(4722,0,'vi','validation','not_in','Giá trị đã chọn trong trường :attribute không hợp lệ.','2022-09-10 03:29:08','2022-09-10 03:29:42'),(4723,0,'vi','validation','not_regex','Trường :attribute có định dạng không hợp lệ.','2022-09-10 03:29:08','2022-09-10 03:29:42'),(4724,0,'vi','validation','numeric','Trường :attribute phải là một số.','2022-09-10 03:29:08','2022-09-10 03:29:42'),(4726,0,'vi','validation','present','Trường :attribute phải được cung cấp.','2022-09-10 03:29:08','2022-09-10 03:29:42'),(4727,0,'vi','validation','prohibited','Trường :attribute bị cấm.','2022-09-10 03:29:08','2022-09-10 03:29:42'),(4728,0,'vi','validation','prohibited_if','Trường :attribute bị cấm khi :other là :value.','2022-09-10 03:29:08','2022-09-10 03:29:42'),(4729,0,'vi','validation','prohibited_unless','Trường :attribute bị cấm trừ khi :other là một trong :values.','2022-09-10 03:29:08','2022-09-10 03:29:42'),(4730,0,'vi','validation','regex','Trường :attribute có định dạng không hợp lệ.','2022-09-10 03:29:08','2022-09-10 03:29:42'),(4731,0,'vi','validation','required','Trường :attribute không được bỏ trống.','2022-09-10 03:29:08','2022-09-10 03:29:42'),(4732,0,'vi','validation','required_if','Trường :attribute không được bỏ trống khi trường :other là :value.','2022-09-10 03:29:08','2022-09-10 03:29:42'),(4733,0,'vi','validation','required_unless','Trường :attribute không được bỏ trống trừ khi :other là :values.','2022-09-10 03:29:08','2022-09-10 03:29:42'),(4734,0,'vi','validation','required_with','Trường :attribute không được bỏ trống khi một trong :values có giá trị.','2022-09-10 03:29:08','2022-09-10 03:29:42'),(4735,0,'vi','validation','required_with_all','Trường :attribute không được bỏ trống khi tất cả :values có giá trị.','2022-09-10 03:29:08','2022-09-10 03:29:42'),(4736,0,'vi','validation','required_without','Trường :attribute không được bỏ trống khi một trong :values không có giá trị.','2022-09-10 03:29:08','2022-09-10 03:29:42'),(4737,0,'vi','validation','required_without_all','Trường :attribute không được bỏ trống khi tất cả :values không có giá trị.','2022-09-10 03:29:08','2022-09-10 03:29:42'),(4738,0,'vi','validation','same','Trường :attribute và :other phải giống nhau.','2022-09-10 03:29:08','2022-09-10 03:29:42'),(4739,0,'vi','validation','size.array','Trường :attribute phải chứa :size phần tử.','2022-09-10 03:29:08','2022-09-10 03:29:42'),(4740,0,'vi','validation','size.file','Dung lượng tập tin trong trường :attribute phải bằng :size kB.','2022-09-10 03:29:08','2022-09-10 03:29:42'),(4741,0,'vi','validation','size.numeric','Trường :attribute phải bằng :size.','2022-09-10 03:29:08','2022-09-10 03:29:42'),(4742,0,'vi','validation','size.string','Trường :attribute phải chứa :size kí tự.','2022-09-10 03:29:08','2022-09-10 03:29:42'),(4743,0,'vi','validation','starts_with','Trường :attribute phải được bắt đầu bằng một trong những giá trị sau: :values','2022-09-10 03:29:08','2022-09-10 03:29:42'),(4744,0,'vi','validation','string','Trường :attribute phải là một chuỗi kí tự.','2022-09-10 03:29:08','2022-09-10 03:29:42'),(4745,0,'vi','validation','timezone','Trường :attribute phải là một múi giờ hợp lệ.','2022-09-10 03:29:08','2022-09-10 03:29:42'),(4746,0,'vi','validation','unique','Trường :attribute đã có trong cơ sở dữ liệu.','2022-09-10 03:29:08','2022-09-10 03:29:42'),(4747,0,'vi','validation','uploaded','Trường :attribute tải lên thất bại.','2022-09-10 03:29:08','2022-09-10 03:29:42'),(4748,0,'vi','validation','url','Trường :attribute không giống với định dạng một URL.','2022-09-10 03:29:08','2022-09-10 03:29:42'),(4749,0,'vi','validation','uuid','Trường :attribute phải là một chuỗi UUID hợp lệ.','2022-09-10 03:29:08','2022-09-10 03:29:42'),(4750,0,'vi','validation','custom.attribute-name.rule-name','custom-message','2022-09-10 03:29:08','2022-09-10 03:29:42');
/*!40000 ALTER TABLE `translations` ENABLE KEYS */;
UNLOCK TABLES;

--
-- Table structure for table `user_meta`
--

DROP TABLE IF EXISTS `user_meta`;
/*!40101 SET @saved_cs_client     = @@character_set_client */;
/*!50503 SET character_set_client = utf8mb4 */;
CREATE TABLE `user_meta` (
  `id` bigint unsigned NOT NULL AUTO_INCREMENT,
  `key` varchar(191) CHARACTER SET utf8mb4 COLLATE utf8mb4_unicode_ci DEFAULT NULL,
  `value` varchar(191) CHARACTER SET utf8mb4 COLLATE utf8mb4_unicode_ci DEFAULT NULL,
  `user_id` int unsigned NOT NULL,
  `created_at` timestamp NULL DEFAULT NULL,
  `updated_at` timestamp NULL DEFAULT NULL,
  PRIMARY KEY (`id`),
  KEY `user_meta_user_id_index` (`user_id`)
) ENGINE=InnoDB DEFAULT CHARSET=utf8mb4 COLLATE=utf8mb4_unicode_ci;
/*!40101 SET character_set_client = @saved_cs_client */;

--
-- Dumping data for table `user_meta`
--

LOCK TABLES `user_meta` WRITE;
/*!40000 ALTER TABLE `user_meta` DISABLE KEYS */;
/*!40000 ALTER TABLE `user_meta` ENABLE KEYS */;
UNLOCK TABLES;

--
-- Table structure for table `users`
--

DROP TABLE IF EXISTS `users`;
/*!40101 SET @saved_cs_client     = @@character_set_client */;
/*!50503 SET character_set_client = utf8mb4 */;
CREATE TABLE `users` (
  `id` bigint unsigned NOT NULL AUTO_INCREMENT,
  `email` varchar(191) CHARACTER SET utf8mb4 COLLATE utf8mb4_unicode_ci NOT NULL,
  `email_verified_at` timestamp NULL DEFAULT NULL,
  `password` varchar(191) CHARACTER SET utf8mb4 COLLATE utf8mb4_unicode_ci DEFAULT NULL,
  `remember_token` varchar(100) CHARACTER SET utf8mb4 COLLATE utf8mb4_unicode_ci DEFAULT NULL,
  `created_at` timestamp NULL DEFAULT NULL,
  `updated_at` timestamp NULL DEFAULT NULL,
  `first_name` varchar(191) CHARACTER SET utf8mb4 COLLATE utf8mb4_unicode_ci DEFAULT NULL,
  `last_name` varchar(191) CHARACTER SET utf8mb4 COLLATE utf8mb4_unicode_ci DEFAULT NULL,
  `username` varchar(60) CHARACTER SET utf8mb4 COLLATE utf8mb4_unicode_ci DEFAULT NULL,
  `avatar_id` int unsigned DEFAULT NULL,
  `super_user` tinyint(1) NOT NULL DEFAULT '0',
  `manage_supers` tinyint(1) NOT NULL DEFAULT '0',
  `permissions` text CHARACTER SET utf8mb4 COLLATE utf8mb4_unicode_ci,
  `last_login` timestamp NULL DEFAULT NULL,
  PRIMARY KEY (`id`),
  UNIQUE KEY `users_email_unique` (`email`),
  UNIQUE KEY `users_username_unique` (`username`)
) ENGINE=InnoDB AUTO_INCREMENT=2 DEFAULT CHARSET=utf8mb4 COLLATE=utf8mb4_unicode_ci;
/*!40101 SET character_set_client = @saved_cs_client */;

--
-- Dumping data for table `users`
--

LOCK TABLES `users` WRITE;
/*!40000 ALTER TABLE `users` DISABLE KEYS */;
INSERT INTO `users` VALUES (1,'admin@botble.com',NULL,'$2y$10$pQp5RsBkJTwusSCWqtY6uO/IZnVJDnh42vDdxS5fuNttzOYeGSKoa',NULL,'2022-08-25 18:53:04','2022-08-25 18:53:04','System','Admin','botble',NULL,1,1,NULL,NULL);
/*!40000 ALTER TABLE `users` ENABLE KEYS */;
UNLOCK TABLES;

--
-- Table structure for table `widgets`
--

DROP TABLE IF EXISTS `widgets`;
/*!40101 SET @saved_cs_client     = @@character_set_client */;
/*!50503 SET character_set_client = utf8mb4 */;
CREATE TABLE `widgets` (
  `id` bigint unsigned NOT NULL AUTO_INCREMENT,
  `widget_id` varchar(120) CHARACTER SET utf8mb4 COLLATE utf8mb4_unicode_ci NOT NULL,
  `sidebar_id` varchar(120) CHARACTER SET utf8mb4 COLLATE utf8mb4_unicode_ci NOT NULL,
  `theme` varchar(120) CHARACTER SET utf8mb4 COLLATE utf8mb4_unicode_ci NOT NULL,
  `position` tinyint unsigned NOT NULL DEFAULT '0',
  `data` text CHARACTER SET utf8mb4 COLLATE utf8mb4_unicode_ci,
  `created_at` timestamp NULL DEFAULT NULL,
  `updated_at` timestamp NULL DEFAULT NULL,
  PRIMARY KEY (`id`)
) ENGINE=InnoDB AUTO_INCREMENT=21 DEFAULT CHARSET=utf8mb4 COLLATE=utf8mb4_unicode_ci;
/*!40101 SET character_set_client = @saved_cs_client */;

--
-- Dumping data for table `widgets`
--

LOCK TABLES `widgets` WRITE;
/*!40000 ALTER TABLE `widgets` DISABLE KEYS */;
INSERT INTO `widgets` VALUES (1,'SiteInfoWidget','footer_sidebar','wowy',0,'{\"id\":\"SiteInfoWidget\",\"name\":\"Site information\"}','2022-08-25 18:53:08','2022-08-25 18:53:08'),(2,'CustomMenuWidget','footer_sidebar','wowy',1,'{\"id\":\"CustomMenuWidget\",\"name\":\"Categories\",\"menu_id\":\"product-categories\"}','2022-08-25 18:53:08','2022-08-25 18:53:08'),(3,'CustomMenuWidget','footer_sidebar','wowy',2,'{\"id\":\"CustomMenuWidget\",\"name\":\"Information\",\"menu_id\":\"information\"}','2022-08-25 18:53:08','2022-08-25 18:53:08'),(4,'BlogSearchWidget','primary_sidebar','wowy',0,'{\"id\":\"BlogSearchWidget\",\"name\":\"Search\"}','2022-08-25 18:53:08','2022-08-25 18:53:08'),(5,'BlogCategoriesWidget','primary_sidebar','wowy',1,'{\"id\":\"BlogCategoriesWidget\",\"name\":\"Categories\"}','2022-08-25 18:53:08','2022-08-25 18:53:08'),(6,'RecentPostsWidget','primary_sidebar','wowy',2,'{\"id\":\"RecentPostsWidget\",\"name\":\"Recent Posts\"}','2022-08-25 18:53:08','2022-08-25 18:53:08'),(7,'TagsWidget','primary_sidebar','wowy',4,'{\"id\":\"TagsWidget\",\"name\":\"Popular Tags\"}','2022-08-25 18:53:08','2022-08-25 18:53:08'),(8,'ProductCategoriesWidget','product_sidebar','wowy',1,'{\"id\":\"ProductCategoriesWidget\",\"name\":\"Categories\"}','2022-08-25 18:53:08','2022-08-25 18:53:08'),(9,'FeaturedProductsWidget','product_sidebar','wowy',2,'{\"id\":\"FeaturedProductsWidget\",\"name\":\"Featured Products\"}','2022-08-25 18:53:08','2022-08-25 18:53:08'),(10,'FeaturedBrandsWidget','product_sidebar','wowy',3,'{\"id\":\"FeaturedBrandsWidget\",\"name\":\"Manufacturers\"}','2022-08-25 18:53:08','2022-08-25 18:53:08'),(11,'SiteInfoWidget','footer_sidebar','wowy-vi',0,'{\"id\":\"SiteInfoWidget\",\"name\":\"V\\u1ec1 ch\\u00fang t\\u00f4i\"}','2022-08-25 18:53:08','2022-08-25 18:53:08'),(12,'CustomMenuWidget','footer_sidebar','wowy-vi',1,'{\"id\":\"CustomMenuWidget\",\"name\":\"Danh m\\u1ee5c s\\u1ea3n ph\\u1ea9m\",\"menu_id\":\"danh-muc-san-pham\"}','2022-08-25 18:53:08','2022-08-25 18:53:08'),(13,'CustomMenuWidget','footer_sidebar','wowy-vi',2,'{\"id\":\"CustomMenuWidget\",\"name\":\"Th\\u00f4ng tin\",\"menu_id\":\"thong-tin\"}','2022-08-25 18:53:08','2022-08-25 18:53:08'),(14,'BlogSearchWidget','primary_sidebar','wowy-vi',0,'{\"id\":\"BlogSearchWidget\",\"name\":\"T\\u00ecm ki\\u1ebfm\"}','2022-08-25 18:53:08','2022-08-25 18:53:08'),(15,'BlogCategoriesWidget','primary_sidebar','wowy-vi',1,'{\"id\":\"BlogCategoriesWidget\",\"name\":\"Danh m\\u1ee5c\"}','2022-08-25 18:53:08','2022-08-25 18:53:08'),(16,'RecentPostsWidget','primary_sidebar','wowy-vi',2,'{\"id\":\"RecentPostsWidget\",\"name\":\"B\\u00e0i vi\\u1ebft g\\u1ea7n \\u0111\\u00e2y\"}','2022-08-25 18:53:08','2022-08-25 18:53:08'),(17,'TagsWidget','primary_sidebar','wowy-vi',4,'{\"id\":\"TagsWidget\",\"name\":\"Tags ph\\u1ed5 bi\\u1ebfn\"}','2022-08-25 18:53:08','2022-08-25 18:53:08'),(18,'ProductCategoriesWidget','product_sidebar','wowy-vi',1,'{\"id\":\"ProductCategoriesWidget\",\"name\":\"Danh m\\u1ee5c s\\u1ea3n ph\\u1ea9m\"}','2022-08-25 18:53:08','2022-08-25 18:53:08'),(19,'FeaturedProductsWidget','product_sidebar','wowy-vi',2,'{\"id\":\"FeaturedProductsWidget\",\"name\":\"S\\u1ea3n ph\\u1ea9m n\\u1ed5i b\\u1eadt\"}','2022-08-25 18:53:08','2022-08-25 18:53:08'),(20,'FeaturedBrandsWidget','product_sidebar','wowy-vi',3,'{\"id\":\"FeaturedBrandsWidget\",\"name\":\"Nh\\u00e0 cung c\\u1ea5p\"}','2022-08-25 18:53:08','2022-08-25 18:53:08');
/*!40000 ALTER TABLE `widgets` ENABLE KEYS */;
UNLOCK TABLES;
/*!40103 SET TIME_ZONE=@OLD_TIME_ZONE */;

/*!40101 SET SQL_MODE=@OLD_SQL_MODE */;
/*!40014 SET FOREIGN_KEY_CHECKS=@OLD_FOREIGN_KEY_CHECKS */;
/*!40014 SET UNIQUE_CHECKS=@OLD_UNIQUE_CHECKS */;
/*!40101 SET CHARACTER_SET_CLIENT=@OLD_CHARACTER_SET_CLIENT */;
/*!40101 SET CHARACTER_SET_RESULTS=@OLD_CHARACTER_SET_RESULTS */;
/*!40101 SET COLLATION_CONNECTION=@OLD_COLLATION_CONNECTION */;
/*!40111 SET SQL_NOTES=@OLD_SQL_NOTES */;

-- Dump completed on 2022-09-10 17:29:53
